质点运动学	 example	196	(untitled)	一个质点从圆周上的某点出发，沿半圆运动到对径点。若圆半径为 \(R\)，则它的路程是 \( R\)，而位移的大小是 \(2R\)。
质点运动学	 example	294	(untitled)	一辆汽车从静止出发，以加速度 \(a=2m/s^2\) 做匀加速直线运动，求 \(5\) 秒后的速度和位移。
质点运动学	 example	329	(untitled)	平抛运动中，若初速度水平向右，大小为 \(v_0\)，忽略空气阻力，则 \[
质点运动学	 selfcheck	415	什么情况下 \(\Delta s\neq \abs{\Delta \vb*{r}}\)？为什么匀速圆周运动的速率不变，仍然有加速度？	
质点运动学	 exercise	421	(untitled)	已知质点作直线运动，其位置方程为 \(x=2+3t-t^2\)。 求 \(t=1s\) 时的速度和加速度。
质点运动学	 exercise	439	(untitled)	一个质点做半径为 \(R\) 的匀速圆周运动，周期为 \(T\)。求其速度大小和法向加速度大小。
质点动力学基础	 example	621	(untitled)	质量为 \(m\) 的小物块放在倾角为 \(\) 的光滑斜面上，求其加速度。
质点动力学基础	 selfcheck	660	普通静摩擦力一定等于 \(\mu N\) 吗？作用力和反作用力为什么不能互相抵消？	
质点动力学基础	 exercise	662	(untitled)	质量为 \(m\) 的物体在水平面上受水平恒力 \(F\) 作用，若水平面光滑，求其加速度。
质点动力学基础	 exercise	675	(untitled)	一个质量为 \(m\) 的物体静止在粗糙水平面上，受到大小为 \(f\) 的水平推力但仍静止。问静摩擦力大小是多少？
三大守恒定律	 example	795	(untitled)	质量为 \(m_1\) 的小球以速度 \(v_1\) 撞上原来静止的质量为 \(m_2\) 的小球，若碰后它们粘在一起运动，求共同速度。
三大守恒定律	 selfcheck	1052	什么时候优先看动量守恒，什么时候优先看机械能守恒？角动量守恒为什么能接到刚体转动？	
三大守恒定律	 exercise	1058	(untitled)	一质量为 \(m\) 的物体从高为 \(h\) 的位置由静止自由下落，忽略空气阻力，落到地面时速度多大？
三大守恒定律	 exercise	1078	(untitled)	若某系统在一段过程中所受合外力矩为零，则哪个物理量守恒？
刚体力学	 example	1307	(untitled)	质量为 \(m\)、半径为 \(R\) 的质点绕圆心转动，其转动惯量为 \(J=mR^2\)。
刚体力学	 example	1330	均匀细杆绕中心的转动惯量	求质量为 \(m\)、长度为 \(\) 的均匀细杆，绕通过中点且垂直于杆的轴的转动惯量。
刚体力学	 example	1377	细杆绕端点的转动惯量	质量为 \(m\)、长度为 \(\) 的均匀细杆，求它绕通过中点且垂直于杆的轴，以及绕一端且垂直于杆的轴的转动惯量。
刚体力学	 example	1404	细圆环与均匀圆盘	求质量为 \(m\)、半径为 \(R\) 的均匀细圆环，以及质量为 \(m\)、半径为 \(R\) 的均匀圆盘，绕通过中心且垂直盘面的轴的转动惯量。
刚体力学	 example	1431	薄球壳与均匀实心球	求质量为 \(m\)、半径为 \(R\) 的薄球壳，以及质量为 \(m\)、半径为 \(R\) 的均匀实心球，绕直径的转动惯量。
刚体力学	 example	1534	轻绳绕轮：怎样列出平动与转动方程	质量为 \(m\) 的重物由轻绳悬挂在半径为 \(R\)、转动惯量为 \(J\) 的轮边缘，绳不打滑，轮轴无摩擦。系统由静止释放，求重物加速度 \(a\)。
刚体力学	 example	1645	均匀细杆绕端点由水平下摆	质量为 \(m\)、长度为 \(\) 的均匀细杆，可绕一端转动。细杆从水平位置由静止释放。设转过的角度为 \(\)（即细杆相对初始水平线下摆了 \(\)），求该位置的角速度 \(\) 和角加速度 \(\)。
刚体力学	 example	1691	重物带动圆盘转动	质量为 \(m_0\)、半径为 \(R\) 的均匀圆盘可绕中心自由转动，一条轻绳绕在圆盘边缘，一端悬挂质量为 \(m\) 的重物。若系统由静止开始运动，当重物下降高度 \(h\) 时，速度为多大？
刚体力学	 example	1722	小球撞杆：为什么一定要分两阶段	质量为 \(m\) 的小球以速度 \(v\) 垂直击中一根质量为 \(m_r\)、长度为 \(\) 的细杆末端。细杆可绕另一端转动，碰后小球粘在杆上。写出碰撞后瞬间角速度 \(_0\) 与随后最大摆角 \(_\) 满足的方程。
刚体力学	 example	1820	(untitled)	一个质量 \(m=0.5kg\) 的陀螺，转动惯量 \(J=2.0e-3kg.m^2\)，质心到支点距离 \(r=4cm\)，自转角速度 \(=100rad/s\)。求进动角速度和进动周期。
刚体力学	 selfcheck	1882	为什么同样质量离转轴越远，刚体越难“转起来”？为什么 \(M=J\alpha\) 只是 \(M=\dv{L}{t}\) 的特例？为什么碰撞题往往必须分成“碰撞瞬间”和“碰后转动”两阶段？为什么陀螺常常先发生进动，而不是立刻倒下？	
刚体力学	 exercise	1891	(untitled)	一圆盘绕固定轴转动，若所受合外力矩为常量 \(M\)，转动惯量为 \(J\)，求角加速度。
刚体力学	 exercise	1908	(untitled)	质量为 \(m\)、长度为 \(\) 的均匀细杆，求它绕中心且垂直于杆的轴，以及绕一端且垂直于杆的轴的转动惯量。
刚体力学	 exercise	1931	(untitled)	若外力矩可以忽略，花样滑冰运动员把转动惯量从 \(J_1\) 缩小到 \(J_2\)，角速度会怎样变化？
机械振动	 example	2091	用平衡位置证明竖直弹簧振子作简谐振动	一轻弹簧上端固定，下端挂一重物。静止时弹簧伸长 \(l=9.8\ cm\)。现给物体一个向下的瞬时冲击，使它在 \(t=0\) 时通过平衡位置并具有向下速度 \(v_0=1\ m/s\)。证明物体作简谐振动，并写出振动方程。
机械振动	 example	2208	由位置和速度确定初相	某简谐振动的振幅为 \(A\)，角频率为 \(\)。已知 \(t=0\) 时 \(x_0=A/2\)，且质点正沿负方向运动。求初相 \(_0\)。
机械振动	 example	2387	由位移判断能量分配	某弹簧振子振幅为 \(A\)。当质点位于 \(x=A/2\) 处时，求动能和势能各占总机械能的多少。
机械振动	 example	2458	如何快速判断合振幅	若两振动振幅相同，均为 \(A\)，且相位差为 \(\)，求合振幅。
机械振动	 example	2538	拍频听起来在说什么	若两音叉频率分别为 \(256\ Hz\) 和 \(258\ Hz\)，那么你每秒会听到多少次明显的强弱变化？
机械振动	 example	2662	(untitled)	一个弹簧振子，\(m=0.2kg\)，\(k=50N/m\)，阻尼系数 \(=0.4kg/s\)。求：(1) 固有角频率；(2) 阻尼振动角频率；(3) 振幅衰减到初始值 \(1/e\) 所需时间。
机械振动	 example	2741	共振为什么既有利又有风险	秋千越荡越高，是因为人在合适节奏下持续给系统输入能量，属于共振的利用；桥梁、机器若在固有频率附近被长期驱动，振幅可能过大，则属于共振风险。
机械振动	 example	2749	(untitled)	一根弹簧振子，固有频率 \(f_0=5Hz\)，阻尼系数 \(=2s^-1\)，驱动力振幅 \(F_0=0.1N\)，质量 \(m=0.05kg\)。求共振时稳态振幅。
机械振动	 selfcheck	2778	为什么周期振动不一定是简谐振动？单摆、复摆和扭摆分别是靠什么回复作用回到平衡位置的？拍频和振动本身的频率为什么不是一回事？	
机械振动	 exercise	2780	(untitled)	一简谐振动满足 \(x=A( t)\)。求其最大速度和最大加速度。
机械振动	 exercise	2791	(untitled)	若某振动满足 \([2]xt+25x=0\)， 说明它为什么是简谐振动，并求其角频率和周期。
机械振动	 exercise	2807	(untitled)	两个同方向、同频率的简谐振动振幅都为 \(A\)，相位差为 \(/3\)。求合振幅。
机械波	 example	3287	振幅加倍时能流密度怎样变	若同一介质中两列简谐波的波速和频率都相同，但第二列波的振幅是第一列的 2 倍，求两列波平均能流密度之比。
机械波	 example	3571	多普勒题先别急着套总公式	救护车警报声的多普勒题，最稳的做法不是一上来记正负号，而是先回答两句：是谁在运动？是在靠近还是远离？只要这两步不乱，分子分母的符号通常就不会错。
机械波	 selfcheck	3590	为什么横波不能在液体和气体中稳定传播？为什么任一体积元的机械能不守恒？固定端反射为什么对应半波损失？简正模式为什么本质上是边界条件筛选出的允许驻波？	
机械波	 exercise	3593	(untitled)	已知一列波的波长为 \(=4m\)，频率为 \(f=5Hz\)，求波速。
机械波	 exercise	3605	(untitled)	在同一均匀介质中，两点的波程差为 \(=/2\)。判断这两点的相位关系。
机械波	 exercise	3619	(untitled)	一根长为 \(l\) 的弦两端固定，波速为 \(u\)。求其第 \(n\) 阶简正模式的波长和频率。
光的干涉	 example	4052	双缝条纹间距	波长为 \(600nm\) 的单色光照射双缝，双缝间距为 \(0.20mm\)，双缝到屏的距离为 \(2.0m\)。求相邻明纹间距。
光的干涉	 example	4233	四分之一波长增透膜的最小厚度	若某一薄膜用于目标波长 \(\) 的增透设计，并满足常见的一次半波损失条件，求其最小厚度。
光的干涉	 example	4362	牛顿环测曲率半径	在牛顿环实验中，已知单色光波长为 \(\)，测得第 \(k\) 个暗环半径为 \(r_k\)，第 \(k+m\) 个暗环半径为 \(r_k+m\)。求平凸透镜的曲率半径 \(R\)。
光的干涉	 selfcheck	4430	为什么杨氏双缝能支持光的波动性？为什么普通光源天然不相干？为什么插入介质片后条纹会整体平移但间距不变？为什么薄膜题必须额外判断半波损失？为什么牛顿环在反射观察时中心通常是暗的？为什么迈克耳孙干涉仪适合测微小位移？	
光的衍射	 example	4694	人眼分辨两盏车灯的最远距离	设两盏车灯相距 \( y=1.5m\)，人眼瞳孔直径约为 \(D=4mm\)，取最敏感黄绿光波长 \(=555nm\)。问人眼最远在多大距离 \(L\) 处还能恰好分辨这两盏灯？
光的衍射	 example	4807	缺级判断	若光栅常数 \(d=2a\)，问哪些级次的主极大会缺级？
光的衍射	 selfcheck	4850	看到“中央明纹最宽”“分辨率极限”“缺级”这三类提示时，你分别应该先想到哪一个模型？瑞利判据到底在说明什么物理限制？	
光的偏振	 example	5045	两片偏振片	自然光依次通过两片偏振片后，若最后的透射光强为入射光强的 \(1/8\)，求两片偏振片偏振化方向的夹角。
光的偏振	 selfcheck	5157	自然光过第一片偏振片后为什么会减半？马吕斯定律里的 \(I_0\) 指的是最初自然光光强，还是进入检偏器前的偏振光光强？	
气体动理论	 example	5280	怎样从公式读出压强大小规律	若分子数密度 \(N/V\) 不变，而分子的方均速率变大，则 \(v^2\) 变大，压强也随之增大；若温度不变而把同样多的分子压缩进更小体积，则 \(N/V\) 变大，压强同样增大。
气体动理论	 example	5368	怎样快速判断三种统计速率的变化	若同一种气体的热力学温度由 \(T\) 升高到 \(4T\)，则 \(v_p, v,v_rms\) 都会变为原来的 \(2\) 倍，因为它们都和 \(T\) 成正比。
气体动理论	 example	5456	单原子和双原子理想气体的内能为什么不同	若都是 \(1\) mol 理想气体、温度同为 \(T\)，则 \[ U_单原子=32RT, U_刚性双原子=52RT. \] 两者温度相同，却有不同内能，不是因为“分子运动强弱不同”，而是因为可参与分配能量的自由度数目不同。
气体动理论	 selfcheck	5482	为什么压强公式里出现的是 \(\overline{v^2}\) 而不是 \(\bar v^{\,2}\)？为什么总有 \(v_p<\bar v<v_{\mathrm{rms}}\)？为什么 \(\frac32 kT\) 只是平均平动动能，而理想气体分子的平均总能量要写成 \(\frac{i}{2}kT\)？	
热力学第一定律	 example	5612	多方关系下的准静态体积功	设理想气体由状态 \((p_1,V_1)\) 准静态变化到状态 \((p_2,V_2)\)，并满足 \[ pV^n=C. \] 求系统对外所做的功。
热力学第一定律	 example	5665	同一初末态下怎样分清谁与路径有关	课件型问题：系统沿过程曲线 \(abc\) 由状态 \(a\) 变到状态 \(c\) 时，共吸收热量 \(500J\)；沿过程曲线 \(cda\) 回到状态 \(a\) 时，系统向外放热 \(300J\)，且外界对系统做功 \(200J\)。求系统在 \(abc\) 过程中内能的增加量以及系统对外所做的功。
热力学第一定律	 example	5867	等温压缩与绝热压缩的比较	把同一份理想气体从体积 \(V_1\) 压缩到 \(V_2\)（其中 \(V_2<V_1\)），比较等温压缩与绝热压缩时外界所做功的大小。
热力学第一定律	 example	6018	电冰箱的输入功怎样由致冷系数反推	一台电冰箱放在室温为 \(20\) 的房间里，冰箱储藏柜温度维持在 \(5\)。若每天有 \(2.010^7\) J 的热量自房间传入冰箱内，且该冰箱的制冷系数是同温区间卡诺致冷机制冷系数的 \(55\%\)，求外界每天需对冰箱做多少功。
热力学第一定律	 selfcheck	6065	为什么只有当宏观变化时间远大于弛豫时间时，准静态近似才可靠？为什么 \(\delta Q=dU+p\,\dd V\) 里只有 \(U\) 是状态量？为什么绝热线比等温线更陡？为什么绝热自由膨胀不能套绝热方程？为什么逆循环必须改用输入功大小来定义致冷系数？	
热力学第二定律	 example	6289	等压升温的熵变	1 mol 单原子理想气体在恒压下从 \(300K\) 加热到 \(400K\)。求该气体的熵变。
热力学第二定律	 example	6327	绝热自由膨胀的熵变	理想气体向真空中绝热自由膨胀，判断其熵变的符号。
热力学第二定律	 example	6422	熵变计算综合：有限温差传热 + 混合	两杯水，质量均为 \(m=1kg\)，比热容 \(c=4200J/(kg.K)\)。一杯初温 \(T_1=360K\)，另一杯 \(T_2=300K\)。在绝热容器中混合达到热平衡后，求系统总熵变。
热力学第二定律	 selfcheck	6445	可逆过程和不可逆过程的熵变有什么区别？热传导为什么会让总熵增加？	
大学物理一总复习	 exercise	6621	光学复习的第一步	面对一道波动光学题时，第一步最应该先判断什么？
大学物理一总复习	 selfcheck	6749	遇到综合题时，你会先怎样重述题意、选模型并写出第一条方程？如果题目同时涉及运动、波和热，哪一个控制量会决定主线？	
真空中的静电场	 example	6833	(untitled)	两点电荷 \(q_1=2 C\)、\(q_2=-3 C\)，相距 \(0.20m\)。求它们相互作用力的大小。
真空中的静电场	 example	7058	三点电荷合力的矢量叠加	设 \(q_2=5.0\, C\) 位于坐标原点，\(q_3=6.5\, C\) 位于 \((0,0.30\,m)\)，\(q_1=-8.6\, C\) 位于 \((0.52\,m,0)\)。已知 \(q_1\) 与 \(q_3\) 的距离为 \(0.60\,m\)。求作用在 \(q_3\) 上的合力大小与方向。
真空中的静电场	 example	7112	氢原子中库仑力与万有引力的量级比较	在氢原子中，电子与质子的平均距离约为 \(r=5.3 10^-11\,m\)。估算它们之间的库仑引力和万有引力，并比较二者大小。
真空中的静电场	 example	7138	电偶极子中垂线上的场强	等量异号点电荷 \(-q\) 与 \(+q\) 相距 \(l\)，构成电偶极子。求其中点中垂线上、离中点距离为 \(r\) 处的电场强度。
真空中的静电场	 example	7164	均匀带电细棒中垂线上的场强	一根长为 \(2l\)、总电荷为 \(q\) 的均匀带电细棒，求其中点中垂线上、离棒距离为 \(r\) 的点 \(P\) 处的场强大小。
真空中的静电场	 example	7198	有限长均匀带电直线在旁侧一点的场强	一段长度为 \(L\)、线电荷密度为 \(\) 的均匀带电直线，在其旁侧一点 \(P\) 处到直线的垂直距离为 \(a\)。若从 \(P\) 向两端看去，与垂线分别成角 \(_1,_2\)，求 \(P\) 点场强。
真空中的静电场	 example	7230	均匀带电圆环轴线上的场强	半径为 \(R\)、总电荷为 \(q\) 的均匀带电圆环，求其轴线上距圆心 \(x\) 处的电场强度。
真空中的静电场	 example	7260	均匀带电圆盘轴线上的场强	半径为 \(R\)、面电荷密度为 \(\) 的均匀带电薄圆盘，求其轴线上距盘心 \(x\) 处的电场强度。
真空中的静电场	 example	7291	匀强电场中三棱柱的电通量	一个封闭三棱柱体放在匀强电场 \(E=200\,i\,N/C\) 中。求通过整个三棱柱闭合面的电通量。
真空中的静电场	 example	7307	均匀带电球壳的场强分布	半径为 \(R\)、总电荷为 \(Q\) 的均匀带电薄球壳，求壳内外任意点的场强。
真空中的静电场	 example	7341	均匀带电实心球的场强分布	半径为 \(R\)、总电荷为 \(q\) 的均匀带电实心球，求球内外场强分布。
真空中的静电场	 example	7382	无限长均匀带电直线的场强	无限长均匀带电直线的线电荷密度为 \(\)。求距该直线 \(r\) 处的电场强度。
真空中的静电场	 example	7408	无限大均匀带电平面的场强	无限大均匀带电平面的面电荷密度为 \(\)。求其两侧电场强度。
真空中的静电场	 example	7434	均匀带电圆环轴线上的电势	半径为 \(R\)、总电荷为 \(q\) 的均匀带电圆环，求其轴线上距圆心 \(x\) 处的电势。
真空中的静电场	 example	7458	均匀带电圆盘轴线上的电势	半径为 \(R\)、面电荷密度为 \(\) 的均匀带电圆盘，求其轴线上距盘心 \(x\) 处的电势，取无穷远处电势为零。
真空中的静电场	 example	7487	均匀带电球壳的电势与电势差	真空中有一半径为 \(R\)、总电荷为 \(Q\) 的均匀带电球壳。求：
真空中的静电场	 example	7525	用叠加法重算带电球壳球心电势	电量为 \(Q\)、半径为 \(R\) 的均匀带电球壳，其球心电势是多少？要求直接用电势叠加法求解。
真空中的静电场	 example	7543	由电势反推圆环轴线上的场强	已知均匀带电圆环轴线上电势为 \[ V(x)=14_0qR^2+x^2, \] 求轴线上场强。
真空中的静电场	 selfcheck	7612	为什么高斯定理总成立，但并不总是适合直接求电场？为什么电势更像“高度函数”，而电场更像“斜率”？为什么通量为零不代表曲面上处处没有电场？	
静电场中的物质与电容	 example	7928	相连金属球的表面电荷密度比	两个相距足够远的金属球半径分别为 \(R_1\) 与 \(R_2\)，周围没有其他带电体。现用细导线把它们相连，达到静电平衡后，求两球表面电荷面密度之比 \(_1/_2\)。
静电场中的物质与电容	 example	7971	平行板间插入电介质后 \(E,P,\sigma',D\) 的连锁关系	把一块相对介电常数为 \(_r=3\) 的均匀电介质放入板距 \(d=1.0mm\) 的平行带电平板之间。放入之前两板间电势差为 \(U=1000V\)。求介质内的场强 \(E\)、极化强度 \(P\)、极化电荷面密度 \('\) 以及电位移 \(D\)。
静电场中的物质与电容	 example	8019	插入金属板后电容与做功怎样变化	空气平行板电容器极板面积为 \(S\)、板距为 \(d\)。现从中间插入一块不接触极板、厚度为 \(t\) 的金属板。求：
静电场中的物质与电容	 example	8068	同心金属球与金属球壳的电荷分布和电势	半径为 \(R_1\) 的金属球与内、外半径分别为 \(R_2,R_3\) 的同心金属球壳组成一套同心导体系统。内球和球壳各自带电 \(+q\)。求：
静电场中的物质与电容	 example	8101	接地导体球附近点电荷诱导出的总电荷	半径为 \(R\) 的导体球接地。球外有一点电荷 \(+q\)，其到球心距离为 \(r\)（\(r>R\)）。求导体球上的感应电荷总量。
静电场中的物质与电容	 example	8131	不接地中性导体球附近点电荷的感应电势	半径为 \(R\) 的中性导体球，球外有一点电荷 \(+q\)，它到球心距离为 \(r\)。设球内一点 \(P\) 在连心线上，距球心为 \(l\)。求：
静电场中的物质与电容	 example	8164	两块已知总电荷的大平板各表面电荷密度	两块面积均为 \(S\) 的平行导体平板，相距远小于平板线度。它们的总电荷分别为 \(q_1,q_2\)。求四个表面的电荷面密度 \(_1,_2,_3,_4\)。
静电场中的物质与电容	 example	8192	均匀极化介质球的束缚电荷分布	已知一均匀极化介质球内部极化强度为常矢量 \(P\)。求球面上的束缚电荷分布。
静电场中的物质与电容	 example	8208	浸在均匀电介质中的带电金属球	半径为 \(R\) 的金属球带电 \(q\)，浸在相对介电常数为 \(_r\) 的均匀无限大电介质中。求：
静电场中的物质与电容	 example	8256	同轴导体间充满电介质时的 \(E,D,P,\sigma'\)	半径为 \(R_1\) 的长直圆柱导体与半径为 \(R_2\) 的同轴薄导体圆筒之间充满相对介电常数为 \(_r\) 的均匀电介质。设内外导体单位长度上的自由电荷分别为 \(+\) 与 \(-\)。求：
静电场中的物质与电容	 example	8300	球形孤立导体的电容	半径为 \(R\) 的孤立导体球，求其电容。
静电场中的物质与电容	 example	8320	两根平行长直导线的单位长度电容	两根半径同为 \(R\)、中心距为 \(d\)（且 \(d R\)）的平行长直导线，单位长度上分别带 \(+\) 和 \(-\) 电荷。求该结构的单位长度电容。
静电场中的物质与电容	 example	8345	沿场方向分层的平行板电容器	一平行板电容器两板间填有两层厚度分别为 \(d_1,d_2\) 的介质，相对介电常数分别为 \(_r1,_r2\)，极板面积为 \(S\)。求电容。
静电场中的物质与电容	 example	8373	并排充入两种介质的平行板电容器	一平行板电容器中并排充入两种介质，每种介质各占一半面积，板距均为 \(d\)，相对介电常数分别为 \(_r1,_r2\)，总面积为 \(S\)。求电容。
静电场中的物质与电容	 example	8394	均匀带电实心球的静电场能	真空中一半径为 \(R\)、总电荷为 \(Q\) 的均匀带电实心球，求其静电场能。
静电场中的物质与电容	 example	8424	球形电容器的场能	球形电容器内、外半径分别为 \(R_1,R_2\)，两极板带 \( Q\) 电荷，间隙中充满介电常数为 \(\) 的均匀介质。求其储存的电场能量。
静电场中的物质与电容	 example	8454	电容器接着电源时拉大板距的外力做功	一空气平行板电容器电容为 \(C\)，与电压为 \(U\) 的电源保持连接。若把极板间距增大到原来的 \(n\) 倍，求外力所做的功。
静电场中的物质与电容	 selfcheck	8521	为什么导体表面电场只能沿法向？为什么电介质会削弱原外场？为什么同一个平行板电容器接着电源和断开电源时，插入电介质后的结论不一样？为什么说电容器储存的其实是场能而不是“电荷本身的堆积”？	
稳恒电流与静磁场基础	 example	8747	径向导电圆筒的总电流	一金属圆筒内、外半径分别为 \(R_1\) 与 \(R_2\)，长度为 \(l\)，电阻率为 \(\)。若筒内缘电势高于筒外缘，二者电势差为 \(U\)，求圆筒中沿半径方向的稳恒电流 \(I\)。
稳恒电流与静磁场基础	 example	8779	无限长均匀载流圆柱体的磁场分布	半径为 \(R\) 的无限长圆柱导体中均匀通有总电流 \(I\)。求距轴线 \(r\) 处的磁感应强度 \(B(r)\)。
稳恒电流与静磁场基础	 example	8822	电流元在不同方位点产生的磁场方向与大小	把一个电流元 \(I\,dl\) 看成位于圆心，考察同一圆周上不同方位点的磁场微元 \(dB\)。哪些点 \(dB=0\)？哪些点最大？
稳恒电流与静磁场基础	 example	8852	有限长直导线的磁场	一段有限长直导线中通电流 \(I\)。设场点 \(P\) 到导线的垂直距离为 \(d\)，导线两端相对垂线张角分别为 \(_1,_2\)。求 \(P\) 点磁感应强度。
稳恒电流与静磁场基础	 example	8878	圆形电流环轴线上的磁场	半径为 \(R\)、电流为 \(I\) 的圆形电流环，求其轴线上距圆心 \(x\) 处的磁感应强度。
稳恒电流与静磁场基础	 example	8908	有限长螺线管轴线上的磁场	一长为 \(l\)、半径为 \(R\)、总匝数为 \(N\) 的密绕螺线管通电流 \(I\)。求其轴线上任一点磁感应强度。
稳恒电流与静磁场基础	 example	8930	旋转带电圆盘中心的磁场	半径为 \(R\)、面电荷密度为 \(\) 的带电薄圆盘，以角速度 \(\) 绕盘轴匀速转动。求圆盘中心的磁感应强度。
稳恒电流与静磁场基础	 example	8962	长直导线穿过矩形面积的磁通量	一根无限长直导线中通有电流 \(I\)。在其旁边放置一长为 \(l\) 的矩形面，矩形的近边和远边距导线分别为 \(d_1,d_2\)。求通过该矩形面的磁通量。
稳恒电流与静磁场基础	 example	8993	无限长载流圆柱面的磁场	半径为 \(R\) 的无限长薄圆柱面上均匀分布总电流 \(I\)。求内外磁场分布。
稳恒电流与静磁场基础	 example	9025	长直密绕螺线管的磁场	单位长度匝数为 \(n\) 的长直密绕螺线管通有电流 \(I\)。求其内外磁场。
稳恒电流与静磁场基础	 example	9043	环形螺线管中的磁场	环形螺线管共有 \(N\) 匝，通电流 \(I\)。求距环心轴距离为 \(r\) 处的磁感应强度。
稳恒电流与静磁场基础	 example	9061	无限大均匀平面电流的磁场	无限大平面上均匀分布面电流，其面电流密度大小为 \(i\)。求平面两侧磁场。
稳恒电流与静磁场基础	 selfcheck	9103	为什么稳恒电流不等于电子静止？什么时候该优先用毕奥-萨伐尔定律，什么时候该优先用安培环路定理？为什么磁场高斯定理为零不意味着“没有磁场”？	
磁场力与载流导体/线圈	 example	9367	任意平面载流导线在匀强磁场中的总受力	在 \(xy\) 平面内，一段任意形状的平滑导线从 \(O(0,0)\) 延伸到 \(P(L,0)\)，导线中通有电流 \(I\)。空间存在垂直纸面向里的匀强磁场 \(B=-Bk\)。求整段导线所受总磁场力。
磁场力与载流导体/线圈	 example	9408	圆形线圈在匀强磁场中的力矩与做功	半径为 \(R\) 的单匝圆形线圈中通有电流 \(I\)。将它放入匀强磁场中，且初始时磁场方向与线圈平面平行。求：
磁场力与载流导体/线圈	 example	9449	长直载流导线在匀强磁场中的受力	一段长为 \(L\) 的直导线中通有电流 \(I\)，置于匀强磁场 \(B\) 中。若导线方向与磁场夹角为 \(\)，求导线所受安培力。
磁场力与载流导体/线圈	 example	9470	有限长直导线受无限长直导线的磁场力	一根无限长直导线中通有电流 \(I_1\)。与它共面地放置一根长为 \(L\) 的直导线，电流为 \(I_2\)。设该导线近端到长直导线的距离为 \(r\)，并与过近端的垂线夹角为 \(\)。求这根有限导线所受磁场力大小。
磁场力与载流导体/线圈	 example	9504	半圆形载流导线在匀强磁场中的受力	半径为 \(R\) 的半圆形导线位于纸面内，电流沿圆弧从左端流向右端，空间有垂直纸面向里的匀强磁场 \(B\)。求该半圆弧所受总安培力。
磁场力与载流导体/线圈	 example	9522	圆形线圈在指定坐标系中的磁力矩方向	一半径为 \(R\) 的可转动圆形线圈中通有电流 \(I\)，线圈法向沿 \(+z\) 方向，匀强磁场 \(B=Bi\)。求线圈所受磁力矩。
磁场力与载流导体/线圈	 example	9544	圆电流与共面长直导线间的安培力	一根无限长直导线与半径为 \(R\)、电流为 \(I\) 的圆电流共面放置，并沿圆的一条直径方向通过。长直导线电流为 \(I_0\)。求：
磁场力与载流导体/线圈	 selfcheck	9598	为什么匀强磁场能让粒子做圆周或螺旋运动，却不直接改动能？为什么回旋加速器里真正负责增加动能的是电场而不是磁场？为什么霍耳电压的符号能判断载流子类型？遇到电子在磁场中偏转的题，为什么一定要先画方向图？	
磁介质	 example	9730	\(H\) 与 \(B\) 的分段分工	一半径为 \(R_1\) 的无限长圆柱导线外包一层外半径为 \(R_2\)、相对磁导率为 \(_r\) 的均匀磁介质圆筒。导线中通有电流 \(I\)，且电流在导线截面上均匀分布。求各区域中的磁场强度 \(H(r)\) 与磁感应强度 \(B(r)\)。
磁介质	 example	9790	充满磁介质的长直螺线管	一长直密绕螺线管内充满相对磁导率为 \(_r\) 的均匀磁介质，单位长度匝数为 \(n\)，通有电流 \(I\)。求管内磁感应强度。
磁介质	 example	9814	两同轴反向电流圆筒间的磁场	有两个半径分别为 \(R_1,R_2\) 的无限长同轴圆筒形导体，之间充满相对磁导率为 \(_r\) 的均匀磁介质。两圆筒中通有大小相等、方向相反的电流 \(I\)。求各区域磁感应强度。
磁介质	 selfcheck	9891	为什么介质题里要把 \(\vb*{B}\)、\(\vb*{H}\)、\(\vb*{M}\) 分开？为什么铁磁质不能简单看成“\(\mu\) 很大的线性介质”？为什么介质中的安培环路定理更适合写成关于 \(\vb*{H}\) 的形式？	
电磁感应	 example	9982	(untitled)	设半径为 \(R\) 的长螺线管内部磁场 \(B(t)\) 近似均匀，管外磁场近似忽略。若取与轴同心、半径为 \(r\) 的圆形回路，则感生电场沿环向分布，并满足
电磁感应	 example	10053	滑动导杆的感应电动势	矩形闭合导体回路的一边 \(ab\) 长为 \(l\)，可在导轨上无摩擦滑动。整个回路处在垂直于回路平面、大小为 \(B\) 的匀强磁场中。若导杆 \(ab\) 以恒定速度 \(v\) 向右滑动，求回路中的感应电动势。
电磁感应	 example	10078	时变长直电流在线圈中激发的感应电动势	一根无限长直导线中通有电流 \[ i(t)=I_0 t. \] 导线旁有一个与之共面的矩形线圈，线圈靠近导线的一边距导线为 \(r\)，沿径向宽度为 \(l_1\)，沿导线方向长度为 \(l_2\)。求线圈中的感应电动势。
电磁感应	 example	10118	运动矩形线框在长直电流磁场中的感应电动势	一矩形导体线框与一根无限长直导线共面。线框沿垂直于长直导线的方向平移，靠近导线一边到导线的距离为 \(l\)，线框宽为 \(a\)、高为 \(b\)，平移速度为 \(v\)。长直导线中电流恒为 \(I\)。求线框中的感应电动势。
电磁感应	 example	10147	转动导体棒两端的动生电动势	一根长为 \(L\) 的导体棒在垂直于磁场 \(B\) 的平面内绕一端以角速度 \(\) 匀速转动。求棒两端之间的动生电动势大小。
电磁感应	 example	10174	长直导线旁移动金属棒的动生电动势	一根长直导线中通恒定电流 \(I\)。一根长度为 \(l\) 的金属棒与导线垂直、并与导线共面，近端到导线距离为 \(a\)。若金属棒以速度 \(v\) 平行于长直导线匀速运动，求棒两端的动生电动势。
电磁感应	 example	10203	磁场中的导体棒为何会指数减速	一根长为 \(l\)、质量为 \(m\) 的导体棒在匀强磁场 \(B\) 中沿导轨运动，并与总电阻为 \(R\) 的回路相连。若初速度为 \(v_0\)，求它的速度随时间的变化规律。
电磁感应	 example	10237	折线导线的动生电动势为何等于两端弦线	一根形状任意的刚性导线 \(abc\) 在匀强磁场中整体平移。说明其动生电动势为什么只取决于端点，等于连接两端的直导线 \(ac\) 的动生电动势。
电磁感应	 example	10261	长直螺线管的自感系数	一长为 \(l\)、截面积为 \(S\)、总匝数为 \(N\) 的长直密绕螺线管，内部充满磁导率为 \(\) 的均匀介质。求其自感系数。
电磁感应	 example	10291	同轴圆筒导体回路的自感系数	两根无限长同轴圆筒导体半径分别为 \(R_1,R_2\)，中间充满磁导率为 \(\) 的均匀介质，电流大小相等、方向相反。求长度为 \(l\) 的这一段结构的自感系数。
电磁感应	 example	10318	长直导线与矩形线圈的互感	在磁导率为 \(\) 的均匀介质中，一根无限长直导线与一个宽为 \(b\)、长为 \(l\) 的矩形线圈共面，线圈近边距直导线为 \(d\)。求二者互感系数。
电磁感应	 example	10342	共轴长直螺线管的互感	两个共轴长直螺线管长度同为 \(l\)，半径满足 \(R_1>R_2\)，总匝数分别为 \(N_1,N_2\)。求二者互感系数。
电磁感应	 example	10377	同轴电缆中的磁场能量	一根长为 \(l\) 的同轴电缆由半径 \(R_1,R_2\) 的两同心圆筒导体组成，电流 \(I\) 由内层流出、外层流回，形成闭合回路。求该段电缆中的磁场能量。
电磁感应	 selfcheck	10440	为什么楞次定律强调的是“反抗磁通变化”而不是简单“反向”？为什么动生电动势能追到洛伦兹力，而感生电动势必须引入有旋电场？为什么说电感中的磁场能量和电容中的电场能量在结构上是平行的？	
麦克斯韦方程组与电磁波初步	 example	10742	充电平行板电容器中的位移电流与环向磁场	一圆形平行板电容器极板半径为 \(R\)。充电过程中极板所带电量满足 \[ Q(t)=Q_0 t. \] 设极板间电场近似均匀，求：
麦克斯韦方程组与电磁波初步	 example	10811	已知 \(\partial E/\partial t\) 时电容器中的位移电流与磁场	一平行板电容器的圆形极板半径为 \(R=0.10\,m\)，充电过程中板间电场变化率恒为 \[ Et=10^13\,V\,m^-1\,s^-1. \] 忽略边缘效应，求：
麦克斯韦方程组与电磁波初步	 example	10869	电流随时间变化的螺线管内的感生电场与坡印廷矢量	一长直螺线管单位长度匝数为 \(n\)，半径为 \(R\)，内部介质磁导率为 \(\)。导线中通电流 \(i(t)\)，且 \(it>0\)。求螺线管内距轴线 \(r\) 处：
麦克斯韦方程组与电磁波初步	 selfcheck	10955	为什么充电电容器暴露了原安培定律的不完整？位移电流到底“像电流”像在什么地方？为什么不同波段本质上仍是同一种波？为什么电磁波的出现不是额外假设，而是麦克斯韦方程组的自然推论？	
狭义相对论	 example	11180	质子在 \(0.80c\) 时的静能、总能量、动能与动量	已知质子的静质量为 \(m_0=1.673 10^-27\,kg\)，若它以 \(v=0.80c\) 运动，求其静能 \(E_0\)、总能量 \(E\)、动能 \(K\) 与动量 \(p\)。
狭义相对论	 example	11228	另一参考系中两事件为何会同时发生	在参考系 \(S\) 中，两个事件的坐标分别为 \[ (x_1,t_1)=(6 10^4\,m,\,2 10^-4\,s), (x_2,t_2)=(12 10^4\,m,\,1 10^-4\,s).
狭义相对论	 example	11275	相向 \(0.9c\) 飞船的相对速度	在地面看来，两艘飞船分别以 \(0.9c\) 的速度沿相反方向飞行。求其中一艘飞船观察到另一艘飞船的速度。
狭义相对论	 example	11301	停电事件的先后顺序在飞船上怎样变化	甲、乙两地相距 \(1.2 10^9\,m\)。地面参考系中，甲地在 9:00:00 停电，乙地在 9:00:03 停电。若一艘飞船以 \(0.8c\) 从甲飞向乙，求飞船上测得的时间间隔，并判断哪一地先停电。
狭义相对论	 example	11335	列车枪战中的先后顺序	一列高速列车以 \(v=0.6c\) 行驶。车上 A、B 两人相距 \(10\,m\)，B 在前，A 在后。站台观察者看到 A 先向 B 开枪，经过 \(12.5\,ns\) 后，B 才向 A 开枪。若你在列车上，看到的先后顺序是什么？
狭义相对论	 example	11366	为何 \(\mu\) 子能穿透大气层	静止系中 \(\) 子平均寿命为 \(_0=2.2 10^-6\,s\)，其速度为 \(0.9966c\)。说明它为什么有可能穿过约 \(6000\,m\) 厚的大气层到达地面。
狭义相对论	 example	11401	火箭在地面参考系中的长度	某光子火箭相对地球以 \(0.95c\) 飞行。若火箭自身参考系测得其长度为 \(15\,m\)，求地面参考系测得的长度。
狭义相对论	 example	11427	\(\mu\) 子自己眼中的大气层有多厚	仍以上题 \(\) 子为例。若站在 \(\) 子自己的参考系中，大气层厚度是多少？并说明为什么它看来也能到达地面。
狭义相对论	 example	11449	斜伸天线在地面上看起来会变多长、变多斜	飞船上一根本征长度 \(l_0=1\,m\) 的天线与飞船前进方向成 \(45^\) 伸出。飞船相对地面速度为 \(32c\)。求地面观察者测得的天线长度与倾角。
狭义相对论	 example	11493	低速修正量级与静能量级	估计以下两个量级：
狭义相对论	 example	11525	两个相向粒子粘在一起后的静质量	在参考系 \(S\) 中，两个静质量均为 \(m_0\) 的粒子分别以 \(+v\) 和 \(-v\) 迎面运动，碰后粘在一起成为一个粒子。求该新粒子的静质量 \(M_0\)。
狭义相对论	 example	11550	氘氚聚变释放的能量	在聚变反应 \[ ^2_1H+^3_1H ^4_2He+^1_0n \] 中，已知 \[ m_D=3.3437 10^-27\,kg, m_T=5.0449 10^-27\,kg,
狭义相对论	 selfcheck	11617	为什么光速不变会逼着我们放弃绝对同时性？为什么时间延缓和长度收缩都不是“物体自己觉得自己变了”？为什么相对论速度变换天然保证任何观察者都测不到超光速？	
早期量子论	 example	11827	450\,nm 单色光照射纯钠时会发生什么	已知纯钠的逸出功为 \(A=2.28\,eV\)。现用波长为 \(450\,nm\) 的单色光照射它，求：
早期量子论	 example	11877	12.6\,eV 电子轰击基态氢原子时会出现哪些谱线	一电子具有 \(12.6\,eV\) 的动能，与处于基态的氢原子碰撞。问氢原子最多可被激发到哪些能级？随后可能发射出哪些谱线？
早期量子论	 example	11938	黑体温度升高时峰值波长向哪边移动	随着温度升高，黑体辐射曲线的峰值波长会向长波方向移动还是向短波方向移动？
早期量子论	 example	11950	由太阳峰值波长估算表面温度	已知太阳单色辐出度峰值波长约为 \(510\,nm\)。把太阳近似看成黑体，估算其表面温度。
早期量子论	 example	11968	宏观弹簧振子的量子数为何巨大	质量 \(m=0.30\,kg\) 的弹簧振子，振幅 \(A=0.10\,m\)，劲度系数 \(k=3.0\,N/m\)。若按普朗克量子化假设处理，求该振子的量子数 \(n\)，以及当量子数变化 1 时，能量相对变化百分比。
早期量子论	 example	12010	发生光电效应时波长必须满足什么条件	某金属的逸出电势为 \(U_0\)，即逸出功 \(A=eU_0\)。若单色光照射该金属能发生光电效应，入射光波长应满足什么条件？
早期量子论	 example	12028	由红限求逸出功、遏止电压与电子初速度	钾的光电效应红限为 \(_0=6.2 10^-7\,m\)。求：
早期量子论	 example	12076	光电效应与康普顿效应的本质区别	为什么说光电效应和康普顿效应都涉及光子与电子相互作用，但它们的物理本质并不相同？
早期量子论	 example	12088	康普顿散射到 \(90^\circ\) 时的波长与反冲电子	波长为 \(_0=0.020\,nm\) 的 X 射线与自由电子碰撞。若在与入射方向成 \(90^\) 的方向观察散射线，求：
早期量子论	 example	12133	已知反冲电子速度时反推康普顿散射	在康普顿效应中，入射光波长为 \(3.0 10^-3\,nm\)，反冲电子速度为 \(0.60c\)。求散射光波长与散射角。
早期量子论	 example	12168	玻尔模型中 \(n=4\) 与基态的动能比	根据玻尔模型，氢原子中电子在 \(n=4\) 轨道上的动能与基态轨道上的动能之比是多少？
早期量子论	 selfcheck	12230	为什么黑体辐射会逼出“能量量子化”而不是别的补丁？为什么光电效应里真正决定电子最大初动能的是频率不是光强？为什么康普顿效应特别能说明光子具有动量？为什么波尔模型成功却又注定不是终点？	
量子力学基础	 example	12600	电子经电压加速后的德布罗意波长	一电子由静止出发，经电压 \(U=150V\) 加速。若可采用非相对论近似，求其德布罗意波长。
量子力学基础	 example	12634	一维无限深势阱中 \(0\) 到 \(a/4\) 区间的概率	粒子被限制在 \(0<x<a\) 的一维无限深势阱中。若它处于基态 \(n=1\)，求它在区间 \(0 x a/4\) 内被发现的概率。
量子力学基础	 example	12678	子弹的德布罗意波长有多短	一颗子弹质量 \(m=0.050\,kg\)，速度 \(v=500\,m/s\)。求它的德布罗意波长。
量子力学基础	 example	12696	子弹动量很精确时位置仍会有多大不确定	一颗质量 \(10\,g\) 的子弹以 \(200\,m/s\) 飞行。若其动量不确定度只有动量的 \(0.01\%\)，求位置不确定度下限。
量子力学基础	 example	12726	电子在同样相对精度下的位置不确定度	一电子以 \(200\,m/s\) 运动。若其动量不确定度同样只有动量的 \(0.01\%\)，求位置不确定度下限。
量子力学基础	 example	12753	由谱线宽度估算光子波列长度	氦氖激光波长为 \(=6328\,\)，谱线宽度 \(=10^-8\,\)。估算这种光子沿传播方向的位置不确定度，也就是波列长度数量级。
量子力学基础	 example	12788	无限深势阱基态的归一化与半阱概率	粒子被限制在 \(0 x a\) 的一维无限深势阱中。已知波函数 \[ (x)=A xa. \] 求：
量子力学基础	 example	12831	无限深势阱基态概率密度最大在哪	在一维无限深势阱 \(0<x<a\) 中，粒子处于基态 \(n=1\)。求概率密度最大的点。
量子力学基础	 example	12857	氢原子 \(l=3\) 态的角动量、投影与夹角	设氢原子处于轨道量子数 \(l=3\) 的状态。求：
量子力学基础	 example	12903	为什么先填 \(4s\) 再填 \(3d\)	说明多电子原子中电子为什么通常先占据 \(4s\) 态，再占据 \(3d\) 态。
量子力学基础	 selfcheck	12950	为什么无限深势阱中的能级必然离散？为什么基态能量不能取零？为什么量子题里必须认真检查波函数的单值、有限和连续性？为什么 \(E<U_b\) 时粒子仍可能出现在势垒另一侧？为什么 \(l=0\) 的原子束仍会在斯特恩-盖拉赫实验里分裂成两束？	
大学物理二总复习	 selfcheck	13121	若题目同时出现电流、磁通和感应电流，你会先追哪条因果链？若题目涉及相对运动，你会先标哪一个参考系的本征量？若题目给了势场和边界条件，你能否立刻写出相应的量子力学起手方程？	
