answer,elim,key,kind,options,pred,question,reasons,rule,score,section
A,,2022.06.set1,miss,A: He is a staff writer | B: He is an adventurer | C: He is an author of fiction | D: He is a father of four kids,B,1,,unique_shortest,,A
A,,2022.06.set1,hit,A: Her tastes in books changed | B: She realized the power of reading | C: Her reading opened her eyes to the world | D: She began to perceive the world differently,A,4,,unique_shortest,,A
D,,2022.06.set1,hit,A: They were repeatedly rejected by shops | B: They were popular with her classmates | C: They showed her natural talent | D: They were mostly failures,D,6,,unique_shortest,,A
A,,2022.06.set1,miss,A: Mostly by chance | B: Basically objective | C: Subject to their mental alertness | D: Dependent on their analytical ability,B,14,,unique_shortest,,B
D,,2022.06.set1,miss,A: Appear submissive and grateful to doctors and nurses | B: Express a strong desire to be consulted or informed | C: Refrain from saying anything that sounds negative | D: Note down the names of all the doctors and nurses,C,17,,unique_shortest,,C
C,,2022.06.set1,miss,A: Its members work together despite risks of failure | B: It prioritizes recruiting young energetic members | C: Its members stay in touch even after it breaks up | D: It grows more and more mature professionally,B,19,,unique_shortest,,C
D,,2022.06.set1,hit,A: They count on others to take the responsibility | B: They change their investment strategy in time | C: They think they themselves are to blame | D: They persist rather than get discouraged,D,24,,unique_shortest,,C
B,,2022.06.set1,miss,A: They do not resist novel lifestyles | B: They do not try to keep up with others | C: They do not care what they have acquired | D: They do not pressure themselves to get rich.,A,25,,unique_shortest,,C
A,,2022.12.set1,hit,A: She hasn't started writing it | B: She hasn't decided on a topic | C: She is proofreading the first draft | D: She is working on the references,A,1,,unique_shortest,,A
B,,2022.12.set1,hit,A: He lent many books to the man for reference | B: He offered the man advice on resource hunting | C: He published a lot in a number of reputable journals | D: He told the man to be selective when using e-resources,B,2,,unique_shortest,,A
A,,2022.06.set1,miss,A: He is a staff writer | B: He is an adventurer | C: He is an author of fiction | D: He is a father of four kids,D,1,,unique_longest,,A
B,,2022.06.set1,miss,A: They are interested in fairy tales | B: They are curious and autonomous | C: They are a headache to their parents | D: They are ignorant of politics,C,2,,unique_longest,,A
A,,2022.06.set1,miss,A: Her tastes in books changed | B: She realized the power of reading | C: Her reading opened her eyes to the world | D: She began to perceive the world differently,C,4,,unique_longest,,A
D,,2022.06.set1,miss,A: She is a website designer | B: She is a university graduate | C: She is a main street store owner | D: She is a successful entrepreneur,C,5,,unique_longest,,A
A,,2022.06.set1,miss,A: They don't treat patients with due respect | B: They witness a lot of doctor-patient conflicts. | C: They have to deal with social workers9 strikes | D: They don't care how much patients have to pay,D,16,,unique_longest,,C
D,,2022.06.set1,hit,A: Appear submissive and grateful to doctors and nurses | B: Express a strong desire to be consulted or informed | C: Refrain from saying anything that sounds negative | D: Note down the names of all the doctors and nurses,D,17,,unique_longest,,C
C,,2022.06.set1,hit,A: Its members work together despite risks of failure | B: It prioritizes recruiting young energetic members | C: Its members stay in touch even after it breaks up | D: It grows more and more mature professionally,C,19,,unique_longest,,C
A,,2022.06.set1,miss,A: It is characterized by diversity | B: Its goals are quite inconsistent | C: Its members have similar backgrounds | D: It is connected by a unique mechanism,D,21,,unique_longest,,C
D,,2022.06.set1,miss,A: They count on others to take the responsibility | B: They change their investment strategy in time | C: They think they themselves are to blame | D: They persist rather than get discouraged,A,24,,unique_longest,,C
B,,2022.06.set1,hit,A: They do not resist novel lifestyles | B: They do not try to keep up with others | C: They do not care what they have acquired | D: They do not pressure themselves to get rich.,B,25,,unique_longest,,C
D,,2022.06.set1,hit,A: Appear submissive and grateful to doctors and nurses | B: Express a strong desire to be consulted or informed | C: Refrain from saying anything that sounds negative | D: Note down the names of all the doctors and nurses,D,17,,choose_unique_absolute,,C
A,,2022.12.set1,miss,A: Consumers now know much more about technology | B: Their mass production has sharply reduced the price | C: Consumers tend to favor all that is novel | D: Their quality has been greatly improved,C,20,,choose_unique_absolute,,C
A,,2022.12.set2,miss,A: Prioritizing happiness over money | B: Joining the club to get her new book | C: Managing one's personal finances wisely | D: Consuming more only when earning more,D,1,,choose_unique_absolute,,A
B,,2022.12.set2,miss,A: They are usually crowded | B: They use high-tech systems | C: They accept smartcards only | D: They are colourfully decorated,C,15,,choose_unique_absolute,,B
A,,2022.12.set2,miss,A: It is strictly forbidden | B: It is an uncommon sight | C: It is a gesture of human generosity | D: It is allowed only in certain areas,D,17,,choose_unique_absolute,,C
A,,2023.03.set1,hit,A: They always cost more than expected | B: They are joyous and exciting occasions | C: They should be paid up by the attendees | D: They are dreams coming true to the brides,A,12,,choose_unique_absolute,,B
D,,2023.06.set1,miss,A: People have only one social engagement per week | B: Working together enhances friendship | C: Few people have devoted friends | D: Friendships benefit work,A,22,,choose_unique_absolute,,C
A,,2023.06.set2,miss,A: Take the initiative to reduce electronic waste | B: Take due caution in upgrading their products | C: Invest in constructing more recycling facilities | D: Substitute all toxic substances with non-toxic ones,D,14,,choose_unique_absolute,,B
A,,2023.06.set2,hit,A: There must have been some reason for human migration | B: There have been changes in animals' living conditions | C: Humans adapted themselves to the environment there | D: Humans had access to abundant food sources there,A,24,,choose_unique_absolute,,C
B,,2024.12.set1,hit,A: To prevent hackers from cracking our secret codes | B: To show that all the guidelines are being followed | C: To provide evidence that passwords are forgotten | D: To convince our computer that we are human,B,9,,choose_unique_absolute,,B
D,,2022.06.set1,miss,A: Appear submissive and grateful to doctors and nurses | B: Express a strong desire to be consulted or informed | C: Refrain from saying anything that sounds negative | D: Note down the names of all the doctors and nurses,C,17,,choose_unique_negation,,C
C,,2022.06.set1,miss,A: Its members work together despite risks of failure | B: It prioritizes recruiting young energetic members | C: Its members stay in touch even after it breaks up | D: It grows more and more mature professionally,A,19,,choose_unique_negation,,C
A,,2022.12.set1,hit,A: To avoid them in the future | B: To warn others against them | C: To make good sense of them. | D: To reflect on their causes,A,10,,choose_unique_negation,,B
B,,2022.12.set2,miss,A: Share their food with the bear they see | B: Be prepared to run into a hungry bear | C: Try to be friendly with the bear they meet | D: Refrain from teasing bears with cubs,D,18,,choose_unique_negation,,C
B,,2022.12.set2,hit,A: It refers to opinions that are radical and widespread | B: It means making judgments without adequate knowledge | C: It refers to deep-rooted beliefs about someone or something | D: It means sticking to one's judgments even when proved wrong,B,19,,choose_unique_negation,,C
B,,2023.03.set1,hit,A: They show genius which defies description | B: They accomplish feats many of us cannot | C: They create very high commercial value | D: They bring great honor to their country,B,9,,choose_unique_negation,,B
B,,2023.06.set1,miss,A: She no longer hates people talking loudly in the dorm | B: She misses her roommates she used to complain about | C: She begins to enjoy the movies she once found irritating | D: She finds the crowded dorm as cozy as her new apartment,A,2,,choose_unique_negation,,A
B,,2023.06.set1,miss,A: Anxiety has become a serious problem for an increasing number of people | B: Extreme levels of anxiety can adversely affect cognitive performance | C: People diagnosed with anxiety disorder may forget things selectively | D: There is no direct correlation between memory and levels of anxiety,D,18,,choose_unique_negation,,C
D,,2023.06.set1,miss,A: They compare products from different companies before making a choice | B: They get information from other consumers' postings and comments | C: They lose patience when their phone call is no promptly answered | D: They expect to get instantaneous responses to their inquiry,C,19,,choose_unique_negation,,C
D,,2023.06.set2,hit,A: How internet monitoring can be implemented | B: How to encourage productive internet surfing | C: How cyberloafing affects overall productivity | D: How to prevent employees from cyberloafing,D,16,,choose_unique_negation,,C
C,,2022.06.set1,miss,A: Its members work together despite risks of failure | B: It prioritizes recruiting young energetic members | C: Its members stay in touch even after it breaks up | D: It grows more and more mature professionally,D,19,,choose_unique_comparison,,C
D,,2022.06.set1,hit,A: They count on others to take the responsibility | B: They change their investment strategy in time | C: They think they themselves are to blame | D: They persist rather than get discouraged,D,24,,choose_unique_comparison,,C
D,,2022.12.set1,miss,A: Change her research methodology | B: Narrow down her dissertation topic | C: Consult her professor more | D: Follow the man's advice,C,4,,choose_unique_comparison,,A
C,,2022.12.set1,hit,A: It has witnessed a spectacular surge in demand | B: It has met much criticism from environmentalists | C: It has seen more small businesses offering environment-friendly products | D: It has experienced increasingly fierce competition among global companies,C,19,,choose_unique_comparison,,C
A,,2022.12.set2,miss,A: Prioritizing happiness over money | B: Joining the club to get her new book | C: Managing one's personal finances wisely | D: Consuming more only when earning more,D,1,,choose_unique_comparison,,A
C,,2022.12.set2,miss,A: It would give him more time to be with his loved ones | B: It would be good for those who value relationships | C: It would mean major sacrifices for him | D: It would deprive him of his individuality,A,4,,choose_unique_comparison,,A
A,,2022.12.set2,miss,A: The number of passengers dropped sharply | B: It served more and more commuters | C: The number of stations increased to 50 | D: It became the longest in the United Kingdom,B,12,,choose_unique_comparison,,B
D,,2022.12.set2,hit,A: It is generally recognised as a world heritage site | B: It is the fastest way to reach the city's south side | C: It constitutes a source of revenue for the city | D: It helps reduce traffic jams in the city centre,D,14,,choose_unique_comparison,,B
D,,2023.03.set1,miss,A: Smoothing relationships in the workplace | B: Making rational and productive decisions | C: Focusing on employees' career growth | D: Preserving their power and prestige,C,8,,choose_unique_comparison,,A
A,,2023.03.set1,hit,A: They always cost more than expected | B: They are joyous and exciting occasions | C: They should be paid up by the attendees | D: They are dreams coming true to the brides,A,12,,choose_unique_comparison,,B
D,,2022.06.set1,miss,A: They count on others to take the responsibility | B: They change their investment strategy in time | C: They think they themselves are to blame | D: They persist rather than get discouraged,A,24,,choose_unique_advice_plan,,C
B,,2022.06.set1,hit,A: They do not resist novel lifestyles | B: They do not try to keep up with others | C: They do not care what they have acquired | D: They do not pressure themselves to get rich.,B,25,,choose_unique_advice_plan,,C
B,,2022.12.set1,hit,A: He lent many books to the man for reference | B: He offered the man advice on resource hunting | C: He published a lot in a number of reputable journals | D: He told the man to be selective when using e-resources,B,2,,choose_unique_advice_plan,,A
D,,2022.12.set1,hit,A: Change her research methodology | B: Narrow down her dissertation topic | C: Consult her professor more | D: Follow the man's advice,D,4,,choose_unique_advice_plan,,A
A,,2022.12.set1,hit,A: To avoid them in the future | B: To warn others against them | C: To make good sense of them. | D: To reflect on their causes,A,10,,choose_unique_advice_plan,,B
B,,2022.12.set1,miss,A: They can attract customers with the healthy qualities of their products | B: They can boost sales of healthy foods by making them visually appealing | C: They can turn to marketing professors for advice | D: They can rely on advertising for sales promotion,C,18,,choose_unique_advice_plan,,C
B,,2022.12.set2,miss,A: Share their food with the bear they see | B: Be prepared to run into a hungry bear | C: Try to be friendly with the bear they meet | D: Refrain from teasing bears with cubs,C,18,,choose_unique_advice_plan,,C
A,,2022.12.set2,miss,A: When we start to feel superior | B: When we mix with prejudiced people | C: When we live in an isolated neighborhood | D: When we try to keep up with those around us,D,21,,choose_unique_advice_plan,,C
B,,2023.03.set1,miss,A: They show genius which defies description | B: They accomplish feats many of us cannot | C: They create very high commercial value | D: They bring great honor to their country,D,9,,choose_unique_advice_plan,,B
D,,2023.03.set1,miss,A: Work hard to attract attention from publishers | B: Gain support from travel advertising companies | C: Try to find a full-time job in the travel business. | D: Create something unique to enter the industry,C,24,,choose_unique_advice_plan,,C
D,,2022.12.set1,miss,A: Change her research methodology | B: Narrow down her dissertation topic | C: Consult her professor more | D: Follow the man's advice,A,4,,choose_unique_research_word,,A
D,,2022.12.set1,miss,A: The key to increasing healthy food supply | B: The best way to improve marketing research | C: The impact of advertisements on consumption | D: The importance of the appearance of food,B,16,,choose_unique_research_word,,C
A,,2023.12.set2,miss,A: To argue about the value of a college degree | B: To debate the validity of current survey data | C: To account for the drastic decline in employment among men | D: To compare men without college degrees with those who have,B,16,,choose_unique_research_word,,C
A,,2024.12.set1,hit,A: They have constantly urged her to study hard | B: They have worked hard to finance her education | C: They have tried to create a positive learning environment | D: They have pursued the family's dreams together with her,A,6,,choose_unique_research_word,,A
D,,2024.12.set2,miss,A: Their decision on investigating beef consumption | B: Their original ideas about the domestic market | C: Their different approaches to a case study | D: Their end-of-semester business projects,C,5,,choose_unique_research_word,,A
B,,2022.06.set1,hit,A: Their differences are likely to impact productivity | B: Their similarity is conducive to future collaboration | C: Their connections strengthen with the passage of time | D: Their mutual understanding stems from a common goal,B,20,,choose_unique_future,,C
A,,2022.12.set1,hit,A: To avoid them in the future | B: To warn others against them | C: To make good sense of them. | D: To reflect on their causes,A,10,,choose_unique_future,,B
A,,2023.06.set2,miss,A: It can be solved | B: It is certain to worsen | C: It will be fixed by tech companies | D: It is unavoidable in the long run,C,15,,choose_unique_future,,B
C,,2024.12.set2,hit,A: He doesn't think it legitimate to depend on his father | B: He thinks his financial situation has now changed | C: He doesn't think it will provide him with a living | D: He thinks it nourishes the financially secure only,C,2,,choose_unique_future,,A
B,,2022.06.set1,miss,A: Their differences are likely to impact productivity | B: Their similarity is conducive to future collaboration | C: Their connections strengthen with the passage of time | D: Their mutual understanding stems from a common goal,D,20,,choose_unique_cause_word,,C
A,,2022.12.set1,miss,A: To avoid them in the future | B: To warn others against them | C: To make good sense of them. | D: To reflect on their causes,D,10,,choose_unique_cause_word,,B
A,,2022.12.set2,miss,A: It is vital to one's mental health | B: It leads to reconciliation and peace | C: It promotes interpersonal relationship | D: It keeps one from traumatic experience,B,9,,choose_unique_cause_word,,B
D,,2023.03.set1,miss,A: Medication is available for treating loneliness | B: Loneliness rarely results from living alone | C: Being busy helps fight loneliness | D: Loneliness is probably reversible,B,20,,choose_unique_cause_word,,C
B,,2023.06.set2,miss,A: Cyberloafing is a sign of workers' laziness | B: Cyberloafing may relieve employees of stress | C: Employee engagement is closely related to job satisfaction | D: Overuse of social media may lead to decline in productivity,D,17,,choose_unique_cause_word,,C
A,,2023.06.set2,hit,A: There must have been some reason for human migration | B: There have been changes in animals' living conditions | C: Humans adapted themselves to the environment there | D: Humans had access to abundant food sources there,A,24,,choose_unique_cause_word,,C
C,,2023.06.set2,miss,A: Ho humans settled down on the Arabian Peninsula | B: When modern humans started to disperse out of Africa | C: What path modern humans took to migrate out of Africa | D: Why fresh water is so important for human survival,D,25,,choose_unique_cause_word,,C
A,,2024.12.set1,miss,A: They will not be able to take the placeof human personal trainers | B: They will not be able to comprehend some of the profiles users put in | C: They cannot lead to optimal results with their mathematical approach | D: They cannot match humans in arranging meticulous workout schedules,C,15,,choose_unique_cause_word,,B
A,,2022.06.set1,miss,A: They don't treat patients with due respect | B: They witness a lot of doctor-patient conflicts. | C: They have to deal with social workers9 strikes | D: They don't care how much patients have to pay,B,16,,choose_unique_example_named,,C
C,,2024.12.set1,miss,A: Her work no longer interested her | B: Her training app did not fit her | C: Her fitness fell into a slump | D: Her business deteriorated,B,12,,choose_unique_example_named,,B
B,,2022.06.set1,miss,A: They are interested in fairy tales | B: They are curious and autonomous | C: They are a headache to their parents | D: They are ignorant of politics,C,2,,choose_unique_generic_group,,A
B,,2022.12.set1,miss,A: Keep an eye on their employees | B: Motivate and inspire their team | C: Sacrifice some of the immediate goals | D: Have greater ambition in overall planning,A,14,,choose_unique_generic_group,,B
C,,2022.12.set1,miss,A: It has witnessed a spectacular surge in demand | B: It has met much criticism from environmentalists | C: It has seen more small businesses offering environment-friendly products | D: It has experienced increasingly fierce competition among global companies,D,19,,choose_unique_generic_group,,C
A,,2022.12.set2,miss,A: When we start to feel superior | B: When we mix with prejudiced people | C: When we live in an isolated neighborhood | D: When we try to keep up with those around us,B,21,,choose_unique_generic_group,,C
D,,2023.03.set1,miss,A: Smoothing relationships in the workplace | B: Making rational and productive decisions | C: Focusing on employees' career growth | D: Preserving their power and prestige,C,8,,choose_unique_generic_group,,A
B,,2023.03.set1,miss,A: The number of older Americans living alone is on the rise | B: Chronic loneliness does harm to senior citizens in particular | C: Correlations have been found between loneliness and ill health | D: A growing number of US seniors face the risk of early mortality,A,19,,choose_unique_generic_group,,C
D,,2023.03.set1,miss,A: Work hard to attract attention from publishers | B: Gain support from travel advertising companies | C: Try to find a full-time job in the travel business. | D: Create something unique to enter the industry,B,24,,choose_unique_generic_group,,C
B,,2023.06.set1,miss,A: She no longer hates people talking loudly in the dorm | B: She misses her roommates she used to complain about | C: She begins to enjoy the movies she once found irritating | D: She finds the crowded dorm as cozy as her new apartment,A,2,,choose_unique_generic_group,,A
C,,2023.06.set1,hit,A: It fails to keep up with the radical changes of society | B: It fails to ensure universities get sufficient resources | C: It has not prepared young people for the job market | D: It has not fostered the growth of the arts disciplines,C,6,,choose_unique_generic_group,,A
A,,2023.06.set1,miss,A: It is quite common | B: It is rarely noticed | C: It seldom annoys people | D: It occurs when one is alone,C,9,,choose_unique_generic_group,,B
A,,2022.06.set1,miss,A: Mostly by chance | B: Basically objective | C: Subject to their mental alertness | D: Dependent on their analytical ability,D,14,,choose_unique_abstract,,B
B,,2022.06.set1,miss,A: Their differences are likely to impact productivity | B: Their similarity is conducive to future collaboration | C: Their connections strengthen with the passage of time | D: Their mutual understanding stems from a common goal,A,20,,choose_unique_abstract,,C
D,,2022.06.set1,miss,A: They count on others to take the responsibility | B: They change their investment strategy in time | C: They think they themselves are to blame | D: They persist rather than get discouraged,B,24,,choose_unique_abstract,,C
D,,2022.12.set1,hit,A: The general public | B: Those who are overweight | C: Those who want to lose weight | D: The medical community,D,7,,choose_unique_abstract,,A
D,,2022.12.set1,miss,A: Placing their own interests over their staff's | B: Being overwhelmed by their daily routines | C: Lacking the ability to relate to their staff | D: Spending too much time handling email,C,12,,choose_unique_abstract,,B
A,,2022.12.set2,hit,A: Prioritizing happiness over money | B: Joining the club to get her new book | C: Managing one's personal finances wisely | D: Consuming more only when earning more,A,1,,choose_unique_abstract,,A
D,,2023.03.set1,hit,A: The man got a poor evaluation from his colleagues | B: The man made little contribution to the company | C: The man paid attention to trivial things | D: The man had an attitude problem,D,5,,choose_unique_abstract,,A
D,,2023.03.set1,miss,A: It determines people's moods | B: It can impact people's wellbeing | C: It is closely related to people's emotions | D: It can influence people's personalities,B,16,,choose_unique_abstract,,C
B,,2023.03.set1,miss,A: The number of older Americans living alone is on the rise | B: Chronic loneliness does harm to senior citizens in particular | C: Correlations have been found between loneliness and ill health | D: A growing number of US seniors face the risk of early mortality,D,19,,choose_unique_abstract,,C
C,,2023.06.set1,miss,A: It fails to keep up with the radical changes of society | B: It fails to ensure universities get sufficient resources | C: It has not prepared young people for the job market | D: It has not fostered the growth of the arts disciplines,A,6,,choose_unique_abstract,,A
C,,2022.12.set1,miss,A: He has translated 12 books | B: He is a well-known nutritionist | C: His books sell well worldwide | D: His latest book sold a million copies,A,5,,choose_unique_number,,A
C,,2022.12.set1,miss,"A: It is invested in a series of businesses | B: It is used exclusively for its maintenance | C: It is used to run a supermarket for the needy | D: It is estimated to be about $ 40,000 a month",D,24,,choose_unique_number,,C
A,,2022.12.set2,miss,"A: She was in debt | B: She was a financial adviser | C: She earned $ 30,000 a month | D: She enjoyed a happy life",C,2,,choose_unique_number,,A
A,,2022.12.set2,miss,A: The number of passengers dropped sharply | B: It served more and more commuters | C: The number of stations increased to 50 | D: It became the longest in the United Kingdom,C,12,,choose_unique_number,,B
C,,2024.12.set2,hit,A: Buying it from coffee shops | B: Building up a tolerance of it | C: Drinking it after 2 pm | D: Consuming it with sugar,C,17,,choose_unique_number,,C
A,,2024.12.set2,miss,A: Many people across advanced economies think the world is going from bad to worse | B: The news focuses on reporting catastrophes that occur across the world. 二） 10 试 题 册 ・ | C: A significant part of the world is experiencing another great recession | D: Many people have no idea of those living under miserable conditions,B,19,,choose_unique_number,,C
D,,2022.06.set1,hit,A: They were repeatedly rejected by shops | B: They were popular with her classmates | C: They showed her natural talent | D: They were mostly failures,D,6,,choose_unique_modal_soft,,A
A,,2022.06.set1,hit,A: Mostly by chance | B: Basically objective | C: Subject to their mental alertness | D: Dependent on their analytical ability,A,14,,choose_unique_modal_soft,,B
B,,2022.06.set1,miss,A: Their differences are likely to impact productivity | B: Their similarity is conducive to future collaboration | C: Their connections strengthen with the passage of time | D: Their mutual understanding stems from a common goal,A,20,,choose_unique_modal_soft,,C
B,,2022.12.set1,miss,A: Keep an eye on their employees | B: Motivate and inspire their team | C: Sacrifice some of the immediate goals | D: Have greater ambition in overall planning,C,14,,choose_unique_modal_soft,,B
C,,2022.12.set1,hit,A: It has witnessed a spectacular surge in demand | B: It has met much criticism from environmentalists | C: It has seen more small businesses offering environment-friendly products | D: It has experienced increasingly fierce competition among global companies,C,19,,choose_unique_modal_soft,,C
A,,2022.12.set1,miss,A: Consumers now know much more about technology | B: Their mass production has sharply reduced the price | C: Consumers tend to favor all that is novel | D: Their quality has been greatly improved,C,20,,choose_unique_modal_soft,,C
B,,2022.12.set2,miss,A: They are usually crowded | B: They use high-tech systems | C: They accept smartcards only | D: They are colourfully decorated,A,15,,choose_unique_modal_soft,,B
A,,2023.03.set1,miss,A: The link between temperature and personality is fairly weak | B: People share many personality traits despite their nationalities | C: People in the same geographical area may differ in personality | D: The Americans are apparently more outgoing than the Chinese,C,18,,choose_unique_modal_soft,,C
B,,2023.06.set1,miss,A: It was spacious and tranquil | B: It was warm and comfortable | C: It was shabby and solitary | D: It was tiny and noisy,D,1,,choose_unique_modal_soft,,A
C,,2023.06.set1,miss,A: They classified the participants' mindset | B: They showed some photos to the participants | C: They measured the participants' anxiety levels | D: They tested the size of the participants' vocabulary,B,17,,choose_unique_modal_soft,,C
D,D,2022.06.set1,bad,A: Appear submissive and grateful to doctors and nurses | B: Express a strong desire to be consulted or informed | C: Refrain from saying anything that sounds negative | D: Note down the names of all the doctors and nurses,,17,,elim_unique_absolute,,C
A,C,2022.12.set1,safe,A: Consumers now know much more about technology | B: Their mass production has sharply reduced the price | C: Consumers tend to favor all that is novel | D: Their quality has been greatly improved,,20,,elim_unique_absolute,,C
A,D,2022.12.set2,safe,A: Prioritizing happiness over money | B: Joining the club to get her new book | C: Managing one's personal finances wisely | D: Consuming more only when earning more,,1,,elim_unique_absolute,,A
B,C,2022.12.set2,safe,A: They are usually crowded | B: They use high-tech systems | C: They accept smartcards only | D: They are colourfully decorated,,15,,elim_unique_absolute,,B
A,D,2022.12.set2,safe,A: It is strictly forbidden | B: It is an uncommon sight | C: It is a gesture of human generosity | D: It is allowed only in certain areas,,17,,elim_unique_absolute,,C
A,A,2023.03.set1,bad,A: They always cost more than expected | B: They are joyous and exciting occasions | C: They should be paid up by the attendees | D: They are dreams coming true to the brides,,12,,elim_unique_absolute,,B
D,A,2023.06.set1,safe,A: People have only one social engagement per week | B: Working together enhances friendship | C: Few people have devoted friends | D: Friendships benefit work,,22,,elim_unique_absolute,,C
A,D,2023.06.set2,safe,A: Take the initiative to reduce electronic waste | B: Take due caution in upgrading their products | C: Invest in constructing more recycling facilities | D: Substitute all toxic substances with non-toxic ones,,14,,elim_unique_absolute,,B
A,A,2023.06.set2,bad,A: There must have been some reason for human migration | B: There have been changes in animals' living conditions | C: Humans adapted themselves to the environment there | D: Humans had access to abundant food sources there,,24,,elim_unique_absolute,,C
B,B,2024.12.set1,bad,A: To prevent hackers from cracking our secret codes | B: To show that all the guidelines are being followed | C: To provide evidence that passwords are forgotten | D: To convince our computer that we are human,,9,,elim_unique_absolute,,B
B,C,2024.12.set1,safe,A: Ascertain whether deferring to authority was confined to right-wing people | B: Find out whether different societies had different versions of morality | C: Make clear whether all societies faced the same moral issues | D: Find out whether left-wing people still had a group loyalty,,17,,elim_unique_absolute,,C
C,D,2024.12.set2,safe,A: He doesn't think it legitimate to depend on his father | B: He thinks his financial situation has now changed | C: He doesn't think it will provide him with a living | D: He thinks it nourishes the financially secure only,,2,,elim_unique_absolute,,A
A,C,2024.12.set2,safe,A: Try his best to socialize and build a network in the art industry | B: Seek financially viable employment opportunities after graduation | C: Investigate all possible ways to become a celebrity in the art world | D: Strike a balance between intellectual pursuits and financial security,,3,,elim_unique_absolute,,A
B,A,2024.12.set2,safe,A: Car owners of all walks of life | B: High-end customers in big cities | C: Consumers craving for professional service | D: Well-off dealers seeking a profitable markup. 试 题 册 -,,8,,elim_unique_absolute,,A
D,C,2024.12.set2,safe,A: Exerting ourselves too hard in order to attain our life's goals | B: Being possessed with a single thought of professional success | C: Trying every means to beat others in terms of personal aspirations | D: Being mindlessly driven to possess more and more material things,,12,,elim_unique_absolute,,B
C,C,2024.12.set2,bad,A: We might isolate ourselves from our fellow beings | B: We might acquire an incorrect sense of well-being | C: We might end up pursuing all the wrong things | D: We might make a mess of our personal lives,,13,,elim_unique_absolute,,B
A,C,2024.12.set2,safe,A: Drifting through life aimlessly | B: Giving up the chance to fulfill yourself | C: Abandoning all that life has to offer | D: Spoiling your character and integrity,,15,,elim_unique_absolute,,B
D,C,2022.06.set1,safe,A: Appear submissive and grateful to doctors and nurses | B: Express a strong desire to be consulted or informed | C: Refrain from saying anything that sounds negative | D: Note down the names of all the doctors and nurses,,17,,elim_unique_negation,,C
C,A,2022.06.set1,safe,A: Its members work together despite risks of failure | B: It prioritizes recruiting young energetic members | C: Its members stay in touch even after it breaks up | D: It grows more and more mature professionally,,19,,elim_unique_negation,,C
A,A,2022.12.set1,bad,A: To avoid them in the future | B: To warn others against them | C: To make good sense of them. | D: To reflect on their causes,,10,,elim_unique_negation,,B
B,D,2022.12.set2,safe,A: Share their food with the bear they see | B: Be prepared to run into a hungry bear | C: Try to be friendly with the bear they meet | D: Refrain from teasing bears with cubs,,18,,elim_unique_negation,,C
B,B,2022.12.set2,bad,A: It refers to opinions that are radical and widespread | B: It means making judgments without adequate knowledge | C: It refers to deep-rooted beliefs about someone or something | D: It means sticking to one's judgments even when proved wrong,,19,,elim_unique_negation,,C
B,B,2023.03.set1,bad,A: They show genius which defies description | B: They accomplish feats many of us cannot | C: They create very high commercial value | D: They bring great honor to their country,,9,,elim_unique_negation,,B
B,A,2023.06.set1,safe,A: She no longer hates people talking loudly in the dorm | B: She misses her roommates she used to complain about | C: She begins to enjoy the movies she once found irritating | D: She finds the crowded dorm as cozy as her new apartment,,2,,elim_unique_negation,,A
B,D,2023.06.set1,safe,A: Anxiety has become a serious problem for an increasing number of people | B: Extreme levels of anxiety can adversely affect cognitive performance | C: People diagnosed with anxiety disorder may forget things selectively | D: There is no direct correlation between memory and levels of anxiety,,18,,elim_unique_negation,,C
D,C,2023.06.set1,safe,A: They compare products from different companies before making a choice | B: They get information from other consumers' postings and comments | C: They lose patience when their phone call is no promptly answered | D: They expect to get instantaneous responses to their inquiry,,19,,elim_unique_negation,,C
D,D,2023.06.set2,bad,A: How internet monitoring can be implemented | B: How to encourage productive internet surfing | C: How cyberloafing affects overall productivity | D: How to prevent employees from cyberloafing,,16,,elim_unique_negation,,C
A,D,2023.12.set2,safe,A: To argue about the value of a college degree | B: To debate the validity of current survey data | C: To account for the drastic decline in employment among men | D: To compare men without college degrees with those who have,,16,,elim_unique_negation,,C
C,A,2024.12.set1,safe,A: To avoid offending the recipients | B: To show her unique writing style | C: To save time | D: To be frank,,4,,elim_unique_negation,,A
B,A,2024.12.set1,safe,A: To prevent hackers from cracking our secret codes | B: To show that all the guidelines are being followed | C: To provide evidence that passwords are forgotten | D: To convince our computer that we are human,,9,,elim_unique_negation,,B
A,D,2024.12.set1,safe,A: They might have more access to external sources of happiness | B: They might focus on an individual sense of satisfaction or meaning | C: They might be less easily affected by a community's overall feeling | D: They might be less adversely impacted by failure to achieve a purpose. Part M,,25,,elim_unique_negation,,C
A,D,2024.12.set2,safe,A: Many people across advanced economies think the world is going from bad to worse | B: The news focuses on reporting catastrophes that occur across the world. 二） 10 试 题 册 ・ | C: A significant part of the world is experiencing another great recession | D: Many people have no idea of those living under miserable conditions,,19,,elim_unique_negation,,C
C,D,2022.06.set1,safe,A: Its members work together despite risks of failure | B: It prioritizes recruiting young energetic members | C: Its members stay in touch even after it breaks up | D: It grows more and more mature professionally,,19,,elim_unique_comparison,,C
D,D,2022.06.set1,bad,A: They count on others to take the responsibility | B: They change their investment strategy in time | C: They think they themselves are to blame | D: They persist rather than get discouraged,,24,,elim_unique_comparison,,C
D,C,2022.12.set1,safe,A: Change her research methodology | B: Narrow down her dissertation topic | C: Consult her professor more | D: Follow the man's advice,,4,,elim_unique_comparison,,A
C,C,2022.12.set1,bad,A: It has witnessed a spectacular surge in demand | B: It has met much criticism from environmentalists | C: It has seen more small businesses offering environment-friendly products | D: It has experienced increasingly fierce competition among global companies,,19,,elim_unique_comparison,,C
A,D,2022.12.set2,safe,A: Prioritizing happiness over money | B: Joining the club to get her new book | C: Managing one's personal finances wisely | D: Consuming more only when earning more,,1,,elim_unique_comparison,,A
C,A,2022.12.set2,safe,A: It would give him more time to be with his loved ones | B: It would be good for those who value relationships | C: It would mean major sacrifices for him | D: It would deprive him of his individuality,,4,,elim_unique_comparison,,A
A,B,2022.12.set2,safe,A: The number of passengers dropped sharply | B: It served more and more commuters | C: The number of stations increased to 50 | D: It became the longest in the United Kingdom,,12,,elim_unique_comparison,,B
D,D,2022.12.set2,bad,A: It is generally recognised as a world heritage site | B: It is the fastest way to reach the city's south side | C: It constitutes a source of revenue for the city | D: It helps reduce traffic jams in the city centre,,14,,elim_unique_comparison,,B
D,C,2023.03.set1,safe,A: Smoothing relationships in the workplace | B: Making rational and productive decisions | C: Focusing on employees' career growth | D: Preserving their power and prestige,,8,,elim_unique_comparison,,A
A,A,2023.03.set1,bad,A: They always cost more than expected | B: They are joyous and exciting occasions | C: They should be paid up by the attendees | D: They are dreams coming true to the brides,,12,,elim_unique_comparison,,B
C,D,2023.03.set1,safe,A: Postpone her wedding | B: Ask her friends for help | C: Keep to her budget | D: Invite more guests,,14,,elim_unique_comparison,,B
A,D,2023.03.set1,safe,A: The link between temperature and personality is fairly weak | B: People share many personality traits despite their nationalities | C: People in the same geographical area may differ in personality | D: The Americans are apparently more outgoing than the Chinese,,18,,elim_unique_comparison,,C
C,D,2023.06.set1,safe,A: It fails to keep up with the radical changes of society | B: It fails to ensure universities get sufficient resources | C: It has not prepared young people for the job market | D: It has not fostered the growth of the arts disciplines,,6,,elim_unique_comparison,,A
D,D,2023.06.set1,bad,A: Build a prosperous nation | B: Make skilled professionals | C: Create ingenious artists | D: Cultivate better citizens,,8,,elim_unique_comparison,,A
B,D,2023.06.set2,safe,A: Cyberloafing is a sign of workers' laziness | B: Cyberloafing may relieve employees of stress | C: Employee engagement is closely related to job satisfaction | D: Overuse of social media may lead to decline in productivity,,17,,elim_unique_comparison,,C
D,C,2023.06.set2,safe,"A: They spread across Europe and Asia in a few decades | B: They lived mostly in Africa for about 200,000 years | C: They preferred to live in Europe rather than in Asia | D: They moved out of Africa about 60,000 years ago",,22,,elim_unique_comparison,,C
A,C,2023.12.set2,safe,A: To argue about the value of a college degree | B: To debate the validity of current survey data | C: To account for the drastic decline in employment among men | D: To compare men without college degrees with those who have,,16,,elim_unique_comparison,,C
A,D,2024.06.set1,safe,A: Because they are learned | B: Because they come naturally | C: Because they have to be properly personalized | D: Because there can be more effective strategies,,16,,elim_unique_comparison,,C
B,C,2024.12.set1,safe,A: Put an end to the hacking phenomenon | B: Help people remember their passwords | C: Reduce the intricacy of the password itself | D: Explain the need for different email accounts,,10,,elim_unique_comparison,,B
A,D,2024.12.set1,safe,A: They might be the most important part of our eating experience | B: They can activate our brain functions in a most direct fashion | C: They can be viewed as the windows to our soul | D: They could mislead us in more ways than one,,19,,elim_unique_comparison,,C
C,D,2024.12.set2,safe,A: Expanding farmland out west | B: Importing most of the beef | C: Raising cattle domestically | D: Continuing to boost economic growth,,6,,elim_unique_comparison,,A
A,C,2024.12.set2,safe,A: Parents' talking with them during TV time raises their curiosity levels | B: Their daily television exposure cuts parent-child conversation time | C: The more TV they watch the poorer their progress in development | D: Their socioeconomic levels impact their academic achievement,,9,,elim_unique_comparison,,B
D,D,2024.12.set2,bad,A: Exerting ourselves too hard in order to attain our life's goals | B: Being possessed with a single thought of professional success | C: Trying every means to beat others in terms of personal aspirations | D: Being mindlessly driven to possess more and more material things,,12,,elim_unique_comparison,,B
B,D,2024.12.set2,safe,A: They should be based on solid theoretical concepts | B: They should take personal interests into account | C: They should include goals to help other people | D: They should increase our sense of worthiness,,14,,elim_unique_comparison,,B
A,A,2024.12.set2,bad,A: Many people across advanced economies think the world is going from bad to worse | B: The news focuses on reporting catastrophes that occur across the world. 二） 10 试 题 册 ・ | C: A significant part of the world is experiencing another great recession | D: Many people have no idea of those living under miserable conditions,,19,,elim_unique_comparison,,C
D,A,2022.06.set1,safe,A: They count on others to take the responsibility | B: They change their investment strategy in time | C: They think they themselves are to blame | D: They persist rather than get discouraged,,24,,elim_unique_advice_plan,,C
B,B,2022.06.set1,bad,A: They do not resist novel lifestyles | B: They do not try to keep up with others | C: They do not care what they have acquired | D: They do not pressure themselves to get rich.,,25,,elim_unique_advice_plan,,C
B,B,2022.12.set1,bad,A: He lent many books to the man for reference | B: He offered the man advice on resource hunting | C: He published a lot in a number of reputable journals | D: He told the man to be selective when using e-resources,,2,,elim_unique_advice_plan,,A
A,,2022.06.set1,miss,A: He is a staff writer | B: He is an adventurer | C: He is an author of fiction | D: He is a father of four kids,B,1,['unique shortest'],combo_surface_score,"{'A': 0.0, 'B': 1.0, 'C': 0.0, 'D': -0.65}",A
B,,2022.06.set1,miss,A: They are interested in fairy tales | B: They are curious and autonomous | C: They are a headache to their parents | D: They are ignorant of politics,D,2,['section prior'],combo_surface_score,"{'A': 0.0, 'B': 0.0, 'C': -0.8, 'D': 0.15}",A
C,,2022.06.set1,miss,A: He offers them ample editorial guidance | B: He recommends model essays to them | C: He gives them encouragement | D: He teaches them proofreading,D,3,['section prior'],combo_surface_score,"{'A': 0.0, 'B': 0.0, 'C': 0.0, 'D': 0.15}",A
A,,2022.06.set1,hit,A: Her tastes in books changed | B: She realized the power of reading | C: Her reading opened her eyes to the world | D: She began to perceive the world differently,A,4,['unique shortest'],combo_surface_score,"{'A': 1.0, 'B': 0.0, 'C': -0.8, 'D': 0.15}",A
D,,2022.06.set1,hit,A: She is a website designer | B: She is a university graduate | C: She is a main street store owner | D: She is a successful entrepreneur,D,5,['section prior'],combo_surface_score,"{'A': 0.0, 'B': 0.0, 'C': -0.8, 'D': 0.15}",A
D,,2022.06.set1,hit,A: They were repeatedly rejected by shops | B: They were popular with her classmates | C: They showed her natural talent | D: They were mostly failures,D,6,"['unique shortest', 'unique modal_soft slight penalty', 'section prior']",combo_surface_score,"{'A': 0.0, 'B': 0.0, 'C': 0.0, 'D': 0.9500000000000001}",A
A,,2022.06.set1,miss,A: Mostly by chance | B: Basically objective | C: Subject to their mental alertness | D: Dependent on their analytical ability,B,14,['unique shortest'],combo_surface_score,"{'A': -0.05000000000000002, 'B': 1.0, 'C': 0.0, 'D': 0.5}",B
B,,2022.06.set1,miss,A: Looking the speaker in the eye | B: Listening carefully to the speaker | C: Measuring the speaker's breathing rate | D: Focusing on the speaker's facial expressions,A,15,['section prior'],combo_surface_score,"{'A': 0.15, 'B': 0.0, 'C': 0.0, 'D': 0.0}",B
A,,2022.06.set1,hit,A: They don't treat patients with due respect | B: They witness a lot of doctor-patient conflicts. | C: They have to deal with social workers9 strikes | D: They don't care how much patients have to pay,A,16,['section prior'],combo_surface_score,"{'A': 0.15, 'B': -0.7, 'C': 0.0, 'D': -0.8}",C
D,,2022.06.set1,miss,A: Appear submissive and grateful to doctors and nurses | B: Express a strong desire to be consulted or informed | C: Refrain from saying anything that sounds negative | D: Note down the names of all the doctors and nurses,C,17,"['unique shortest', 'unique negation slight penalty']",combo_surface_score,"{'A': 0.15, 'B': 0.0, 'C': 0.8, 'D': -1.0}",C
C,,2022.06.set1,miss,A: Cooperative | B: Appreciative | C: Passive | D: Responsive,A,18,['section prior'],combo_surface_score,"{'A': 0.15, 'B': 0.0, 'C': 0.0, 'D': 0.0}",C
C,,2022.06.set1,miss,A: Its members work together despite risks of failure | B: It prioritizes recruiting young energetic members | C: Its members stay in touch even after it breaks up | D: It grows more and more mature professionally,B,19,['unique shortest'],combo_surface_score,"{'A': -0.05000000000000002, 'B': 1.0, 'C': -0.8, 'D': -0.2}",C
B,,2022.06.set1,hit,A: Their differences are likely to impact productivity | B: Their similarity is conducive to future collaboration | C: Their connections strengthen with the passage of time | D: Their mutual understanding stems from a common goal,B,20,['unique future'],combo_surface_score,"{'A': 0.44999999999999996, 'B': 1.0, 'C': 0.0, 'D': -0.7}",C
A,,2022.06.set1,hit,A: It is characterized by diversity | B: Its goals are quite inconsistent | C: Its members have similar backgrounds | D: It is connected by a unique mechanism,A,21,['section prior'],combo_surface_score,"{'A': 0.15, 'B': 0.0, 'C': 0.0, 'D': -0.8}",C
D,,2022.06.set1,miss,A: It empowers them to cope with irrational emotions | B: It will guarantee the profits from their investments | C: It will turn them into successful financial planners | D: It enables them to focus on long-term investments,A,23,['section prior'],combo_surface_score,"{'A': 0.15, 'B': 0.0, 'C': 0.0, 'D': 0.0}",C
D,,2022.06.set1,hit,A: They count on others to take the responsibility | B: They change their investment strategy in time | C: They think they themselves are to blame | D: They persist rather than get discouraged,D,24,"['unique shortest', 'unique comparison slight penalty']",combo_surface_score,"{'A': -0.85, 'B': 0.5, 'C': 0.0, 'D': 0.8}",C
B,,2022.06.set1,miss,A: They do not resist novel lifestyles | B: They do not try to keep up with others | C: They do not care what they have acquired | D: They do not pressure themselves to get rich.,A,25,"['unique shortest', 'section prior']",combo_surface_score,"{'A': 1.15, 'B': -1.0, 'C': 0.0, 'D': 0.0}",C
A,,2022.12.set1,hit,A: She hasn't started writing it | B: She hasn't decided on a topic | C: She is proofreading the first draft | D: She is working on the references,A,1,['unique shortest'],combo_surface_score,"{'A': 1.0, 'B': 0.0, 'C': 0.0, 'D': 0.15}",A
B,,2022.12.set1,hit,A: He lent many books to the man for reference | B: He offered the man advice on resource hunting | C: He published a lot in a number of reputable journals | D: He told the man to be selective when using e-resources,B,2,"['unique shortest', 'unique advice_plan slight penalty']",combo_surface_score,"{'A': 0.0, 'B': 0.8, 'C': 0.0, 'D': 0.15}",A
A,,2022.12.set1,miss,A: He didn't think her dissertation topic viable | B: He wasn't interested in her dissertation topic | C: He didn't want her to rush through her dissertation | D: He wasn't specific about the length of her dissertation,D,3,['section prior'],combo_surface_score,"{'A': 0.0, 'B': 0.0, 'C': 0.0, 'D': 0.15}",A
D,,2022.12.set1,hit,A: Change her research methodology | B: Narrow down her dissertation topic | C: Consult her professor more | D: Follow the man's advice,D,4,"['unique advice_plan slight penalty', 'section prior']",combo_surface_score,"{'A': -0.7, 'B': -0.8, 'C': -0.2, 'D': -0.05000000000000002}",A
C,,2022.12.set1,miss,A: He has translated 12 books | B: He is a well-known nutritionist | C: His books sell well worldwide | D: His latest book sold a million copies,A,5,"['unique shortest', 'unique number penalty']",combo_surface_score,"{'A': 0.30000000000000004, 'B': 0.0, 'C': 0.0, 'D': -0.65}",A
C,,2022.12.set1,miss,A: The desire of Americans to try exotic cuisines | B: The demand for information about food safety | C: The fact that over half of Americans are overweight | D: The fact that science books are difficult to read,B,6,['unique shortest'],combo_surface_score,"{'A': 0.0, 'B': 1.0, 'C': 0.0, 'D': 0.15}",A
D,,2022.12.set1,hit,A: The general public | B: Those who are overweight | C: Those who want to lose weight | D: The medical community,D,7,"['unique abstract', 'section prior']",combo_surface_score,"{'A': 0.0, 'B': 0.0, 'C': -0.8, 'D': 0.65}",A
B,,2022.12.set1,miss,A: Switch to a vegetarian diet | B: Follow a personalized diet | C: Adhere to doctors' advice | D: Cut carbohydrate intake,D,8,"['unique shortest', 'section prior']",combo_surface_score,"{'A': -0.8, 'B': 0.0, 'C': 0.0, 'D': 1.15}",A
