key,question,section,answer,confidence,votes,sources,evidence
2022.06.set1,1,A,A,high,"{""A"": 1}",2022.06英语六级考试解析第1套/page-02,"1. What do we learn about David Jackson from the conversation? A）【精析】细节辩认题。句(1)中,女士在介绍男士的 时候明确指出，男士是一位职业撰稿人。因此答案 为 A)。"
2022.06.set1,2,A,B,high,"{""B"": 1}",2022.06英语六级考试解析第1套/page-02,"2. What does the man think of young teenagers? B）【精析】细节辨认题。女士提到男士有两个孩子， 一个11岁，一个14岁，并问男士现在正在应对的 最有趣的问题是什么。男士回答说，他发现他们的 这个年龄段非常棒。根据句(2)可知，男士认为这 个年龄段的孩子们很独立，有他们自已感到好奇和 迷恋的事物。因此答案为B)。 Questions 5 to 8 are based on the conversation you have just heard. entrepreneur. Molly, tell us about your business. disasters. 六级2022年6月24"
2022.06.set1,3,A,C,high,"{""C"": 1}",2022.06英语六级考试解析第1套/page-02,3. How does the man help his kids with their essays? C）【精析】细节辨认题。当女士问男士孩子们是否请 他校对文章时，男士给出了肯定回答，并在句（3)中 提到，他只是进行鼓励。男士认为，对于这个年龄 段的孩子们来说，编辑方面的指导不如鼓励重要。 因此答案为 C)。
2022.06.set1,4,A,A,high,"{""A"": 1}",2022.06英语六级考试解析第1套/page-02,"4. What does the woman say about herself when she was a teenager? A）【精析】细节辨认题。句（4）中，女士说，她认为孩 子们到了青春期，对书的品位就会改变，并提到她 十几岁的时候确实是这样的。也就是说，她十几岁 时对书的品位有所变化。因此答案为A)。 M: (5)In this episode of Money Talks, our guest is Molly Sanders, a university student and a successful young W: Well, I sell specialty clothes through a website, mainly for women who have trouble finding suitable clothes in main street sho"
2022.06.set1,5,A,D,high,"{""D"": 1}",2022.06英语六级考试解析第1套/page-03,5. What do we learn about the woman? D)【精析】细节辨认题。句(5)中，男士介绍女士时就 明确指出，女士是一名在校大学生，也是一位成功 的年轻企业家。因此答案为D)。
2022.06.set1,6,A,D,high,"{""D"": 1}",2022.06英语六级考试解析第1套/page-03,"6. What does the woman say about the clothes she made at first? D）【精析】细节辨认题。当男士问女士她是受过专业 的服装设计或缝纫方面的培训，还是天生就有制作 服装的才能时,女士给出了否定回答,并且在句（6) 中说，没有人教她做衣服，她刚开始做的衣服大多 数都是灾难。也就是说，女士刚开始做的衣服大多 都是失败的。因此答案D）。"
2022.06.set1,8,A,D,medium,"{""D"": 1}",2022.06英语六级考试解析第1套/page-03,8. What does the woman plan to do in the future? D）【精析】细节推断题。男士问女士将来有什么打 算，是否会开一家实体店。女士对男士说，她会继 续在网上经营以降低成本，根据句（8)可知，女士会 增加更多童装，包括男童装、女童装，甚至可能会做 一些婴儿服装。她还希望增加男士服装设计的系 列。由此可知，女士在将来会扩展自已的业务。因 此答案为D)。 生素分子。因此答案为A)。
2022.06.set1,9,B,C,medium,"{""C"": 1}",2022.06英语六级考试解析第1套/page-03,"9. What have researchers done for the first time in history? A）【精析】细节辨认题。句（9)中提到，研究人员说， 这是人工智能首次被用来寻找一种强大的新型抗 六级2022年6月 C）【精析】细节辨认题。男士问女士，既然经常失败， 为什么还要坚持制作服装。女士回答说，自已之所 以能坚持下去，是因为她有这方面的需要。根据句 (7)可知,女士非常高，因此，在普通商店里找不到 合适的衣服。也就是说，她找不到适合自已尺码的 衣服。因此答案为C)。"
2022.06.set1,13,B,D,medium,"{""D"": 1}",2022.06英语六级考试解析第1套/page-04,13. What does the passage say about most lies? D）【精析】细节辨认题。句(13)中提到，平均来说，我 们每天要面对200次左右的谎言。这些谎言大多 是无害的，但它们终归是谎言。因此答案为D)。 Section C: Questions 16 to 18 are based on the recording you have just heard. famous or very rich. 六级2022年6月26 试。根据句（11)可知，人工智能还可以预测化合 物是否可能有毒。因此答案为B)。
2022.06.set1,14,B,A,high,"{""A"": 1}",2022.06英语六级考试解析第1套/page-04,14. What have many studies uncovered about the average person's lie detection? A）【精析】细节推断题。句(14)中提到，如果对像你 和我这样的普通人进行严格的辨别谎言的测试， 我们做得不比凑巧得出的结果好多少。许多为找 出可靠的谎言检测方法所做的研究和为此进行了 大量尝试的研究人员都可以充分证实这一结果。 也就是说，普通人对于谎言的辨别也不过是凑巧 而已。因此答案为A）。
2022.06.set1,15,B,B,high,"{""B"": 1}",2022.06英语六级考试解析第1套/page-04,"15. What advice does the new research offer regarding lie detection? 【精析】细节辨认题。短文临近结尾处，明确指出 B)[ 有一项新研究提供了一些关于辨别谎言的建议。 根据句（15）可知，该建议就是：不要使用视觉，而 应该使用听觉。因此答案为B)。 A recent study overturned what we think we know about lying. (12-1)Most of us have a theory about how to tell if someone is telling a lie. We may develop that theory from observations of those people we know well and see regularly, but we t"
2022.06.set1,16,C,A,high,"{""A"": 1}",2022.06英语六级考试解析第1套/page-05,"16. What does the speaker say .about most American hospitals? A）【精析】细节推断题。讲话者在讲座开头提供了一 些应对当今美国医疗机构的策略。在句（16)中， 讲话者提到，患者希望得到尊重和体谅。但根据 她的经验，很少有医院或医生愿意这样做。也就 是说,在美国，大多数医院和医生都对患者不够尊 重和体谅。因此答案为A)。"
2022.06.set1,17,C,D,high,"{""D"": 1}",2022.06英语六级考试解析第1套/page-05,17. What does Karen Brudney suggest patients do? D）【精析】细节辨认题。讲座中，讲话者提到了凯 伦·布鲁特妮对她说的话，根据句(17)可知，在医 Questions 19'to 21 are based on the recording you have just heard. stay connected even after the team breaks up. members are obliged to share the workload and help out. 六级2022年6月 院的时候，身边有人陪同十分重要，这位随同人员 应该随时记录下每个问题和答案，以及每位医生一 和护士的名字，以此来让医生和护士们有所顾忌， 从而有更好的表现。因此答案为D)。
2022.06.set1,18,C,C,high,"{""C"": 1}",2022.06英语六级考试解析第1套/page-05,"18. What do American doctors expect their patients to be, according to Karen Brudney? 【精析】细节辨认题。讲话者借助凯伦·布鲁特妮 C) 的话，表明了美国医护人员对待患者的态度。根 据句(18)可知，他们希望患者是完全被动的。因 此答案为 C)。 127 There are probably teams you've worked with but you never want to work with again. But there must have also been other teams that you would prize reuniting with professionally. In other words, your team had vitality. (i9)Vitalit"
2022.06.set1,19,C,C,high,"{""C"": 1}",2022.06英语六级考试解析第1套/page-06,19. What does the speaker say about a team with vitality? 【精析】细节推断题。根据句（19)可知，当人们与 其他团队成员形成的联系使得他们即使在团队解 散后也能保持联系时，活力便会产生。也就是说， 有活力的团队，其成员在团队解散后也会保持联 系。因此答案为C)。
2022.06.set1,20,C,B,high,"{""B"": 1}",2022.06英语六级考试解析第1套/page-06,"20. What do the researchers find out about members of a team? B）【精析】细节推断题。根据句(20)可知，团队中拥 有相似人口统计特征的成员越多，他们就越有可 能在团队实现其目标后很长一段时间内保持联 系。联系形成后，相似性会将其强化。于是，他们 Questions 22 to 25 are based on the recording you have just heard. your income and living off the remaining 80%. "" 答案详解"
2022.06.set1,21,C,A,high,"{""A"": 1}",2022.06英语六级考试解析第1套/page-06,21. What do we learn about the team the speaker is currently working in? A）【精析】细节推断题。根据句（21)可知，讲话者所 在团队中的四个成员从人口统计角度上来说各不 相同，但这个团队却是他所经历过的最成功、最有 凝聚力的团队。讲话者不会质疑员工多样性的价 值。由此可见，讲话者目前所在团队的最大特点 就是多样性。因此答案为A）。
2022.06.set1,22,C,A,medium,"{""A"": 1}",2022.06英语六级考试解析第1套/page-06,22. What do experts recommend concerning being thrifty? A）【精析】细节辨认题。讲座提到节俭时，提到了专 家的建议。根据句（22)可知，该建议是：将收入的 20%存起来，将剩下的80%用于生活。因此答案 为A)。 六级2022年6月 会对这些人有更多的信任和相互理解，这会促使 他们寻求进一步的合作机会。简而言之，团队成 员之间的相似性有助于在未来形成合作关系。因 此答案为B)。
2022.06.set1,23,C,D,high,"{""D"": 1}",2022.06英语六级考试解析第1套/page-06,"23. How does confidence help people to be thrifty? D）【精析】细节推断题。讲座中说，信心有助于人们 节约。根据句(23)可知，量人为出需要信心，合理 投资也需要信心。理财规划师建议；不要凭感情 做出投资决策，而应该减少对投资的干扰，专注于 长期投资计划。也就是说，信心会让人们专注于 28 An American researcher who studied 6o0 millionaires found how rich you can get comes down to six wealth factors.. She found that six behaviors are related to net worth potential, regardless of age or income. These were thriftine"
2022.06.set1,24,C,D,high,"{""D"": 1}",2022.06英语六级考试解析第1套/page-07,"24. How do millionaires react when they fail in their investment? D）【精析】细节辨认题。句（24)中提到，百万富翁不 会指望别人让他们富有，如果他们自已做不到，也 不会责怪任何人。他们专注于自已可以控制的事 情，并将日常习惯与自已设定的目标保持一致。 他们往往以目标为导向，努力工作，这使得他们能 够制订财务计划，并专注于完成这些计划。也就 Part II Reading Comprehension Section A Historyof Bathing inBath”（《巴斯浴场简史》）的文章。 【结构框图】 第1段讲述巴斯这座城市因为巴斯浴场而闻名。 第2段提到巴斯温泉的地理位置。 本文主要介绍了巴斯浴场 的历史及现状。 第3段讲述了巴斯浴场的一些神奇的传说。 第4段介绍了巴斯浴场的现状。 【词性分析】 走,潜行 的，先"
2022.06.set1,25,C,B,high,"{""B"": 1}",2022.06英语六级考试解析第1套/page-07,"25. Why does the speaker say millionaires are socially indifferent? 【精析】细节辨认题。根据句（25)可知，百万富翁 B) 不会屈服于压力去购买最新的东西，也不会试图 跟上其他人或他们已经获得的东西。也就是说， 百万富翁看上去对社交漠不关心，原因之一是他 们从不试图与别人保持一致。因此答案为B)。 符合句意，故答案为B)。 28.【考点】副词辨析题。 K）【语法判断】空格前为主语Bath和be动词is,空 格后为过去分词known，beknownas有“以..... 著称”之意，可以推断出空格处应填入副词来说明 known的程度。 【语义判断】空格所在句大意为：“尽管巴斯主要作 为一座古罗马风和乔治王时代风城市而出名，但 在中间的几个世纪里，有很多人为了泡温泉来到 这里。""principally意为“主要地”，符合语境。"
2022.12.set1,1,A,A,high,"{""A"": 1}",2022.12六级真题第1套答案及详解/page-02,1. What does the woman say about her dissertation? A【精析】细节辩认题。对话一开始，男士询问女士 的论文进度，女士在句(1)中回答说她还没开始写。 因此答案为A)。
2022.12.set1,2,A,B,high,"{""B"": 1}",2022.12六级真题第1套答案及详解/page-02,2. What does the man say about his professor? B）【精析】细节辨认题。句(2)中男士提到，他在开始 写论文之前先和教授讨论了去哪里找资料的问题。 基于这个讨论，他在图书馆找到了参考书，并在网 上找到了大量知名期刊文章。因此答案为B)。
2022.12.set1,3,A,A,high,"{""A"": 1}",2022.12六级真题第1套答案及详解/page-02,"3. What does the woman say about her professor? A)【精析】细节辨认题。女士认为自己无法开始写论 Questions 5 to 8 are based on the conversation you have just heard. celebrity authors writing about science today. M: Thanks for having me, Rebecca, but I'm hardly a celebrity. fascinated with your work? 文是因为自已的题目不可行。根据句（3可知，她 的教授确实在一开始的时候提醒她可能会找不到 足够的资料。因此答案为A)。"
2022.12.set1,4,A,D,high,"{""D"": 1}",2022.12六级真题第1套答案及详解/page-02,"4. What do we learn the woman will do to complete her dissertation? D【精析】细节推断题。男士认为女士的论文题目太 过狭窄，如果将题目扩大可能会找到更多资料。根 据句(4)可知，女士认为扩大题目是个好主意，她会 将对其他地区的民间传说的描述囊括进来。由此 可知，女士会听从男士的建议。因此答案为D)。 W: Today, on Book Talk , we are lucky enough to host John Robbins and discuss his new book, Why Americans Are Fat and How We Can Lose Weight. (5-1)John isn't just a respected writer; he's also one of the rare W: Th"
2022.12.set1,5,A,C,high,"{""C"": 1}",2022.12六级真题第1套答案及详解/page-03,5. What does the woman say about the man in her introduction? C）【精析】细节推断题。句(5-1)中女士介绍说，约翰 不仅是一位受人尊敬的作家，还是当今为数不多的 撰写科学类文书的名人作家之一。根据句(5-2)可 知，男士的4部著作在全球总共售出了700万册， 并被翻译成12种不同的语言。由此可知，男士的 著作畅销全世界。因此答案为C)。
2022.12.set1,6,A,C,high,"{""C"": 1}",2022.12六级真题第1套答案及详解/page-03,6. What has motivated the man to write his books? C）【精析】细节推断题。女士问男士是什么让人们对 他的书作如此着迷。男士在句（6)中回答，人们读 他的书是因为超过60%的美国人超重或肥胖，其 他国家也面临类似的问题。总的来说，大家都想知 道如何解决问题。也就是说，超过一半美国人都超 Section B Questions 9 to 11 are based on the passage you have just heard. your brain and your body. effective. 答案详解
2022.12.set1,7,A,D,high,"{""D"": 1}",2022.12六级真题第1套答案及详解/page-03,7. Who does the man say his last book was mainly written for? D）【精析】细节辨认题。男士在句(7)中明确提到，他 的上一部书主要是为医学界写的。因此答案为 D)。
2022.12.set1,8,A,B,high,"{""B"": 1}",2022.12六级真题第1套答案及详解/page-03,"8. What does the man recommend people do? B）【精析】细节推断题。句(8)中男士提到，他认为每 个人都需要考虑自己的新陈代谢，吃适合自己身体 需求的东西。他不提倡单一饮食。有些人应该比 其他人摄人更多的碳水化合物。不同的人对蛋白 质和脂肪的需求量不同。也就是说，男士建议人们 遵循个性化饮食。因此答案为B)。 B）【精析】细节辨认题。句（9)中提到，研究人员发 现，将老鼠置于压力状态下几个小时就会使它们 Stress is often depicted as negative, but research shows that moderate amounts of it can be beneficial for First, the benefits for the brain. Studies have shown that short per"
2022.12.set1,9,B,C,high,"{""C"": 1}",2022.12六级真题第1套答案及详解/page-03,9. What did researchers discover about rats placed briefly in a stressful situation? 22年12月六级真题第1套详解 第3页，共15页 重的事实让人们都想知道如何解决这个问题，这也 就驱动了男士去写相关的书。因此答案为C)。
2022.12.set1,10,B,A,high,"{""A"": 1}",2022.12六级真题第1套答案及详解/page-04,10. Why do people tend to have clear memories of dangerous situations they have encountered? A）【精析】细节推断题。句（10)中提到，更善于记住 危险情况的动物将来可以避开这些危险。例如， 如果动物遇到捕食者并逃脱，记住这种遭遇发生 的地点和时间是很重要的。专家断言，同样的原 Questions 12 to 15 are based on the passage you have just heard. 答案详解
2022.12.set1,12,B,D,high,"{""D"": 1}",2022.12六级真题第1套答案及详解/page-04,12. What does the speaker say is a common problem with managers? D）【精析】细节辨认题。句(12)中提到，对于许多管 理者和担任领导职务的人来说，处理电子邮件让 人左右为难。就数量、重要性和紧迫性而言，日常 电子邮件的不可预测性、不可控制性和持续性可 能导致他们的焦虑程度上升以及领导能力下降。 因此答案为D)。
2022.12.set1,13,B,C,medium,"{""C"": 1}",2022.12六级真题第1套答案及详解/page-04,13. What may happen when managers ignore minor problems? D）【精析】细节推断题。根据句(13)可知，管理者们 忽略了起初可能只是小问题的事情，直到这些事情 不幸由于疏忽而不可避免地变成了重大问题或危 机。也就是说，忽视小问题可能会导致重大问题。 因此答案为D)。 Section C Questions 16 to 18 are based on the recording you have just heard. from a different fieldmarketing. 过的危险情况有清晰的记忆是为了将来避开它 们。因此答案为A)。 1l. What do scientists believe chronic stress can do? C）【精析】细节辨认题。句(11)中明确提到，科学家 承认，长期的压力会让人更容易生
2022.12.set1,14,B,B,high,"{""B"": 1}",2022.12六级真题第1套答案及详解/page-04,14. What are leaders expected to do in pursuing their strategic goals? 【精析】细节辨认题。句(14)中提到，作为领导者， B)[ 他们应该激励自己的团队去追求长期战略目标， 应该少些雄心而更实际地监控团队的日常产出、 设定明确的预期并定期提供反馈。因此答案 为B)。
2022.12.set1,15,B,A,high,"{""A"": 1}",2022.12六级真题第1套答案及详解/page-04,"15. How can a manager best avoid being distracted by email? A）【精析】细节辨认题。短文中提到，领导者必须从 其他任务中转移资源来查看、过滤和回复电子邮 件。根据句（15)可知，这一问题的解决方法是培 养自制力，就像肌肉一样—一随着时间的推移，肌 肉可以通过锻炼得到加强或改善。因此答案 为A)。 (12) For many managers and people who work in leadership positions, dealing with emails is a dilemma. It's likely the unpredictable, uncontrollable and ongoing nature of day-to-day email in terms of volume, importance an"
2022.12.set1,16,C,D,high,"{""D"": 1}",2022.12六级真题第1套答案及详解/page-05,16. What does the speaker say a team of marketing professors has studied? D）【精析】细节辨认题。句(16)中提到，一个营销教 授团队研究了食物视觉方面的重要性以及它如何 影响食物选择。因此答案为D)。
2022.12.set1,17,C,A,high,"{""A"": 1}",2022.12六级真题第1套答案及详解/page-05,17. How have medical professionals tried to fight obesity? A）【精析】细节辨认题。根据句（17)可知，医疗专业 人员试图通过关注不同食物中的营养成分和强调 碳水化合物、脂肪、糖和卡路里等的含量来对抗肥 Questions 19 to 21 are based on the recording you have just heard. dollars a year and is dominated by large global companies. 胖流行病。因此答案为A)。
2022.12.set1,18,C,B,high,"{""B"": 1}",2022.12六级真题第1套答案及详解/page-05,"18. What can other companies learn from the example of the carrot promotion campaign? B）【精析】细节辨认题。讲座中提到了一个通过强调 胡萝卜的外观和口感而成功将胡萝卜的销售量提 高的案例。句(18)中讲话者提到，研究人员认为， 其他公司可以通过类似的广告来增加健康食品的 销量，将他们的产品描述为有吸引力和快乐的源 泉。因此答案为B)。 The household cleaning products industry really began to take off in the 1950s. Prior to that resourceful housewives, who had grown up in a less prosperous era, relied on substances that"
2022.12.set1,19,C,C,high,"{""C"": 1}",2022.12六级真题第1套答案及详解/page-06,"19. What does the speaker say about the cleaning products industry in recent years? C）【精析】细节辩认题。句(19)中提到,近年来,许多 国家提供更多环保清洁产品的小公司的数量激 增，而且他们的生意也做得很好。因此答案 为C)。"
2022.12.set1,20,C,A,high,"{""A"": 1}",2022.12六级真题第1套答案及详解/page-06,20. Why are newly developed cleaning products Selling well? A）【精析】细节推断题。根据句(20)可知，过去，人们 可能会对声称能够达到惊人的清洁效果的新产品 Questions 22 to 25 are based on the recording you have just heard. stick. 答案详解
2022.12.set1,21,C,C,medium,"{""C"": 1}",2022.12六级真题第1套答案及详解/page-06,"21. What are some customers doing to help promote non-traditional cleaning products? B）【精析】细节辨认题。根据句（21)可知，顾客通过 在社交媒体上留言（称赞它们的优点）来为这些产 品进行营销。因此答案为B)。 collected from New York City's park fountains? C）【精析】细节辨认题。句(23)中明确提到,在纽约 市，从公园里的喷泉中收集的硬币通常用于喷泉 的维护。因此答案为 C)。"
2022.12.set1,22,C,B,high,"{""B"": 1}",2022.12六级真题第1套答案及详解/page-06,22. What problem might be caused by the growing piles of coins in fountains? B）【精析】细节推断题。讲座开头提到，将零钱扔进 喷泉是一种历史悠久的仪式：把一便士扔进水里， 你的愿望可能会实现。但这些钱都得去往别处。 根据句（22)可知，否则的话，越来越多的便士、美 分和欧元可能会堵塞喷泉装置。因此答案为B）。
2022.12.set1,23,C,A,high,"{""A"": 1}",2022.12六级真题第1套答案及详解/page-06,23. What does the speaker say about the coins 22年12月六级真题第1套详解第6页，共15页 持怀疑态度，但他们现在相信技术有能力完成曾 经被认为不可能的事情。也就是说，消费者现在 对技术有了更多的了解，所以新兴清洁产品会畅 销。因此答案为A)。
2022.12.set1,24,C,C,high,"{""C"": 1}",2022.12六级真题第1套答案及详解/page-06,"24. What do we learn about the money collected from Rome's Trevi Fountain? C）【精析】细节辨认题。讲座中提到，数百年来都有 游客把硬币扔进罗马著名的特雷维喷泉，罗马官 Throwing spare change into a fountain is a time-honored ritual: throw a penny into the water, and your wish might come true. But all that money has to go somewhere. (22)Otherwise, the growing piles of pennies, quarters and euros could clog up the fountain's works. Today, I'm g"
2022.12.set1,25,C,A,medium,"{""A"": 1}",2022.12六级真题第1套答案及详解/page-07,"25. What does the speaker say about Thomas Morgan? Reading Comprehension Part II Section A 的文章。 【结构框图】 第1、2段回忆了作者在课堂中遇到的危险事件：一个患有精神分裂 症的女人出现在教室并表示自已有枪，之后被制服并送进医院。 本文主要介绍了作者在美国 做访问诗人时遭遇的危险。 第3段描述了作者女儿遇到的危险事件：在作者的丈夫送女儿去参加 日间露营的路上，一个女人差点儿把孩子带走。 【词性分析】 联网 答案详解 26.【考点】动词辨析题。 F）【语法判断】空格前面是第一人称代词we和限定 词all,后面直接句点结尾，可推断出空格处是一个 不及物动词。结合文章时态可知，空格处应为动 词的过去式。 【语义判断】空格所在句的前一句提到，有个女人 表示自已有枪并且想要使用它们，由此可推断教 室中的人都"
2022.12.set2,1,A,A,high,"{""A"": 1}",2022.12六级真题第2套答案及详解/page-02,1. What message does the woman convey in her book? A】【精析】细节辨认题。当男士问女士她认为是什么 使得她的书那么成功时，女士在句（1）中明确给出 了答案，那就是她在书中传达的信息，即：将幸福的 重要性排在金钱的前面。A)选项与原文的意思完 全一样，区别仅在于原文中使用了词组makesth. apriorityoversth.，而选项中使用了动词 prioritize。因此答案为A)。
2022.12.set2,2,A,A,high,"{""A"": 1}",2022.12六级真题第2套答案及详解/page-02,2. What do we learn about the woman before she became a writer? A【精析】细节推断题。根据句(2)可知，女士此前是 一名高管，薪水很高，但债务也在不断累积，女士则 以数字情况具体讲述了她的财务状况，四年前她辞 去工作开始写书时，已经有了几百万的收入，但却 还欠着3万美元的债务。综上，女士在成为作家之 前，是负有债务的。因此答案为A）。 Questions 5 to 8 are based on the conversation you have just heard. retirement functioned. 22年12月六级第2套详解第2页，共15页
2022.12.set2,3,A,D,high,"{""D"": 1}",2022.12六级真题第2套答案及详解/page-02,3. What does the woman say about one's financial behavior? D)【精析】细节推断题。女士说我们应该重视真正使 我们快乐的事物，接着句（3提到，一且我们把这些 事物放在首位，我们的人生目标就会改变，而我们 的财务行为也会随之而发生改变，由此可知，我们 的财务行为受我们的生活目标影响，会与之一起发 生变化。因此答案为D)。
2022.12.set2,4,A,C,high,"{""C"": 1}",2022.12六级真题第2套答案及详解/page-02,"4. What does the man say about sharing a home? C）【精析】细节推断题。当听女士说可以通过共享居 所、少去饭店吃饭或使用公共交通工具出行这些行 为来体现生活目标以及财务行为的变化时，男士在 句（4)中提到，这些对他来说是重大牺牲，他做不到 与人共享居所，因为他需要拥有自已的空间。也就 是说，与他人分享住所对男士来说意味着重大的牺 牲。因此答案为C)。 W: Thank you for inviting me to the gallery, Christopher. I haven't visited here since your predecessor's M: Would you like to see the newest additions to our collection first, Catherine?"
2022.12.set2,5,A,C,high,"{""C"": 1}",2022.12六级真题第2套答案及详解/page-03,5. What do we learn about one of the newest additions to the gallery's collection? C）【精析】细节辨认题。根据句(5)可知，男士向女士 介绍画廊的新增画作，并告诉女士其中第一幅作品 是由画家自己捐赠给画廊的。因此答案为C)。
2022.12.set2,6,A,D,high,"{""D"": 1}",2022.12六级真题第2套答案及详解/page-03,6. What does the man say about one of the most acclaimed paintings by Daniel Gregory? D)【精析】细节辨认题。男士向女士介绍画廊展出的 丹尼尔·格雷戈里的另一幅作品时，在句（6)中提 到，那是画家最受赞誉的一幅作品，并说这幅作品 是由一位不愿意公开姓名的私人收藏家购买后借 给画廊进行展出的，由此可知，那幅作品属于这位 匿名收藏家。因此答案为D)。
2022.12.set2,7,A,B,high,"{""B"": 1}",2022.12六级真题第2套答案及详解/page-03,7. Why does the woman say she can feel immersed in the scene in the painting? B）【精析】细节推断题。根据句（7)，女士先感慨于画 Section B Questions 9 to 11 are based on the passage you have just heard. forgiveness provides physical health benefits. by challenging circumstances in the offender's life. 22年12月六级第2套详解第3页，共15页 作中有大量的细节，之后向男士感叹她有一种身临 其境的感觉，由此可以推断，是那些细节让她有了 这样沉浸其中的感觉。因此答案为B)。虽然女士 马上也指出她特别喜欢画面中湖光山色所形成的 对称之美，但C
2022.12.set2,8,A,B,high,"{""B"": 1}",2022.12六级真题第2套答案及详解/page-03,"8. How does the man describe Daniel Gregory? B）【精析】细节推断题。男士说，画家丹尼尔·格雷 戈里一点儿都不古怪。接着句(8)提到，她非常平 易近人，也特别聪明。选项中用近义词nice替代 了原文中的easygoing，保留了原文中的 intelligent，并且没有采用原文中的“one of the most...""这样的表达方式，而是直接使用副词very 来修饰形容词nice和intelligent，但这些小的变化 并不改变意思的表达。因此答案为B)。 Forgiveness is the release of resentment or anger. Forgiveness doesn't mean reconciliation. We don't have to return to the same relationship, nor"
2022.12.set2,9,B,A,high,"{""A"": 1}",2022.12六级真题第2套答案及详解/page-04,"9. What does the passage say about forgiveness? A）【精析】细节辨认题。句(9)提到,宽恕对某些受害 者的心理健康至关重要。因此答案为A）。本题各 选项中干扰性最强的是D),因为文中提到了it propels people forward rather than keeping them emotionally engaged in an injustice or trauma,但 原文中所表达的意思是“使这些人不再深陷于那 些情感上的偏颇或创伤不可自拔”，而D)选项中 所表达含义是“让他们不经受痛苦难忘的经历”， 故排除D)。"
2022.12.set2,12,B,A,high,"{""A"": 1}",2022.12六级真题第2套答案及详解/page-04,12. What does the passage say about the Glasgow subway in the 1960s? A）【精析】细节辨认题。句（12）提到，在20世纪60 年代，造船业出现了衰退，私人运输的普及率上 升。因此，地铁乘客量迅速下降。选项中与之对 应的为A)，所以答案为A)。选项以passengers代 替了原文中的ridership，用dropped sharply来表 述原文中arapiddecline的意思。
2022.12.set2,13,B,C,medium,"{""C"": 1}",2022.12六级真题第2套答案及详解/page-04,13. Why was the Glasgow subway closed in 1977? C）【精析】细节推断题。句（13)明确指出，1977年， 这条线路被关闭，是因为新的运营商投人大量资 金进行现代化改造，换句话说，关闭地铁是为了完 Section C Questions 16 to 18 are based on the recording you have just heard. 22年12月六级第2套详解第4页，共15页 【精析】细节辨认题。句（10)指出，当冒犯的一方 B) 给出的道并不真诚，或者他们根本没有显露出 任何歉意时，宽恕就特别有挑战性。因此答案 为B)。 1l. What should one do in order to forgive the offender? 【精析】细节推断题。在讲到该如何对冒犯者进行 C)[ 宽恕时，句(11)提到，通过逐渐对冒犯者
2022.12.set2,14,B,D,high,"{""D"": 1}",2022.12六级真题第2套答案及详解/page-04,14. Why does the Glasgow subway remained important today? D）【精析】细节辨认题。句(14)说，经过改造重新开 通运营后，格拉斯哥地铁的命运发生了重大变化， 作为其他交通方式的可行性替代方案，该地铁大 大缓解了市中心的交通堵塞。因此答案为D)。
2022.12.set2,15,B,B,high,"{""B"": 1}",2022.12六级真题第2套答案及详解/page-04,"15. What does the 'passage say about all subway stations in Glasgow nowadays? B）【精析】细节辨认题。句(15)提到，所有地铁站都 使用了智能卡售票机和智能闸机等高科技系统。 因此答案为B)。 third underground railway, after London and Budapest. In its long history, it has never been expanded remaining as a single loop line with a mere 15 stations. At its peak, it served the shipyard workers on the south side of the city. (12)In the 1960s, there was a"
2022.12.set2,16,C,C,high,"{""C"": 1}",2022.12六级真题第2套答案及详解/page-05,16. What does the speaker say about the bears in national parks now? C）【精析】细节辨认题。句(16)提到，由于在国家公 园中不允许干扰当地动物，这种保护消除了生活 在那里的野生熊类对人类的恐惧，选项中的 unafraidof humans是对原文中breakdownthe wildbears'fearof humans这一部分的同义转述。 因此答案为C)。选项中干扰性比较强的是D)， 因为原文中也提到熊经常去翻垃圾桶，但这与选 项中的“它们特别喜欢垃圾”所表述的意思还是有 一定的偏差，故排除D)。
2022.12.set2,17,C,A,high,"{""A"": 1}",2022.12六级真题第2套答案及详解/page-05,17. What does the speaker say about visitors feeding bears in national parks? Questions 19 to 21 are based on the recording you have just heard. knowledge. keep us from really knowing and understanding each other. 22年12月六级第2套详解第5页，共15页 A）【精析】细节辨认题。句（17)明确指出，在公园中 是严格禁止对熊进行喂食的，违反规定者会被逮 捕。因此答案为A)。
2022.12.set2,18,C,B,high,"{""B"": 1}",2022.12六级真题第2套答案及详解/page-05,18. What is the speaker's advice to people who carry some food while hiking on a park trail? 【精析】细节推断题。句（18)提到，虽然徒步旅行 B) 者在公园小路上遇到熊的概率很小，但这也不是 绝对不可能发生的事情，因为熊似乎有某种天赋， 能够看出来人们身上是否有吃的，而且他还可能 会坚持索要。由此推测，讲话者是想告诉那些在 公园小路上徒步旅行的人，他们还是有可能会碰 上需要食物的大熊的。因此答案为B)。 Why do we form opinions or attitudes about someone or something without really knowing much about them? Just hearing something good or bad about a p
2022.12.set2,19,C,B,high,"{""B"": 1}",2022.12六级真题第2套答案及详解/page-06,19. What does the speaker say about prejudice? B）【精析】细节辨认题。句（19)提到，在真正了解某 人或某事之前形成对他们的看法被称为偏见。也 就是说，没有足够的信息就做出判断，即为偏见。 因此答案为B）。选项中用adequateknowledge 对原文中的reallyknowingthemwell进行了同 义转述。 dangerous? Questions 22 to 25 are based on the recording you have just heard. American student. best I can. 答案详解
2022.12.set2,21,C,A,high,"{""A"": 1}",2022.12六级真题第2套答案及详解/page-06,21. When does the speaker say we begin to develop prejudiced attitudes? 【精析】细节辨认题。句（21)提到，当我们的自豪 感开始转变为优越感时，我们就会开始形成带有 偏见的态度。因此答案为A)。 人在十几岁的时候都认为那时候形成的友谊可以 持续一生，但其实，慢慢地，工作、家庭、悲剧事件 会让人们逐渐疏远，友谊也不复存在。虽然原文 中没有提到时间的推移，但其他三个选项都无法 从原文中找到依据，所以只有A)选项与讲座中的 这段话意思相近。因此答案为A）。
2022.12.set2,22,C,D,high,"{""D"": 1}",2022.12六级真题第2套答案及详解/page-06,22. How did the speaker feel when he started high school? D）【精析】细节辩认题。根据句（22），讲话者提到他 刚上高中的时候，就感到特别震惊。因此答案 为D)。
2022.12.set2,23,C,D,medium,"{""D"": 1}",2022.12六级真题第2套答案及详解/page-06,23. What did the speaker once think of teenage friendships? A）【精析】细节推断题。根据句(23），讲话者说，很多 22年12月六级第2套详解第6页，共15页 D）【精析】细节推断题。由问题中的dangerous一词 可以比较容易地找到答案在句（20)，讲话者提到， 偏见很危险，因为它们使我们无法了解某人或某 事的真相。因此答案为D)。
2023.03.set1,1,A,A,high,"{""A"": 1}",2023.03英语六级详解第1套/page-01,1. Where does the conversation most probably take place? A)【精析】细节辨认题。女士在句(1)中提到了菜单， 还说自已有个朋友上周在这里吃过饭。由此可知， 他们是在一家饭店里。因此答案为A)。
2023.03.set1,2,A,D,high,"{""D"": 1}",2023.03英语六级详解第1套/page-01,"2. What do we learn about the woman? D）【精析】细节辩认题。当男士问女士她是否是一个 第1页，共13页 素食主义者时，女士在句(2)中回答说“不完全是”， 并解释说自已不吃肉，但吃鱼、海鲜或蛋没有问题。 由此可知,女士不是完全的素食主义者。因此答案 为D)。"
2023.03.set1,3,A,B,high,"{""B"": 1}",2023.03英语六级详解第1套/page-01,"3. What would be a difficult thing to do according to the woman? B）【精析】细节理解题。男士问女士不吃肉是不是非 People are now increasingly aware of the danger of “appearance anxiety""' or being obsessed with one's depression, anxiety, eating disorders and other health issues. It can also cause some people to spend excessive amounts of money on cosmetic procedures, products and fashion items, leading to financial diffi"
2023.03.set1,5,A,D,high,"{""D"": 1}",2023.03英语六级详解第1套/page-02,5. What was the manager's reason for giving little praise for the man's performance? D）【精析】细节辨认题。女士问男士在年度绩效评估 会议上是否得到了经理的表扬，男士在句（5)中回 答说他的经理几乎没有给他任何表扬，在谈到男士 的成长空间时，经理直接说男士的态度有问题。因 此答案为D)。
2023.03.set1,6,A,B,medium,"{""B"": 1}",2023.03英语六级详解第1套/page-02,"6. What does the woman say about some managers? C）【精析】细节理解题。女士在句(6)中提到，有些经理 使用摆布人的语言来掩饰他们所做出的不合理选择。 选项中的mask和irrational分别是录音中disguise和 unreasonable的同义替换。因此答案为C)。 Section B Questions 9 to 11 are based on the passage you have just heard. 第2页，共13页 为A)。 7. According to the woman, what do some managers think of honesty? B）【精析】细节辨认题。女士在句（7)中说，诚实被认 为是一种罪过，而不是美德，因为它让人感到不舒 服，或者至少让最有权势的人感到不舒服。因此答 案为 B)。"
2023.03.set1,8,A,D,high,"{""D"": 1}",2023.03英语六级详解第1套/page-02,"8. What does the woman think is the priority of many managers? D)【精析】细节辨认题。句(8)中，女士说：“保持他们 的权力和威望是他们的首要任务。”选项中的 preserving是录音中retaining的同义替换。因此 答案为 D)。 W: How did your annual performance evaluation meeting with your manager go? Did you get much in the way M: (5)Next to zero. When we came to the part about discussing my areas for growth, he bluntly told me that I had an attitude problem. But he wo"
2023.03.set1,9,B,B,high,"{""B"": 1}",2023.03英语六级详解第1套/page-03,9. Why does the speaker say athletes are often viewed as heroes? B）【精析】细节辨认题。句（9)中，讲话者提到，运动 员被人们视为英雄，因为他们可以做到我们大多 数人做不到的事情。因此答案为B)。
2023.03.set1,12,B,A,high,"{""A"": 1}",2023.03英语六级详解第1套/page-03,12. What does the speaker say about weddings? A）【精析】细节理解题。句（12)中，讲话者提到，即 使有最细致的预算，也必然会发生一些意想不到 的支出。也就是说，婚礼的费用经常会高于预期。 因此答案为 A)。
2023.03.set1,13,B,A,medium,"{""A"": 1}",2023.03英语六级详解第1套/page-03,13. What do we learn about the wedding of the Canadian woman Susan? B）【精析】细节辨认题。句(13)中提到，苏珊在脸书 上发布了一条关于她现已取消的婚礼的怪异抱 怨。由此可知，苏珊的婚礼已经被取消了。因此 答案为B）。短文中提到这场梦幻婚礼的预算是6 万美元，但没说婚礼共花费6万美元，因此排除 A)；短文中提到只有8个受邀人同意支付1500 美元来参加婚礼，而不是说婚礼只有8位宾客，因 此排除C)；短文中提到，当婚礼无法按预期举行 Section C Questions 16 to 18 are based on the recording you have just heard. 第3页，共13页 【精析】细节辨认题。句(10)中，讲话者提到，许多 高知名度的运动员努力成为孩子们的正面榜样。 因此答案为 C)。 1l
2023.03.set1,14,B,C,high,"{""C"": 1}",2023.03英语六级详解第1套/page-03,14. What did Susan's maid of honor advise her to do? C）【精析】细节辨认题。句（14)中提到，苏珊的伴娘 告诉她应该坚持预算。选项中的keepto是录音 中stick to的同义替换。因此答案为C)。
2023.03.set1,15,B,D,high,"{""D"": 1}",2023.03英语六级详解第1套/page-03,"15. How did Susan respond to her future husband's suggestion? 【精析】细节辨认题。短文中提到，苏珊的未婚夫 D)[ 意识到他们支付不起这场梦幻婚礼的时候，提出 了要去拉斯维加斯结婚的建议。根据句（15）可 知，苏珊很快就拒绝了这一想法。选项中的 rejected是录音中shutdown的同义替换。因此 答案为D)。 a few unexpected costs are bound to occur. While most brides tend to accept this as fact, one Canadian woman, who is only known as Susan, attempted to avoid all wedding costs. She did this by asking her friend"
2023.03.set1,16,C,D,high,"{""D"": 1}",2023.03英语六级详解第1套/page-04,16. What has a new study revealed about temperature? D）【精析】细节辨认题。句（16)中提到，一项新的研 究提供证据证明温度可以影响人的性格。因此答 案为 D)。
2023.03.set1,17,C,C,high,"{""C"": 1}",2023.03英语六级详解第1套/page-04,"17. What does the speaker say about warmer climates? C）【精析】细节理解题。句（17)中，讲话者提到,较为 温暖的气候使人们总体上感觉更加积极。也就是 说，较为温暖的气候会让人们产生积极的情绪。 Questions 19 to 21 are based on the recording you have just heard. 第4页，共13页 因此答案为C)。"
2023.03.set1,18,C,A,high,"{""A"": 1}",2023.03英语六级详解第1套/page-04,"18. What did the online personality tests suggest? A）【精析】细节理解题。讲座中提到了研究人员所做 的在线性格测试，根据句（18)可知，测试结果显 示，温度与性格之间的关联在中国人身上要比在 美国人身上体现得更加强烈一些，这表明，温度虽 然起作用，但它并不起主导作用，其影响相当微 弱。因此答案为A)。 Today, we are talking about loneliness. Loneliness and social isolation are growing public health concerns for people of all ages in the United States, from adolescence to the elderly. Public health experts are worried be"
2023.03.set1,19,C,B,high,"{""B"": 1}",2023.03英语六级详解第1套/page-05,19. Why does the speaker say the finding of a new national poll reveals a serious problem? 【精析】细节辨认题。讲座中提到，一项新的全国 B) 民意调查发现，大约三分之一的美国老年人感到 孤独，几乎同样多的老年人感到与世隔绝。句 (19)中，讲话者说，这是一个严重的问题，因为研 究表明，长期孤独对老年人尤其有害。因此答案 为 B)。
2023.03.set1,20,C,D,high,"{""D"": 1}",2023.03英语六级详解第1套/page-05,"20. What is the good news the speaker talks about? D）【精析】细节辨认题。句(20)中，讲话者提到,有一 Questions 22 to 25 are based on the recording you have just heard. and left finance to pursue my dream of starting a travel company. 答案详解"
2023.03.set1,21,C,C,medium,"{""C"": 1}",2023.03英语六级详解第1套/page-05,21. What is the key to solving the loneliness problem according to the speaker? C) 【精析】细节理解题。句(21)中，讲话者提到，虽然 寻找孤独的解决办法是高度个性化的，但研究表 明，最好的干预措施包含每周至少进行一次有意 义的社会交往。也就是说，解决孤独问题的关键 在于进行有意义的社会交往。因此答案为C)。 些想要成为旅行作家的人，她的建议是先去尝试 寻找一种独特的方式进入这个行业。因此答案 为D)。
2023.03.set1,22,C,A,high,"{""A"": 1}",2023.03英语六级详解第1套/page-05,22. What do we learn about the speaker before she created the community We Are Travel Girls? 【精析】细节辨认题。句（22)中，讲话者说，在创立 A) “我们是旅游女孩”这个社区前，她在伦敦有10年 成功的金融职业生涯。因此答案为A)。
2023.03.set1,23,C,B,high,"{""B"": 1}",2023.03英语六级详解第1套/page-05,23. What did the speaker's friend suggest they do in 2015? 【精析】细节辨认题。句(23)中，讲话者明确提到， B) 2015年，她在寻找离开金融业的方法时，她的朋友 建议她开始写博客。因此答案为B)。
2023.03.set1,24,C,D,high,"{""D"": 1}",2023.03英语六级详解第1套/page-05,24. What does the speaker advise people to do if they want to become travel writers? D）【精析】细节辨认题。句(24)中，讲话者说，对于那 第5页，共13页 个好消息，那就是孤独似乎是可逆的。选项中的 probably是录音中itlooks like的同义替换。因 此答案为D)。
2023.03.set1,25,C,C,high,"{""C"": 1}",2023.03英语六级详解第1套/page-05,25. What is the speaker's advice on winning a loyal audience? 【精析】细节归纳题。句(25)中，讲话者提到，如果 C) 你想把它变成一份全职事业，那就准备好努力工 作，而且，在拥有忠实的受众群体之前，不要急于 出售广告位。你的受众规模不一定需要很大，但 你希望他们参与其中。如果你在初期投放太多推 销（广告），就会造成受众流失。总的来说，讲话者 关于赢得忠实受众方面的建议就是，在初期要避 免做太多广告。因此答案为C）。 Hello. I'm co-founder of the popular female travel community We Are Travel Girls. We collect and publish stories from women traveling all over the world. We
2023.06.set1,1,A,B,high,"{""B"": 1}",2023.06六级真题第1套详解/page-02,1. What was the woman's first impression of the apartment? B）【精析】细节辨认题。根据句(1)可知，女士上个星期 搬进公寓的时候认为公寓看起来温暖又舒适，面积也 正适合一个人居住。因此答案为B)。选项中的 warmandcomfortable是录音中cozy的同义转述。
2023.06.set1,2,A,B,high,"{""B"": 1}",2023.06六级真题第1套详解/page-02,"2. Why does the woman say she is going to sound like an idiot? B）【精析】细节推断题。女士在句（2)中提到，她自己 听起来像个白痴，因为她过去总是向男士抱怨宿舍 有多拥挤，抱怨室友所做的所有让她恼火的事情， 比如深夜看电影不戴耳机，或者一大早就大声说 话。但现在她非常想念室友。由此可知，女士认为 自己像一个白痴是因为她现在非常想念她曾经大 为抱怨的室友。因此答案为B)。 Questions 5 to 8 are based on the conversation you have just heard. M: Hello, Susan. 第2页，共15页"
2023.06.set1,3,A,A,medium,"{""A"": 1}",2023.06六级真题第1套详解/page-02,3. What do we learn about the man when he left the dormitory to live on his own? C）【精析】细节推断题。根据句(3)可知，当男士第一 次有了自己的地方时，他迫不及待地想自己生活， 摆脱幼稚的室友和室友那些烦人的习惯。但后来， 男士开始想念他们，他感到孤独，认为尽管六个人 挤在一个小房间里，但宿舍就像天堂一样。由此可 知，男士离开宿舍独居之后经历了和女士相似的心 路历程。因此答案为C)。 What does the man say he can't wait to do? 4. A）【精析】细节辨认题。男士开导了女士之后，让女 士描述一下她的公寓。听过女士对公寓的正面描 述后，男士在句(4)中说：“确实听起来讨人喜欢，我 迫不及待要去看一下了………”。因此，男士迫不及 待想做的事情是去看一下女士的公寓，答案为
2023.06.set1,5,A,D,high,"{""D"": 1}",2023.06六级真题第1套详解/page-03,5.What do welearn fromthe conversation about the man? D)【精析】细节推断题。句(5)中，女士介绍说男士是 “我们”教育体系的批评者，同时也是新书《如何改 革我们的大学》的作者。由此可知，男士最近刚出 版了一本书。因此答案为D)。
2023.06.set1,6,A,C,high,"{""C"": 1}",2023.06六级真题第1套详解/page-03,6. What does the man believe is the problem with the current American system of higher education? C）【精析】细节辨认题。根据句（6)可知，男士认为高 等教育的目的是让年轻人做好参加工作的准备，而 当前的高等教育体系并没有做到这一点。因此答 Section B Questions 9 to 11 are based on the passage you have just heard. opportunities for tranquility and contemplation. 答案详解
2023.06.set1,7,A,A,high,"{""A"": 1}",2023.06六级真题第1套详解/page-03,7. How should the education budget be allocated accordingto the man? A）【精析】细节辨辩认题。根据句（7)可知，男士认为应 该将更多的预算用到像科学和工程这样的领域。 因此答案为A)。
2023.06.set1,8,A,D,high,"{""D"": 1}",2023.06六级真题第1套详解/page-03,8. What does the woman say the arts can do? D【精析】细节辨认题。女士认为艺术有其价值所 在。句(8)中，女士提到，它有助于年轻人用更深刻 的方式来思考世界，这会让他们成为更好的公民， 构建一个更好的社会。因此答案为D)。 问题：你是否曾有过一种再也没时间去认真思考的 烦人感觉？然后指出，你并不孤单。也就是说，很 多人都感觉没时间去认真思考，即这是很常见的。 (9)Do you ever have the annoying feeling that you don't have time to really think anymore? You're not alone. A variety of factors have conspired to rob us of time for reflection about ourselves an
2023.06.set1,9,B,A,high,"{""A"": 1}",2023.06六级真题第1套详解/page-03,9.What do we learn about the feeling that one doesn't have time to think anymore? A)【精析】细节推断题。句(9)中，讲话者先提出一个 第3页，共15页 案为C)。
2023.06.set1,10,B,B,high,"{""B"": 1}",2023.06六级真题第1套详解/page-04,10. What trait do all great professionals share? B）【精析】细节辨认题。根据句（10)可知，所有伟大 的专业人士都会定期反思。因此答案为B)。选项 中的contemplation是录音中reflection的同义 转述。 Questions 12 to 15 are based on the passage you have just heard. country. 答案详解
2023.06.set1,12,B,C,high,"{""C"": 1}",2023.06六级真题第1套详解/page-04,"12. What does the passage say about Colorado before it became a state? C）【精析】细节辨认题。句(12)中，讲话者提到,科罗 拉多在成为一个州之前就有邮局。因此答案 为 C)。"
2023.06.set1,13,B,D,high,"{""D"": 1}",2023.06六级真题第1套详解/page-04,"13. How did the postal service contribute to America's westward expansion? D）【精析】细节辨认题。句(13)中，讲话者提到,联邦 政府的补贴和土地补助诱使人们进入沙漠和平原 地区，而邮政使他们保持联系。因此答案为D)。"
2023.06.set1,14,B,D,medium,"{""D"": 1}",2023.06六级真题第1套详解/page-04,14. What did the federal government do to meet the increasing demand for the postal service in the West? Section C Questions 16 to 18 are based on the recording you have just heard. 第4页，共15页 creative ideas? D)【精析】细节辨认题。句(11)中提到，创造力领域 的一些研究人员认为，洞察力实际上产生于一段时 间紧锣密鼓的活动后的反思和放松中。因此答案 为D)。 【精析】细节推断题。句（14)中，讲话者提到，19 B） 世纪中期，邮政部门远不是中央集权的官僚机构。 为了跟上移民模式，在现有业务中增加了邮政服 务。联邦政府委托私人运货车来运送邮件。也就 是说，西部地区对邮政服务的需求增大，联
2023.06.set1,15,B,C,high,"{""C"": 1}",2023.06六级真题第1套详解/page-04,"15. What did Mr. Blevins do to study the history of the US postal service? C）【精析】细节辨认题。根据句（15)可知，Blevins先 生是一位数字历史学家，他写了一本关于美国邮 政服务历史的书，使用数据科学来分析历史趋势。 因此答案为C)。 (12)Even before Colorado was a state, it had post offices. The first opened in 1859 in a settlement founded by migrants searching for gold. Life could be unpredictable at West-gold failed to appear, drought ruined farmers and settlers clas"
2023.06.set1,16,C,A,high,"{""A"": 1}",2023.06六级真题第1套详解/page-05,16. What does the speaker say the new study suggests? A）【精析】细节推断题。句(16)中，讲话者提到，一项 新的研究表明，焦虑程度较高的人可能比焦虑程 度较低的人更能记住某些信息。也就是说，较高 的焦虑水平可能会提高人们的记忆力。因此答案 为 A)。
2023.06.set1,17,C,C,high,"{""C"": 1}",2023.06六级真题第1套详解/page-05,17. What did researchers do first in the new study? C【精析】细节辨认题。讲话者讲述了新研究的细 Questions 19 to 21 are based on the recording you have just heard. another company that will answer them quickly. stick with you. 第5页，共15页 节。根据句（17)可知，研究人员以对80名本科生 进行焦虑测试开始了这项研究。因此答案为C)。
2023.06.set1,18,C,B,high,"{""B"": 1}",2023.06六级真题第1套详解/page-05,"18. What do we learn from previous studies about anxiety? 【精析】细节辨认题。句(18中，讲话者提到，先前 B) 的研究发现，像被诊断为患有焦虑症的人所经历 的那种极度焦虑对记忆力和认知表现损害相当 大。也就是说，极度焦虑会对认知表现产生负面 影响。因此答案为B）。 Over the past 20 years, the internet has gradually become a dominant feature of our lives. It has changed how we communicate with each other, and it has definitely transformed the way we do business with each other. Marketing has also c"
2023.06.set1,19,C,D,high,"{""D"": 1}",2023.06六级真题第1套详解/page-06,19. What does the speaker say about today's consumers? D）【精析】细节辨认题。讲话者先提到了过去的消费 者：必须要拨打电话号码并且耐心等待才能获得 他们想要的信息。接着在句（19）中描述了如今的 消费者：他们想要立即得到信息。因此答案为D）。
2023.06.set1,20,C,C,high,"{""C"": 1}",2023.06六级真题第1套详解/page-06,"20. How do marketers capture consumers' attention as quickly as possible? C）【精析】细节辨认题。讲话者提到，我们的注意力 持续时间变短，如果不能在几秒钟内吸引我们的 注意力，我们就会转向下一条内容。根据句（20） 可知，营销人员需要找到直接与消费者的情感进 行对话的方法，而且需要尽快弄清楚要怎么做到 Questions 22 to 25 are based on the recording you have just heard. recent research, that's evidently not enough. worthiness boost our self-esteem. be available at the office. That will definitely have a follow-"
2023.06.set1,21,C,A,medium,"{""A"": 1}",2023.06六级真题第1套详解/page-06,"21. What does the speaker suggest marketers do to meet future challenges? 【精析】细节推断题。讲话者最后提到了变化的影 B) 响，触发营销人员对未来的思考。因为游戏规则 每年都在变化，营销人员对自已营销努力的信心 正在动摇。之后，讲话者在句(21)中说，这就是营 销人员关注最新的技术发展并考虑与技术创新人 员合作很重要的原因。这样他们就会与技术行业 齐头并进。也就是说，营销人员要应对未来的挑战 就要跟上技术的新发展。因此答案为B)。 university analyze in their initial study? 【精析】细节辨认题。句(23)中提到，在一项针对 A) 700多名受访者的初步研究中,美国一所大学的学 者分析了朋友而非家人对自尊和幸福感的影响。 因此答案为A)。"
2023.06.set1,22,C,D,high,"{""D"": 1}",2023.06六级真题第1套详解/page-06,22. What does the speaker say is interesting? D）【精析】细节辨认题。句（22)中提到，你可能惊 地发现，友谊的好处超越了人们的社交生活，进入 到工作中，当考虑到人们因为投入到工作中的时 间延长而到了牺牲友谊或至少牺性与朋友在一起 的时间的程度时，这是非常有趣的。也就是说，人 们常常因为工作而牺牲友谊，但事实上友谊对工 作有益处，这非常有趣。因此答案为D）。
2023.06.set1,23,C,C,high,"{""C"": 1}",2023.06六级真题第1套详解/page-06,23. What did researchers from an American 第6页，共15页 这一点。也就是说，要快速吸引消费者的注意力 就要直接与他们的情感对话。因此答案为C)。
2023.06.set1,24,C,D,high,"{""D"": 1}",2023.06六级真题第1套详解/page-06,"24. What did the second study find about non-work friends? D）【精析】细节辨认题。句(24)中提到，追踪研究发 现，工作之外的朋友甚至会提升人们的工作满意 (22) You might be surprised to learn that the benefits of friendships extend beyond people's social life and into their work, which is interesting when considering the extent to which people sacrifice friendships, or at least the time they spend with friends, because of the extended hours t"
2023.06.set1,25,C,A,high,"{""A"": 1}",2023.06六级真题第1套详解/page-07,25. What does the speaker suggest managers do? A）【精析】细节辨认题。句（25)中提到，当员工要求 灵活安排工作时，管理者不应该歧视他们。无论 他们需要一个理想的安排是出于养育责任，还是 Part II Reading Comprehension Section A 【结构框图】 第1段提到科学家们最近调查了关于狗的智商的很多研究，发现这些研究 并不可信。 本文主要介绍了狗的智 商并没有人们想象的那 第2段指出通过对300多个研究结果的对比，可以认定狗没有研究者们认 么高，关于狗的智商的 为的那样聪明。 研究很多都是带有目的 性的。 第3段指出并不是所有研究者都完全认同这项研究的观点。 【词性分析】 胜过 能的 答案详解 26.【考点】动词辩析题。 N）【语法判断】空格前是助动词的否定结构does not，空格后是一个名词结构other in
2023.06.set2,1,A,D,high,"{""D"": 1}",2023.06六级真题第2套详解/page-02,1. Why does the woman wish to study architecture? D）【精析】细节辨认题。男士问女士为什么选择学习 建筑，女士在句(1)中回答说，建筑特别吸引她的地 方就在于设计与工程的紧密结合。因此答案为 D)。选项中的integration是录音中marriage的 同义转述。
2023.06.set2,2,A,A,high,"{""A"": 1}",2023.06六级真题第2套详解/page-02,2. How does the woman say she will overcome the difficulty in learning mathematics? A）【精析】细节辨认题。句（2)中，女士承认数学对她 来说是所有学科中最难的科目，但她会努力，她相 信努力就会有收获。由此可知，女士打算通过自己 的刻苦努力来解决数学学习中所遇到的困难。因 此答案为A)。 Questions 5 to 8 are based on the conversation you have just heard. enough. M: I fully understand. 第2页，共15页
2023.06.set2,3,A,B,high,"{""B"": 1}",2023.06六级真题第2套详解/page-02,3. What does the man say about architects' contribution to a city? B）【精析】细节推断题。男士告诉女士，进入建筑领 域，她可以很清晰地见证自已对城市的贡献。根据 句(3)可知，建筑的寿命比人的寿命要长得多。由 此可知，建筑是长久的，可以成为人们留给后人的 遗产。因此答案为B)。D)项的干扰性比较强，但 immortal意为“永存的，永生不灭的”，建筑可能会 留存很长时间，但却不可能永远存在，故排除。
2023.06.set2,4,A,C,high,"{""C"": 1}",2023.06六级真题第2套详解/page-02,"4. What subject does the man suggest the woman start with? C）【精析】细节辨认题。句（4)中，男士明确建议女士 从计算机科学着手进行学习。因此答案为C)。 W: So as I mentioned over the phone, we are looking for someone who is very discreet. I can't stress this W: (5) As we all know, being such a famous football player at Real Madrid, Mr. Sanchez has a very high public profile. This means he cannot leave the house without being recognized and"
2023.06.set2,5,A,C,high,"{""C"": 1}",2023.06六级真题第2套详解/page-03,5. What do we learn from the conversation about Mr. Sanchez? C）【精析】细节辨认题。根据句(5)可知，桑切斯先生 是皇家马德里队的一位著名足球运动员，在公众中 的知名度非常高。因此答案为C)。选项中的well known是录音中highprofile的同义转述。
2023.06.set2,6,A,A,high,"{""A"": 1}",2023.06六级真题第2套详解/page-03,6. What will the man do if he gets the job? A）【精析】细节辨认题。根据句（6)可知，男士将会成 为桑切斯先生的私人助理，替桑切斯先生做一些日 常琐事。因此答案为A)。
2023.06.set2,8,A,B,medium,"{""B"": 1}",2023.06六级真题第2套详解/page-03,8. Why does the man think he is a very competitive candidate? B）【精析】细节辨认题。当女士问男士他认为自已为 什么能够胜任这份工作时，男士提到了两点：第一， 热爱足球；第二，他对公司在体育咨询方面的工作 非常酷，他的语言技能在将来会很有用。根据句 (8)可知，男士精通英语、西班牙语和法语。因此答 案为B)。 的机会。从某种角度上来说，克服恐惧的过程也是 培养勇气的过程。因此答案为C)。 1l.What should parents do if they decide adventure sports are a bit too much for their kids? B)【精析】细节推断题。句(11)中提到，如果父母认 为冒险运动有点太过了，那就应该让孩子们有机会 接触一些其他形式的户外冒险运动。也就是说，让 孩子参加一些
2023.06.set2,9,B,D,high,"{""D"": 1}",2023.06六级真题第2套详解/page-03,9. Why do extreme sports appeal to many kids? D）【精析】细节辨认题。根据句(9)可知，与传统的团 队运动相比，冒险运动没有那么多的规则和压力， 却能带来户外体育活动的所有益处。因此答案 为D)。
2023.06.set2,10,B,D,medium,"{""D"": 1}",2023.06六级真题第2套详解/page-03,10. What does the speaker say about risk-free activities? C)【精析】细节推断题。句(10)中，讲话者提到，没有 风险的活动剥夺了孩子们考验自已以及克服恐惧 第3页，共15页 D)【精析】细节辨认题。句(7)中，男士告诉女士，这 是他大学毕业后的第一份工作，所以，他此前是没 有多少工作经验的。因此答案为D)。
2023.06.set2,12,B,C,high,"{""C"": 1}",2023.06六级真题第2套详解/page-04,12.Why did new products soon become waste? C【精析】细节辨认题。短文开头就说，今天明明还 是很新的东西第二天就会变成废品，也就是说，很 多东西的使用寿命很短，很快就会被淘汰掉。根 据句(12)可知，这是因为科技公司故意设计使用 寿命不长且无法维修的产品，从而让消费者不得 不花钱买一个新的。因此答案为C)。
2023.06.set2,13,B,B,high,"{""B"": 1}",2023.06六级真题第2套详解/page-04,13. What did the French government require tech companies to do to help consumers make better choices? B）【精析】细节辨认题。句(13)中明确提到，今年，法 国政府开始要求科技产品制造商列出可修复性评 分。因此答案为B)。 Section C Questions 16 to 18 are based on the recording you have just heard. lost productivity. workers cope with an exceptionally stressful work environment. 第4页，共15页
2023.06.set2,14,B,A,high,"{""A"": 1}",2023.06六级真题第2套详解/page-04,14. What should tech companies do to help ensure environmental sustainability? A）【精析】细节辨认题。短文中提到了电子垃圾对环 境造成的危害。句（14)中明确提到，我们需要科 技公司带头来解决这一问题。因此答案为A)。 选项中的taketheinitiative是录音中takethe lead的同义转述。
2023.06.set2,15,B,A,high,"{""A"": 1}",2023.06六级真题第2套详解/page-04,"15. What does the speaker think of the problem of waste? A）【精析】细节辨认题。根据句（15)可知，讲话者认 为，世界上的东西都会损坏，但我们不应该就让它 们坏着，既然是我们的创造所导致问题，那这一定 是可以解决的问题。因此答案为A)。 On average, US workers spend about 10% of their workday surfing the internet, emailing friends or shopping online. This behavior, called cyberloafing, is believed to cost employers up to $85 billion a year in (16)The majority of cyberloafing research"
2023.06.set2,16,C,D,high,"{""D"": 1}",2023.06六级真题第2套详解/page-05,16. What does most cyberloafing research focus on? D）【精析】细节辨认题。句(16)中提到，大多数关于 网络偷懒的研究都集中在通过互联网监控和计算 机使用政策等干预措施来防止员工进行这种行为 的方法上。也就是说，以往的大多数研究重点都 在如何防止员工网络偷懒上。因此答案为D)。
2023.06.set2,17,C,B,high,"{""B"": 1}",2023.06六级真题第2套详解/page-05,"17. What was the hypothesis of the speaker's research team? B）【精析】细节推断题。句(17)中，讲话者提到，他们 团队的假设就是，网络偷懒可能是一种短暂的休 Questions 19 to 21 are based on the recording you have just heard. the Nebraska State Board of Agriculture. Tree Planters State"". 答案详解"
2023.06.set2,19,C,A,medium,"{""A"": 1}",2023.06六级真题第2套详解/page-05,19. What does the speaker say about Nebraska City in 1854 when Julius Morton moved there? C）【精析】细节辨认题。句(19)中，讲话者明确提到， 第5页，共15页 息，让员工有机会从紧张的工作环境中恢复过来。 也就是说，他们认为网络偷懒可能有助于员工减 轻压力。因此答案为B)。 18. On what point do the results of the speaker's study agree with other recent research? A）【精析】细节推断题。句(18)中，讲话者提到，他所 进行的研究与近期的其他研究结果相吻合，都表 明短暂的休息与更高水平的日常工作表现有关。 也就是说，稍事休息可以让员工的工作表现更好。 因此答案为A)。 1854年，当莫顿搬到内布拉斯加市时，他
2023.06.set2,22,C,D,high,"{""D"": 1}",2023.06六级真题第2套详解/page-06,22.What dowelearn about modern humans according to the hypothesis commonly accepted in the 1990s? D）【精析】细节辨认题。根据句(22)可知，在20世纪 90年代受到普遍认可的假设是“走出非洲”理论， 即认为大约20万年前，现代人类出现在非洲，他 们在大约6万年前走出非洲，进入欧洲和亚洲。 因此答案为D)。
2023.06.set2,23,C,A,high,"{""A"": 1}",2023.06六级真题第2套详解/page-06,"23. What has called into question the ""Out of Africa"" model? A）【精析】细节辨认题。句（23)中，讲话者讲述了最 近在中国广西壮族自治区月神洞发现的两颗现代 人类牙齿的事件。根据讲话者团队的研究，确定 这两颗牙齿距今已有7万多年。但是，根据走出 非洲”理论，现代人类是在6万年前才离开非洲 的，那么在亚洲发现距今7万多年的现代人类牙 齿就成了一件不可能的事情。所以，在中国发现 第6页，共15页 的现代人类的牙齿使人们质疑“走出非洲”理论。 因此答案为A)。"
2023.06.set2,24,C,A,high,"{""A"": 1}",2023.06六级真题第2套详解/page-06,24. What does the speaker want to show with the example of some monkeys in Africa? A）【精析】细节归纳题。根据句(24)可知，讲话者对 人类离开非洲的原因提出了疑问，他以非洲的一 种猴子为例，说明如果不是因为特殊情况，物种不 会进行迁徙，那些猴子的牙齿在数百万年间一直 没有变化，是因为它们没有变化的理由。也就是 说，讲话者希望通过猴子的例子说明人类的迁徙 应该是有原因的。因此答案为A)。
2023.06.set2,25,C,C,high,"{""C"": 1}",2023.06六级真题第2套详解/page-06,"25. What question does the speaker raise close to the end of the talk? C）【精析】细节辨认题。句(25)中明确提到，讲话者 提出的另一个问题是：人类是沿着哪条路线走出 非洲的？因此答案为C)。 (22)Modern humans arose in Africa about 200,000 years ago. They then spread across Europe and Asia sometime after 60,000 years ago. This is the “Out of Africa"" model, as it's commonly known. In the 1990s, the hypothesis found widespread acceptance. But this popular"
2023.12.set2,16,C,A,high,"{""A"": 1}",2023.12英语六级真题第2套解析/page-07,16.Whatdoesthespeakersayhasbecomesomethingofaritual?讲话者说什么已经成为一种惯例？ 解在讲话开头，讲话者便提到，现在讨论大学学位的价值已经成为一种惯例，由此很容易得出正确答案为 A。讲话中虽然提到了选项C所述的经济学家们一直致力于弄清男性就业率下降的根源，但这并不是讲话 者所说的惯例，故排除。选项B、D都和本题所问问题无关，故排除。
2024.06.set1,16,C,A,high,"{""A"": 1}",2024.6六级第一套解析/page-07,16. Why does the speaker say strategies for managing conflicts can always be changed? 解在讲座开头，讲话者便提到，解决冲突的策略是童年时期学到的，并在下文中提到，正是因为这种策略是 习得的，所以我们总能通过学习新的、更有效的方式来解决冲突。由此很容易得出正确答案为A。
2024.12.set1,1,A,D,high,"{""D"": 1}",2024.12英语六级解析第1套/page-02,"1. What are the speakers most probably doing? D）【精析】细节归纳题。句(1-1)中,男士对女士说，这 是她的年度绩效评估。句(1-2)中，男士对女士说， 他们现在一起把重点内容过一遍。也就是说，两人 正在讨论女士的年度绩效评估。D)项中的annual performance review 是录音中 yearly performance review的同义转述。因此答案为D)。"
2024.12.set1,2,A,D,high,"{""D"": 1}",2024.12英语六级解析第1套/page-02,"2. What does the woman say she appreciates? D）【精析】细节归纳题。男士总结了女士的表现，包 括工作努力、守时、勤奋、有很强的分析能力和关注 细节，并提到，公司，包括他自已在内，都对女士的 工作效率和整体表现很满意。句（2)中，女士回应 说自已很感谢这一认可。D)项中的recognition属 Questions 5 to 8 are based on the conversation you have just heard. M: So tell me, why do you wish to study medicine? the community and cure people! 解析册·2024年12月六级真题（一）2 于原词复现；merits是对男士关于女士总体表现的 描述的总结。因此答案为D)。"
2024.12.set1,3,A,B,high,"{""B"": 1}",2024.12英语六级解析第1套/page-02,3. What has given rise to some complaints about the woman? B）【精析】细节推断题。句（3)中，男士提到，有人对 女士的沟通方式提出了抱怨。也就是说，她没能做 到用合适的方式与同事互动，从而引起了同事的抱 怨。因此答案为B)。
2024.12.set1,4,A,C,high,"{""C"": 1}",2024.12英语六级解析第1套/page-02,"4. Why doesn't the woman like to write long emails? C）【精析】细节推断题。句（4)中，女士说，她不喜欢 写允长的电子邮件是因为她觉得这是浪费时间。 也就是说，她不写长的电子邮件是为了节省时 间。因此答案为C)。 W: I've always wanted to be a doctor. I come from a small town where healthcare was never the best. And I think that had a profound effect on me. (5)As a child, I remember thinking how great it would be to serve M: What other people or events in your life have shape"
2024.12.set1,5,A,A,high,"{""A"": 1}",2024.12英语六级解析第1套/page-03,5. What does the woman say she has always wanted to do since childhood? A）【精析】细节辨认题。句（5）中，女士提到，她还是 个孩子的时候就在想，如果能服务社区，治愈病人， 那该有多好啊！也就是说，女士从小就希望能为社 区提供医疗服务。因此答案为A)。
2024.12.set1,6,A,A,high,"{""A"": 1}",2024.12英语六级解析第1套/page-03,6. What do we learn about the woman's parents from the conversation? A）【精析】细节辨认题。根据句(6)可知，女士的父母 总是督促她努力学习。A)项中的constantlyurged 是录音中alwayspushed的同义转述；studyhard 属于原词复现。因此答案为A)。
2024.12.set1,8,A,D,medium,"{""D"": 1}",2024.12英语六级解析第1套/page-03,"8. How does the man describe the woman's school grades? C）【精析】细节辨认题。句（8)中，男士说，女士的学 习成绩参差不齐。她确实时不时得高分，但并不是 特别稳定。因此答案为C)。 D）【精析】细节辨认题。句（9）中提到，通常情况下， 你必须选择包含路牌的照片，因为这显然向你的电 脑提供了确凿的证据，证明你实际上是一个人。 Logging into your email account can sometimes feel like trying to hack into the Pentagon. If you follow all of the guidelines, you need to use a different password for every one of your accounts; use an inco"
2024.12.set1,9,B,B,high,"{""B"": 1}",2024.12英语六级解析第1套/page-03,9. Why do we often have to choose photos that include a street sign to log into our email accounts? 解析册·2024年12月六级真题（一）3 internal medicine as her specialty? B）【精析】细节辩认题。男士问女士为什么想专攻内 科，女士在句（7)中回答说，她觉得内科是最有趣 的，因为它涵盖很多内容，而且把许多其他专业联 系在一起。B)项中的 connects 和broad coverage 分别是录音中ties together和 covers so much的 同义转述。因此答案为B)。
2024.12.set1,10,B,B,high,"{""B"": 1}",2024.12英语六级解析第1套/page-04,10. What do researchers at a university in Finland aim to do in their new study? B）【精析】细节推断题。句（10)中提到，芬兰阿尔托 大学的研究人员进行了一项新的同行评议研究，试 图找出我们忘记密码的原因，以帮助结束这一令人 Questions 12 to 15 are based on the passage you have just heard. injuries. An app cannot perceive such subtleties. 答案详解
2024.12.set1,12,B,C,high,"{""C"": 1}",2024.12英语六级解析第1套/page-04,"12. What was the problem Jenny Weiner encountered four years ago? C）【精析】细节辨认题。句（12)中提到,4年前,珍 妮·韦纳陷人了健康低谷。C)项中的fitness 和 slump属于原词复现。因此答案为C)。"
2024.12.set1,13,B,B,high,"{""B"": 1}",2024.12英语六级解析第1套/page-04,13. What can the fitness phone app Slimmeretics do according to the passage? B）【精析】细节辨认题。句（13)中提到，为了使用该 应用程序，你首先输人你的个人资料，包括你以前 的锻炼经历和偏好，以及你的预期目标。然后一 个虚拟教练使用这些信息来提出一个个性化的锻 炼方案。因此答案为B)。
2024.12.set1,14,B,A,medium,"{""A"": 1}",2024.12英语六级解析第1套/page-04,"14. Why does the passage say Jenny Weiner now Section C Questions 16 to 18 are based on the recording you have just heard. 解析册·2024年12月六级真题（一）4 B)。 1l. What do the researchers advise websites to do at the end of the passage? D）【精析】细节辨认题。句（11)中提到,研究人员建 议网站提供更多的激励让用户频繁地登录，以帮助 他们记住自已的密码。因此答案为D）。 finds the workouts exciting? A）【精析】细节辨认题。句(14)中提到，韦纳女士现 在发现这些锻炼很令人兴奋，这是因为没有两个 锻炼方案是完全相同的。A）项中的never repea"
2024.12.set1,15,B,A,high,"{""A"": 1}",2024.12英语六级解析第1套/page-04,"15. What do some experts think of fitness apps like Slimmeretics? A）【精析】细节辨认题。句（15)中提到，一些专家认 为应用程序不能取代人类私人教练。A)项中的 not be able to take the place of 是录音中 cannot replace的同义转述；human personal trainers 属 于原词复现。因此答案为A)。 (12)Four years ago, Jenny Weiner was in a fitness slump. She wanted to improve her physical and mental health. However, her workouts lacked intensity without a proper training programme"
2024.12.set1,16,C,C,high,"{""C"": 1}",2024.12英语六级解析第1套/page-05,16. What do we learn from the conclusion of the Oxford University researchers? C）【精析】细节辨认题。句（16)中提到，牛津大学得 出结论称，所有社会都是由7条普遍的道德准则 维系在一起的，其中包括服从上级和尊重他人的 财产。C)项中的kept together 是录音中 held together的同义转述。因此答案为C)。
2024.12.set1,17,C,B,high,"{""B"": 1}",2024.12英语六级解析第1套/page-05,"17. What did the new study by Oxford researchers aim to do? B）【精析】细节辨认题。句(17)中提到，发表在《当代 Questions 19 to 21 are based on the recording you have just heard. French fries, tomatoes, pumpkins, olives, honey and cherries. changes how we taste food. 解析册·2024年12月六级真题（一） 人类学》上的这项研究是迄今为止规模最大、最全 面、最广泛的道德调查，其目的是找出不同的社会 是否有不同版本的道德观。因此答案为B）。"
2024.12.set1,18,C,D,high,"{""D"": 1}",2024.12英语六级解析第1套/page-05,18. What does Harvey Whitehouse think social scientists should do to test theories of morality? D) 【精析】细节归纳题。根据句(18-1）和句（18-2）可 知，合著者哈维·怀特豪斯教授认为，社会科学家 现在应该着手实地检验这一理论，而不是依靠旧 数据。如果他们认真对待道德理论的测试，就需 要去实地更系统地收集新数据。因此答案为D)。 specific color standards. And oranges are just the beginning. There are color standards for foods including The attention to color is for good reason. (19)For all the talk of the to
2024.12.set1,19,C,A,high,"{""A"": 1}",2024.12英语六级解析第1套/page-06,19. What does the speaker say about our eyes? A）【精析】细节辨认题。句（19）中提到，尽管我们都 在谈论舌头，但我们的眼晴确实可能是饮食体验 中最重要的部分。因此答案为A）。
2024.12.set1,21,C,D,medium,"{""D"": 1}",2024.12英语六级解析第1套/page-06,"21. What does the brain use color to do? B）【精析】细节辨认题。句（21)中提到，大脑通过颜 色进行预测。因此答案为B)。 colleagues' second study? D）【精析】细节辨认题。句(24)中提到,第二项研究 着眼于全球数据。也就是说，它研究了从多个国 家收集到的数据。因此答案为D)。"
2024.12.set1,22,C,C,high,"{""C"": 1}",2024.12英语六级解析第1套/page-06,"22. What does the speaker say many of us search for throughout our lives? C）【精析】细节辨认题。句(22)中提到,寻找意义是我 们许多人一生都在经历的事情。因此答案为C)。"
2024.12.set1,23,C,C,high,"{""C"": 1}",2024.12英语六级解析第1套/page-06,23. What do Rhia Catapano and colleagues find about economic resources? C）【精析】细节辨认题。句(23)中提到，多伦多大学 的瑞亚·卡塔帕诺及其同事发现，意义对富人幸 福感的预测作用远远弱于穷人，这表明经济资源 会影响我们对意义的体验。因此答案为C)。
2024.12.set1,24,C,D,high,"{""D"": 1}",2024.12英语六级解析第1套/page-06,24. What do we learn about Rhia Catapano and 解析册·2024年12月六级真题（一） 【精析】细节辨认题。句（20）中提到，颜色实际上 D)【 改变了我们品尝食物的方式。因此答案为D）。
2024.12.set1,25,C,A,high,"{""A"": 1}",2024.12英语六级解析第1套/page-06,"25. Why do meaning and happiness have a weaker relationship in those with more resources? A）【精析】细节辩认题。3项研究都证明,意义和幸 福感之间的关系在资源较少的人中比在资源较多 的人中更强。根据句(25)可知,这可能是因为富 有的人有更多的机会获得其他的幸福来源。因此 答案为A)。 (22) Searching for meaning is something many of us experience throughout our lives. For some, this meaning is religious, some political and some interpersonal. And having a sense of meaning can bring us A new"
2024.12.set2,1,A,A,high,"{""A"": 1}",2024.12英语六级解析第2套/page-02,1. What did the man want to discuss with the woman? A）【精析】细节推断题。当女士问男士他想讨论什么 事情时，男士在句（1)中说，关于自已的专业，他改 变了主意。也就是说，他有转换专业的想法，想与 女士就此进行讨论。因此答案为A）。
2024.12.set2,2,A,C,high,"{""C"": 1}",2024.12英语六级解析第2套/page-02,"2. Why does the man want to give up Art History? C）【精析】细节推断题。女士问男士为什么要放弃艺 术史的学习,男士在句(2)中回答说他父亲目前的 经济状况让他意识到，更能解决经济问题的就业机 会也许不是一件坏事，并说，艺术史滋养了他的灵 魂，却并不能为他提供餐盘上的食物。由此可知， 男士放弃艺术史的学习是因为他觉得这个专业不 能为他提供生存的保障。因此答案为C)。 Questions 5 to 8 are based on the conversation you have just heard. W: Yes. How about you? M: Yes. Go on. You go first. W: I am going to do it about beef. M: Beef? market. 解析册·2024年12月六级真题（二"
2024.12.set2,3,A,A,high,"{""A"": 1}",2024.12英语六级解析第2套/page-02,3. What does the woman advise the man to do? A）【精析】细节辨认题。句（3)中，女士对男士说，如 果他一心想在艺术行业工作，就需要更加坚定自 信，并且要开始与人交谈。如果想成为博物馆和画 廊界的名人，建立人脉非常关键。也就是说，女士 建议男士尽力去社交，并建立艺术行业的人脉。因 此答案为A)。
2024.12.set2,4,A,B,high,"{""B"": 1}",2024.12英语六级解析第2套/page-02,"4. What does the man say he really lacks right now? B）【精析】细节辨认题。句（4)中，男士说，现在时间 非常宝贵，他没有社交生活，并提到他快跟不上学 习进度了，而且今年年底就要交论文。男士问女 士：“我有这么多事情要做，哪还能找到时间来收集 工作信息呢？”由此可知，男士现阶段最缺的是时 间。因此答案为B)。 M: (5)Have you decided yet what your end-of-semester business project will be on? W: Yeah, beef. I'm going to design a business case study for a cow farm that supplies beef for the domestic"
2024.12.set2,5,A,D,high,"{""D"": 1}",2024.12英语六级解析第2套/page-03,5. What are the speakers mainly talking about in the conversation? D【精析】细节辨认题。对话开头，男士就询问女士 期末的商业项目是否已经确定了。接下来，他们分 别描述了自已的期末商业项目，并对对方的项目发 表了看法。因此答案为D)。
2024.12.set2,6,A,C,high,"{""C"": 1}",2024.12英语六级解析第2套/page-03,6. What does the man say makes perfect sense? C）【精析】细节归纳题。根据句（6-1)可知，女士认为 与其进口牛肉，还不如在国内养牛。男士在句 (6-2)中回应说，这非常有道理。因此答案为C)。
2024.12.set2,7,A,D,high,"{""D"": 1}",2024.12英语六级解析第2套/page-03,"7. What business does the woman say has a vast and Section B Questions 9 to 11 are based on the passage you have just heard. true for children with socioeconomic disadvantages. context in young children. childrenincluding while watching television,"" Shah said. 解析册·2024年12月六级真题（二）18 continual market? D）【精析】细节归纳题。句(7-1)中,男士告诉女士，他 考虑的期末商业项目是洗车场。句（7-2)中，女士 说，周围有那么多车，而且这些车又不会很快消失。 虽然有很多人不在乎他们的车看起来怎么样，"
2024.12.set2,8,A,B,high,"{""B"": 1}",2024.12英语六级解析第2套/page-03,"8. Who would the man's imagined business cater to? B）【精析】细节辨认题。句（8)中，男士明确表示想让 自已的商业项目迎合大城市中的高端消费者。因 此答案为B)。 Increased television time for young children has long been linked with poorer progress in some areas of development. One possible way to counter those negative effects is talking while watching the screen. (9)As a new study suggests, the more parents engaged in conversation with preschooler"
2024.12.set2,9,B,A,high,"{""A"": 1}",2024.12英语六级解析第2套/page-04,9. What do we learn from a new study about young children? A）【精析】细节辨认题。句（9)中提到，一项新的研究 表明，在看电视时，父母与学龄前儿童对话越多，这 些孩子在上幼儿园时好奇心水平就越高。也就是 说，父母在儿童看电视时与他们进行对话可以增进 他们的好奇心水平。因此答案为A）。
2024.12.set2,10,B,B,high,"{""B"": 1}",2024.12英语六级解析第2套/page-04,"10. What did Prachi Shah's study specifically focus on? B）【精析】细节辨认题。根据句（10）可知，朴拉 Questions 12 to 15 are based on the passage you have just heard. mindlessly pursuing all the wrong things. integrity, and trustworthiness. that life has to offer. 答案详解"
2024.12.set2,11,B,B,medium,"{""B"": 1}",2024.12英语六级解析第2套/page-04,"11. What does the passage say about excessive media exposure? B）【精析】细节辨认题。句（11）中明确提到，过多接 触电视等媒体可能会取代游戏和亲子互动等探索 性活动，而这些活动被认为是培养孩子好奇心的关 键。也就是说，看电视时间过长会减少孩子们花在 探索性活动中的时间。因此答案为B)。 aspirational goals? 【精析】细节辨认题。句(14)中提到,尽管在有意 识的情况下所追求的目标包括获得那些能增加自 已幸福感的东西，但这些目标也应该包括在自己 的各种生命角色中去帮助他人。因此答案为C)。"
2024.12.set2,12,B,D,high,"{""D"": 1}",2024.12英语六级解析第2套/page-04,"12. What is the dark side of our inborn drive to acquire? D）【精析】细节辨认题。句（12)中提到,据研究，我们 每个人生来就有获取的欲望。这种获取的欲望的 “黑暗面”是人类被无意识地驱使着想要拥有越来 越多的“东西”。因此答案为D)。"
2024.12.set2,13,B,C,high,"{""C"": 1}",2024.12英语六级解析第2套/page-04,13. What might happen if we do not harness our inborn drive to acquire? C）【精析】细节辨认题。根据句（13)可知，如果不去 有意识地、深思熟虑地且有目的地控制这种与生 俱来的获取欲望，我们可能就会在无意识状态下 追求那些错误的东西。因此答案为C)。
2024.12.set2,14,B,B,high,"{""B"": 1}",2024.12英语六级解析第2套/page-04,14. What does the passage say about our intentional Section C Questions 16 to 18 are based on the recording you have just heard. 解析册·2024年12月六级真题（二）19 琪·沙阿的研究所关注的是儿童的好奇心水平。 因此答案为B)。
2024.12.set2,15,B,A,high,"{""A"": 1}",2024.12英语六级解析第2套/page-04,"15. What will you end up doing without pursuing intentional aspirational goals? A）【精析】细节辨认题。句（15)中提到,如果没有想 要追求的目标，你也就没有了奋斗的目标。如果 没有了奋斗的目标，你就把自己置于随波逐流的 危险境地，而且无法去体验并享受生活所提供的 一切。因此答案为A)。 Humans are aspirational goal-seeking beings. (12)Each of us, according to research, has an inborn drive to acquire. The “dark side"" of this drive to acquire is being mindlessly driven to possess more and more “thin"
2024.12.set2,16,C,D,high,"{""D"": 1}",2024.12英语六级解析第2套/page-05,16. What does the speaker recommend in this talk? D）【精析】细节辨认题。讲座开头提到，到了复习准 备考试和（提交)论文的时间了。压力很大，所以 你想要利用一切可以得到的辅助来帮助自己提高 记忆力和成绩。接着，句（16)中提到，作为一名营 养学家，讲话者想说的是，吃得好可以对你的复习 计划产生真实的影响，并自然引出接下来要讲述 的内容：健脑食物和饮品。因此答案为D)。
2024.12.set2,17,C,C,high,"{""C"": 1}",2024.12英语六级解析第2套/page-05,"17. What does the speaker warn against about coffee? C）【精析】细节辨认题。句(17)中,讲话者明确指出， Questions 19 to 21 are based on the recording you have just heard. wars, and famines. throughout most of human history. the global population can be considered middle class. 解析册·2024年12月六级真题（二）20 下午2点以后就不要再饮用咖啡了。因此答案 为 C)。"
2024.12.set2,18,C,B,high,"{""B"": 1}",2024.12英语六级解析第2套/page-05,"18. How can we get sufficient nutrients according to the speaker? 【精析】细节辨认题。句(18)中，讲话者说，食物应 B) 该始终排在补充剂之前，获得尽可能多的营养的 关键是吃各种不同颜色的食物，如冷冻浆果和深 绿色蔬菜等。最好是从食物和饮品中获得你需要 的一切。由此可知，讲话者认为，我们可以通过丰 富多样的饮食来获取充分营养。因此答案为B)。 (19)The late Swedish academic Hans Rosling has identified a worrying trend: not only do many people across advanced economies have no idea that the world is becoming a much better place, but t"
2024.12.set2,19,C,A,high,"{""A"": 1}",2024.12英语六级解析第2套/page-06,19. What is the worrying trend the late Swedish academic has identified? 【精析】细节推断题。根据句（19)可知，已故瑞典 学者汉斯·罗斯林发现了一个令人担忧的趋势： 发达经济体内许多人不仅不知道世界正在变得更 好，他们还认为情况恰恰相反，即发达经济体内很 多人都认为世界正变得越来越糟。因此答案 为A)。
2024.12.set2,22,C,A,high,"{""A"": 1}",2024.12英语六级解析第2套/page-06,22. What question does the speaker try to answer in this talk? A）【精析】细节辨认题。讲座以面包的香味可以引发 人们的久远记忆切入，引发了讲话者的问题 为什么气味有时会引发强烈的记忆，特别是情感 记忆？之后，讲话者一直在试图回答这一问题。 因此答案为A)。
2024.12.set2,23,C,C,medium,"{""C"": 1}",2024.12英语六级解析第2套/page-06,"23. What is said to result in an intimate connection between emotions, memories and scents? D）【精析】细节辨认题。句(23)中提到，气味是唯一 能直达大脑情感和记忆中心的感觉。它引发了情 感、记忆和气味之间的密切联系，这就是气味引发 的记忆比景象或声音引发的记忆更有感染力的原 解析册·2024年12月六级真题（二）21 C) 【精析】细节辨认题。句(20中，讲话者说，全球化 是确保所有国家共享经济繁荣的唯一出路，而不 是只确保少数发达经济体的经济繁荣。因此答案 为 C)。 2l. What do we learn about half of the global population? 【精析】细节辨认题。句(21)中提到，事实上，全球 半数人口都可以被视为中产阶级，这是自工业革 命以来的第一次"
2024.12.set2,24,C,D,high,"{""D"": 1}",2024.12英语六级解析第2套/page-06,"24. What does the brain use to give meaning to information and find a memory? D）【精析】细节辩认题。句(24)中提到,大脑是利用 情境来赋予信息意义并找到记忆的。因此答案 为D)。"
2024.12.set2,25,C,A,high,"{""A"": 1}",2024.12英语六级解析第2套/page-06,"25. What drawback do memories of scents share with other memories? 【精析】细节归纳题。句(25)中提到,尽管气味带 A)[ 来的记忆具有特殊性，但它们与其他记忆有着相 同的缺点。它们并不总是准确的，而且会随着时 间的推移而变化。因此答案为A)。 We all know that the sense of smell is powerful. The delicious scent of bread, for example, can act like a time machine. One sniff can bring back a memory from many years ago. Indeed, scent particles, in general, can revive memories that have"
