file,question_number,statement,answer_letter,answer_paragraph,paragraph_position_pct,paragraph_index,paragraph_count,paragraph_text_preview,method
2022.06六级真题第1套【可复制可搜索，打印首选】.pdf,36,"Some children on the remote islands won't eat their meals because they are fed cheap
junk food.",E,E,40.91,5,11,"""I diagnose them through conversation,says Dr. Mustahid. '""Sometimes it's really
obvious things that local doctors don't have the patience t",heuristic
2022.06六级真题第1套【可复制可搜索，打印首选】.pdf,37,"Unlike other parts of Bangladesh, the number of women who die from giving birth
remains high on the river islands.",A,A,4.55,1,11,"Fazila is a young woman that has been dealing with eczema (S ^), a common skin
condition, for the past five years, but never got it treated.",heuristic
2022.06六级真题第1套【可复制可搜索，打印首选】.pdf,38,"One big problem many islanders have is that they can't afford the prescribed medicines,
even with discounts offered.",J,J,86.36,10,11,"TD still has a few major challenges. Many residents complain the medicines they are
prescribed are sometimes unaffordable, but the governmen",heuristic
2022.06六级真题第1套【可复制可搜索，打印首选】.pdf,39,"TD is a virtual medical service financially supported by one of the nation's nonprofit
organizations.",C,C,22.73,3,11,"On the islands, there9s even a colloquial (口 头的)expression for the idea of making
medical care your lowest priority: It's known as ""rog push",heuristic
2022.06六级真题第1套【可复制可搜索，打印首选】.pdf,40,"TD doctors are welcome to the islanders because they treat the sick with respect and
patience.",E,E,40.91,5,11,"""I diagnose them through conversation,says Dr. Mustahid. '""Sometimes it's really
obvious things that local doctors don't have the patience t",heuristic
2022.06六级真题第1套【可复制可搜索，打印首选】.pdf,41,"Women islanders tend to have health problems early partly because they get married
and give birth early.",F,F,50.0,6,11,"Even off the islands, Bangladesh faces a critical deficit of health services. The country
has half the doctors-per-person ratio recommended ",heuristic
2022.06六级真题第1套【可复制可搜索，打印首选】.pdf,42,"TD doctors make weekly visits to the remote islands to provide services at a temporary
medical center.",I,I,77.27,9,11,"Other nonprofits are also starting to provide health services on the islands. A local
non-governmental organization called Friendship operat",heuristic
2022.06六级真题第1套【可复制可搜索，打印首选】.pdf,43,"TD doctors provide the islanders with online diagnoses and treatments for common
diseases.",G,G,59.09,7,11,"For most TD patients on the islands, Dr. Mustahid is the first big-city doctor that
they've ever consulted. TD doctors are not meant to trea",heuristic
2022.06六级真题第1套【可复制可搜索，打印首选】.pdf,44,"The residents of the river islands have to keep moving their homes because of floods
and land erosions.",F,F,50.0,6,11,"Even off the islands, Bangladesh faces a critical deficit of health services. The country
has half the doctors-per-person ratio recommended ",heuristic
2022.06六级真题第1套【可复制可搜索，打印首选】.pdf,45,"Women islanders usually rely on their husbands to get some medicines for them without
diagnoses and prescriptions.",H,H,68.18,8,11,"After a few sessions about general health issues Fazila finally opened up about
something else that was bothering her: her persistent skin c",heuristic
2022.06六级真题第2套【可复制可搜索，打印首选】.pdf,36,Climate change has wrought havoc on the lives of tens of thousands of people.,F,F,50.0,6,11,"Social and environmental activists, scientists and indigenous groups have called the
Paris Agreement of the United Nations Climate Change Co",heuristic
2022.06六级真题第2套【可复制可搜索，打印首选】.pdf,37,"It took scientists a long time to realise that the function of forests goes far beyond
providing humans with timber.",B,B,13.64,2,11,"Economic interests were at the core of this understanding of trees and forests. It would
take more than three centuries before scientists be",heuristic
2022.06六级真题第2套【可复制可搜索，打印首选】.pdf,38,There is abundant evidence that we are now facing a possible ecological disaster.,H,H,68.18,8,11,"Scientific evidence that we are living in an era of climate change, resource exhaustion
and potential ecological disaster is overwhelming. H",heuristic
2022.06六级真题第2套【可复制可搜索，打印首选】.pdf,39,Environmental science became academic disciplines only some sixty years ago.,D,D,31.82,4,11,"Awareness of ecologies is a recent phenomenon. It was not until the 1940s that the
concept of the ""environment"" embracing all living and non",heuristic
2022.06六级真题第2套【可复制可搜索，打印首选】.pdf,40,"Things cannot change overnight, but reducing the consumption of natural resources will
help solve the ecological crisis.",K,K,95.45,11,11,"Today9s saving powers will not come from a deus ex machina (解围之 4中).In an
ever-more complex and synthetic world, our saving powers won't com",heuristic
2022.06六级真题第2套【可复制可搜索，打印首选】.pdf,41,Human perception of forests has undergone a tremendous change in the past years.,C,C,22.73,3,11,"Recent years have seen a big change in our view of forests. Peter Wohlleben's book The
Hidden Life of Trees (2015), an international bestsel",heuristic
2022.06六级真题第2套【可复制可搜索，打印首选】.pdf,42,"Recent history shows reduction of pollution, once seemingly impossible, can actually
be accomplished.",G,G,59.09,7,11,"The current crisis is not the first that humans have encountered, and a look at the
struggles with pollution in recent history reveals trans",heuristic
2022.06六级真题第2套【可复制可搜索，打印首选】.pdf,43,"People began to consider preserving natural resources when they feared they would
have nothing to use in the future.",A,A,4.55,1,11,"In the long view, the human relationship with forests has been one of brutal destruction,
but even it carries elements of slow hope. In the ",heuristic
2022.06六级真题第2套【可复制可搜索，打印首选】.pdf,44,"If we doubt our ability to reverse ecological deterioration, we are throwing away the
chance to take action.",J,J,86.36,10,11,"It is time that we showed successes and accelerations in ecological awareness, action
and restoration: stories that include past successes a",heuristic
2022.06六级真题第2套【可复制可搜索，打印首选】.pdf,45,"How to respond effectively to climate change has become the focus of international
diplomacy.
2022年6月英语六级真题第2套 第 4 页 共 8",G,G,59.09,7,11,"The current crisis is not the first that humans have encountered, and a look at the
struggles with pollution in recent history reveals trans",heuristic
2022.06六级真题第3套【可复制可搜索，打印首选】.pdf,36,Climate change has wrought havoc on the lives of tens of thousands of people.,F,F,50.0,6,11,"Social and environmental activists, scientists and indigenous groups have called the
Paris Agreement of the United Nations Climate Change Co",heuristic|source:2022.06六级真题第2套【可复制可搜索，打印首选】.pdf
2022.06六级真题第3套【可复制可搜索，打印首选】.pdf,37,"It took scientists a long time to realise that the function of forests goes far beyond
providing humans with timber.",B,B,13.64,2,11,"Economic interests were at the core of this understanding of trees and forests. It would
take more than three centuries before scientists be",heuristic|source:2022.06六级真题第2套【可复制可搜索，打印首选】.pdf
2022.06六级真题第3套【可复制可搜索，打印首选】.pdf,38,There is abundant evidence that we are now facing a possible ecological disaster.,H,H,68.18,8,11,"Scientific evidence that we are living in an era of climate change, resource exhaustion
and potential ecological disaster is overwhelming. H",heuristic|source:2022.06六级真题第2套【可复制可搜索，打印首选】.pdf
2022.06六级真题第3套【可复制可搜索，打印首选】.pdf,39,Environmental science became academic disciplines only some sixty years ago.,D,D,31.82,4,11,"Awareness of ecologies is a recent phenomenon. It was not until the 1940s that the
concept of the ""environment"" embracing all living and non",heuristic|source:2022.06六级真题第2套【可复制可搜索，打印首选】.pdf
2022.06六级真题第3套【可复制可搜索，打印首选】.pdf,40,"Things cannot change overnight, but reducing the consumption of natural resources will
help solve the ecological crisis.",K,K,95.45,11,11,"Today9s saving powers will not come from a deus ex machina (解围之 4中).In an
ever-more complex and synthetic world, our saving powers won't com",heuristic|source:2022.06六级真题第2套【可复制可搜索，打印首选】.pdf
2022.06六级真题第3套【可复制可搜索，打印首选】.pdf,41,Human perception of forests has undergone a tremendous change in the past years.,C,C,22.73,3,11,"Recent years have seen a big change in our view of forests. Peter Wohlleben's book The
Hidden Life of Trees (2015), an international bestsel",heuristic|source:2022.06六级真题第2套【可复制可搜索，打印首选】.pdf
2022.06六级真题第3套【可复制可搜索，打印首选】.pdf,42,"Recent history shows reduction of pollution, once seemingly impossible, can actually
be accomplished.",G,G,59.09,7,11,"The current crisis is not the first that humans have encountered, and a look at the
struggles with pollution in recent history reveals trans",heuristic|source:2022.06六级真题第2套【可复制可搜索，打印首选】.pdf
2022.06六级真题第3套【可复制可搜索，打印首选】.pdf,43,"People began to consider preserving natural resources when they feared they would
have nothing to use in the future.",A,A,4.55,1,11,"In the long view, the human relationship with forests has been one of brutal destruction,
but even it carries elements of slow hope. In the ",heuristic|source:2022.06六级真题第2套【可复制可搜索，打印首选】.pdf
2022.06六级真题第3套【可复制可搜索，打印首选】.pdf,44,"If we doubt our ability to reverse ecological deterioration, we are throwing away the
chance to take action.",J,J,86.36,10,11,"It is time that we showed successes and accelerations in ecological awareness, action
and restoration: stories that include past successes a",heuristic|source:2022.06六级真题第2套【可复制可搜索，打印首选】.pdf
2022.06六级真题第3套【可复制可搜索，打印首选】.pdf,45,"How to respond effectively to climate change has become the focus of international
diplomacy.
2022年6月英语六级真题第2套 第 4 页 共 8",G,G,59.09,7,11,"The current crisis is not the first that humans have encountered, and a look at the
struggles with pollution in recent history reveals trans",heuristic|source:2022.06六级真题第2套【可复制可搜索，打印首选】.pdf
2022.09英语六级真题第1套【可复制可搜索，打印首选】.pdf,36,Employers attach more importance to applicants' computer skills than their language competence.,K,K,95.45,11,11,"""Our world is shrinking but its problems are really growing,"" says ACTFL National Language Teacher
of the Year Ted Zarrow, who teaches high ",heuristic
2022.09英语六级真题第1套【可复制可搜索，打印首选】.pdf,37,"One U.S. state senator proposed that high school students be allowed to study either foreign language
or computer coding.",E,E,40.91,5,11,"""I think the opportunity to give people a choice is important,"" says Florida state Senator Jeremy Ring,
who introduced a bill last year that",heuristic
2022.09英语六级真题第1套【可复制可搜索，打印首选】.pdf,38,"Learning languages broadens students' international perspective and nurtures mutual respect among
peoples, according to a high school language teacher.",K,K,95.45,11,11,"""Our world is shrinking but its problems are really growing,"" says ACTFL National Language Teacher
of the Year Ted Zarrow, who teaches high ",heuristic
2022.09英语六级真题第1套【可复制可搜索，打印首选】.pdf,39,One U.S. state will see to it that programming classes are taught by quality teachers.,G,G,59.09,7,11,"A Kentucky bill similar to the one in Florida was met with complaints from educators, and was then
amended to promote computer science educa",heuristic
2022.09英语六级真题第1套【可复制可搜索，打印首选】.pdf,40,"Statistics show while computer-related jobs have been on the rise, foreign languages have become less
第5页
appealing to American students since mid-1990s.",D,D,31.82,4,11,"According to the 2016 U.S. News/Raytheon STEM Index, computer science jobs have helped boost
wages in the U.S., and computer-related jobs ho",heuristic
2022.09英语六级真题第1套【可复制可搜索，打印首选】.pdf,41,All school subjects are said to be essential to students' well-rounded development.,H,H,68.18,8,11,"Texas passed a bill in 2013 that allows students to substitute computer coding only after they have
attempted and performed poorly in a fore",heuristic
2022.09英语六级真题第1套【可复制可搜索，打印首选】.pdf,42,"There is consensus among most educators that coding should be taught in schools but should not replace
foreign language.",B,B,13.64,2,11,"There's a debate over whether it's appropriate to teach coding in elementary schools, with fierce
opinions on each side. When it comes to al",heuristic
2022.09英语六级真题第1套【可复制可搜索，打印首选】.pdf,43,One study showed that foreign language learning improved students' academic performance.,J,J,86.36,10,11,"Studies show that bilingualism (~lC~) correlates with cognitive development, intelligence, memory
and problem solving abilities, according t",heuristic
2022.09英语六级真题第1套【可复制可搜索，打印首选】.pdf,44,"Being short of funding and qualified teachers, schools lag behind the fast developing computer science
field.",C,C,22.73,3,11,"The idea is that computer programming is a language, allowing people to communicate with machines
and programs. It's the language of the 21s",heuristic
2022.09英语六级真题第1套【可复制可搜索，打印首选】.pdf,45,"A distinguished high school language teacher also believes it is advisable to start learning a foreign
language at an earlier age.",A,A,4.55,1,11,"As computer coding has become an increasingly sought-after skill, more K-12 schools are working it
into their curriculums. Some states have ",answer_key
2022.09英语六级真题第2套【可复制可搜索，打印首选】.pdf,36,Employers attach more importance to applicants' computer skills than their language competence.,K,K,95.45,11,11,"""Our world is shrinking but its problems are really growing,"" says ACTFL National Language Teacher
of the Year Ted Zarrow, who teaches high ",heuristic|source:2022.09英语六级真题第1套【可复制可搜索，打印首选】.pdf
2022.09英语六级真题第2套【可复制可搜索，打印首选】.pdf,37,"One U.S. state senator proposed that high school students be allowed to study either foreign language
or computer coding.",E,E,40.91,5,11,"""I think the opportunity to give people a choice is important,"" says Florida state Senator Jeremy Ring,
who introduced a bill last year that",heuristic|source:2022.09英语六级真题第1套【可复制可搜索，打印首选】.pdf
2022.09英语六级真题第2套【可复制可搜索，打印首选】.pdf,38,"Learning languages broadens students' international perspective and nurtures mutual respect among
peoples, according to a high school language teacher.",K,K,95.45,11,11,"""Our world is shrinking but its problems are really growing,"" says ACTFL National Language Teacher
of the Year Ted Zarrow, who teaches high ",heuristic|source:2022.09英语六级真题第1套【可复制可搜索，打印首选】.pdf
2022.09英语六级真题第2套【可复制可搜索，打印首选】.pdf,39,One U.S. state will see to it that programming classes are taught by quality teachers.,G,G,59.09,7,11,"A Kentucky bill similar to the one in Florida was met with complaints from educators, and was then
amended to promote computer science educa",heuristic|source:2022.09英语六级真题第1套【可复制可搜索，打印首选】.pdf
2022.09英语六级真题第2套【可复制可搜索，打印首选】.pdf,40,"Statistics show while computer-related jobs have been on the rise, foreign languages have become less
第5页
appealing to American students since mid-1990s.",D,D,31.82,4,11,"According to the 2016 U.S. News/Raytheon STEM Index, computer science jobs have helped boost
wages in the U.S., and computer-related jobs ho",heuristic|source:2022.09英语六级真题第1套【可复制可搜索，打印首选】.pdf
2022.09英语六级真题第2套【可复制可搜索，打印首选】.pdf,41,All school subjects are said to be essential to students' well-rounded development.,H,H,68.18,8,11,"Texas passed a bill in 2013 that allows students to substitute computer coding only after they have
attempted and performed poorly in a fore",heuristic|source:2022.09英语六级真题第1套【可复制可搜索，打印首选】.pdf
2022.09英语六级真题第2套【可复制可搜索，打印首选】.pdf,42,"There is consensus among most educators that coding should be taught in schools but should not replace
foreign language.",B,B,13.64,2,11,"There's a debate over whether it's appropriate to teach coding in elementary schools, with fierce
opinions on each side. When it comes to al",heuristic|source:2022.09英语六级真题第1套【可复制可搜索，打印首选】.pdf
2022.09英语六级真题第2套【可复制可搜索，打印首选】.pdf,43,One study showed that foreign language learning improved students' academic performance.,J,J,86.36,10,11,"Studies show that bilingualism (~lC~) correlates with cognitive development, intelligence, memory
and problem solving abilities, according t",heuristic|source:2022.09英语六级真题第1套【可复制可搜索，打印首选】.pdf
2022.09英语六级真题第2套【可复制可搜索，打印首选】.pdf,44,"Being short of funding and qualified teachers, schools lag behind the fast developing computer science
field.",C,C,22.73,3,11,"The idea is that computer programming is a language, allowing people to communicate with machines
and programs. It's the language of the 21s",heuristic|source:2022.09英语六级真题第1套【可复制可搜索，打印首选】.pdf
2022.09英语六级真题第2套【可复制可搜索，打印首选】.pdf,45,"A distinguished high school language teacher also believes it is advisable to start learning a foreign
language at an earlier age.",A,A,4.55,1,11,"As computer coding has become an increasingly sought-after skill, more K-12 schools are working it
into their curriculums. Some states have ",answer_key|source:2022.09英语六级真题第1套【可复制可搜索，打印首选】.pdf
2022.09英语六级真题第3套【可复制可搜索，打印首选】.pdf,36,Employers attach more importance to applicants' computer skills than their language competence.,K,K,95.45,11,11,"""Our world is shrinking but its problems are really growing,"" says ACTFL National Language Teacher
of the Year Ted Zarrow, who teaches high ",heuristic|source:2022.09英语六级真题第1套【可复制可搜索，打印首选】.pdf
2022.09英语六级真题第3套【可复制可搜索，打印首选】.pdf,37,"One U.S. state senator proposed that high school students be allowed to study either foreign language
or computer coding.",E,E,40.91,5,11,"""I think the opportunity to give people a choice is important,"" says Florida state Senator Jeremy Ring,
who introduced a bill last year that",heuristic|source:2022.09英语六级真题第1套【可复制可搜索，打印首选】.pdf
2022.09英语六级真题第3套【可复制可搜索，打印首选】.pdf,38,"Learning languages broadens students' international perspective and nurtures mutual respect among
peoples, according to a high school language teacher.",K,K,95.45,11,11,"""Our world is shrinking but its problems are really growing,"" says ACTFL National Language Teacher
of the Year Ted Zarrow, who teaches high ",heuristic|source:2022.09英语六级真题第1套【可复制可搜索，打印首选】.pdf
2022.09英语六级真题第3套【可复制可搜索，打印首选】.pdf,39,One U.S. state will see to it that programming classes are taught by quality teachers.,G,G,59.09,7,11,"A Kentucky bill similar to the one in Florida was met with complaints from educators, and was then
amended to promote computer science educa",heuristic|source:2022.09英语六级真题第1套【可复制可搜索，打印首选】.pdf
2022.09英语六级真题第3套【可复制可搜索，打印首选】.pdf,40,"Statistics show while computer-related jobs have been on the rise, foreign languages have become less
第5页
appealing to American students since mid-1990s.",D,D,31.82,4,11,"According to the 2016 U.S. News/Raytheon STEM Index, computer science jobs have helped boost
wages in the U.S., and computer-related jobs ho",heuristic|source:2022.09英语六级真题第1套【可复制可搜索，打印首选】.pdf
2022.09英语六级真题第3套【可复制可搜索，打印首选】.pdf,41,All school subjects are said to be essential to students' well-rounded development.,H,H,68.18,8,11,"Texas passed a bill in 2013 that allows students to substitute computer coding only after they have
attempted and performed poorly in a fore",heuristic|source:2022.09英语六级真题第1套【可复制可搜索，打印首选】.pdf
2022.09英语六级真题第3套【可复制可搜索，打印首选】.pdf,42,"There is consensus among most educators that coding should be taught in schools but should not replace
foreign language.",B,B,13.64,2,11,"There's a debate over whether it's appropriate to teach coding in elementary schools, with fierce
opinions on each side. When it comes to al",heuristic|source:2022.09英语六级真题第1套【可复制可搜索，打印首选】.pdf
2022.09英语六级真题第3套【可复制可搜索，打印首选】.pdf,43,One study showed that foreign language learning improved students' academic performance.,J,J,86.36,10,11,"Studies show that bilingualism (~lC~) correlates with cognitive development, intelligence, memory
and problem solving abilities, according t",heuristic|source:2022.09英语六级真题第1套【可复制可搜索，打印首选】.pdf
2022.09英语六级真题第3套【可复制可搜索，打印首选】.pdf,44,"Being short of funding and qualified teachers, schools lag behind the fast developing computer science
field.",C,C,22.73,3,11,"The idea is that computer programming is a language, allowing people to communicate with machines
and programs. It's the language of the 21s",heuristic|source:2022.09英语六级真题第1套【可复制可搜索，打印首选】.pdf
2022.09英语六级真题第3套【可复制可搜索，打印首选】.pdf,45,"A distinguished high school language teacher also believes it is advisable to start learning a foreign
language at an earlier age.",A,A,4.55,1,11,"As computer coding has become an increasingly sought-after skill, more K-12 schools are working it
into their curriculums. Some states have ",answer_key|source:2022.09英语六级真题第1套【可复制可搜索，打印首选】.pdf
2022年12月英语六级真题第1套.pdf,36,Wardian regards the various extraordinary challenges as a test of his physical endurance.,G,G,59.09,7,11,"Wardian started saving for the trip in 2014, connecting with sponsors and getting approval from his wife,
Jennifer, before committing. Regis",heuristic
2022年12月英语六级真题第1套.pdf,37,Wardian hopes his participation in the seven-day marathon series will contribute to a worthy cause.,I,I,77.27,9,11,"Instead, 43-year-old Petr Vabrousek, an elite Czech Ironman champion, is expected to be Wardian's
closest challenger. To others on the trip,",heuristic
2022年12月英语六级真题第1套.pdf,38,Wardian is going to join over thirty other runners in a week-long marathon series.,K,K,95.45,11,11,"But in some ways, Wardian still has trouble thinking of himself as a runner. For the majority of his
childhood, Wardian devoted his energy t",heuristic
2022年12月英语六级真题第1套.pdf,39,Over-exertion in extreme cold can lower one's body temperature to a dangerous point.,C,C,22.73,3,11,"""I like to do stuff that scares me,"" Wardian said. With ice frozen to his beard, Wardian crossed the finish
line that April afternoon in a w",heuristic
2022年12月英语六级真题第1套.pdf,40,Wardian was very much impressed by a race director's sense of adventure.,F,F,50.0,6,11,"Something about the way Richard Donovan carried himself appealed to Wardian. Perhaps it was the sense
of adventure Donovan displayed when th",heuristic
2022年12月英语六级真题第1套.pdf,41,"Once Wardian sets his mind on something, he is determined to make it happen.",K,K,95.45,11,11,"But in some ways, Wardian still has trouble thinking of himself as a runner. For the majority of his
childhood, Wardian devoted his energy t",heuristic
2022年12月英语六级真题第1套.pdf,42,One top American marathoner quit his running career because of his physical condition.,E,E,40.91,5,11,"An elite ultra-runner, Wardian has his sights on breaking the event's record average marathon time of
3:32: 25 set last January by U. S. Mar",heuristic
2022年12月英语六级真题第1套.pdf,43,"To many of the week-long marathon participants, completing the race will be a success in itself.",D,D,31.82,4,11,"In a few days, Wardian will once again compete in an unfamiliar territory and below-freezing
temperatures. He will line up Monday in Antarct",heuristic
2022年12月英语六级真题第1套.pdf,44,"For Wardian, the marathon in the Arctic was more about how to triumph over the extreme cold.
2022年12月英语六级真题第1套 第 5 页,共 8 页",H,H,68.18,8,11,"Since turning it into an organized event in 2015, Donovan has attracted a variety of runners. This year's
2022年12月英语六级真题第1套 第 4 页,共 8 页
chal",heuristic
2022年12月英语六级真题第1套.pdf,45,"To participate in the seven-day marathon series, Wardian had to raise a lot of money and have his wife's
support.",F,F,50.0,6,11,"Something about the way Richard Donovan carried himself appealed to Wardian. Perhaps it was the sense
of adventure Donovan displayed when th",heuristic
2022年12月英语六级真题第2套.pdf,36,A new study found parents' aversion to certain animals would pass on to their children.,A,A,4.55,1,11,"What do we lose when natural spaces and species disappear? Increasingly, research has shown that as
species and ecosystems vanish, it also c",answer_key
2022年12月英语六级真题第2套.pdf,37,The disappearance of species and ecological systems erodes our ability to keep what is left.,A,A,4.55,1,11,"What do we lose when natural spaces and species disappear? Increasingly, research has shown that as
species and ecosystems vanish, it also c",heuristic
2022年12月英语六级真题第2套.pdf,38,A study showed that the wildest areas of Discovery Park appealed most to the public.,A,A,4.55,1,11,"What do we lose when natural spaces and species disappear? Increasingly, research has shown that as
species and ecosystems vanish, it also c",answer_key
2022年12月英语六级真题第2套.pdf,39,The fear of living organisms is becoming more worrisome.,C,C,22.73,3,11,"At best this can be termed ""the extinction of experience,"" where our cultural and natural histories fade
from our memories and therefore our",heuristic
2022年12月英语六级真题第2套.pdf,40,"Preventing the increase in children's fear of living creatures is also important for conserving biodiversity.
2022年12月英语六级真题第2套 第 5 页,共 8 页
harmless ones.",I,I,77.27,9,11,"Helping parents to see species around them in a new light would make a difference, too. And, of course,
maintaining support for preserving t",heuristic
2022年12月英语六级真题第2套.pdf,41,Research shows that more and deeper experience people have with nature will help save it.,K,K,95.45,11,11,"The participants reported that their most valuable experiences in the park included encountering wildlife,
walking through open spaces, expl",heuristic
2022年12月英语六级真题第2套.pdf,42,"Though humans naturally tend to avoid dangerous animals, today's children try to stay away from even
residents.",E,E,40.91,5,11,"The results were published earlier this year in the journal Biological Conservation. Lead researcher
Masashi Soga with the University of Tok",heuristic
2022年12月英语六级真题第2套.pdf,43,Development in and around Discovery Park could cause heavy losses to the park and the local,K,K,95.45,11,11,"The participants reported that their most valuable experiences in the park included encountering wildlife,
walking through open spaces, expl",heuristic
2022年12月英语六级真题第2套.pdf,44,"A large survey of school children found that their negative feelings grew as their experience with nature
diminished.",A,A,4.55,1,11,"What do we lose when natural spaces and species disappear? Increasingly, research has shown that as
species and ecosystems vanish, it also c",answer_key
2022年12月英语六级真题第2套.pdf,45,Elizabeth Lev believes increased contact with more wildlife helps conserve biodiversity.,G,G,59.09,7,11,"And that's possibly the greater threat posed by extinction of experience. Soga suggests the generational
loss-a condition previously dubbed ",heuristic
2022年12月英语六级真题第3套.pdf,36,It was not a rare occurrence that audiences behaved wildly while listening to classical music.,A,A,4.55,1,11,"In 1913, classical music sparked a riot in Paris. Igor Stravinsky was introducing his revolutionary ""Rite of
Spring"" ballet to the world, wi",heuristic
2022年12月英语六级真题第3套.pdf,37,Some high-art institutions don't actually mean it when they say they want more general audiences.,K,K,95.45,11,11,"The orchestra also continues to offer $ 25 annual memberships to Philadelphia students, who can buy
rush tickets to every concert on the sch",heuristic
2022年12月英语六级真题第3套.pdf,38,The theatre was in chaos when an unconventional ballet was first put on stage in the capital of France.,A,A,4.55,1,11,"In 1913, classical music sparked a riot in Paris. Igor Stravinsky was introducing his revolutionary ""Rite of
Spring"" ballet to the world, wi",heuristic
2022年12月英语六级真题第3套.pdf,39,"According to one critic, the audience's warm response would encourage the musicians to do a better job.",K,K,95.45,11,11,"The orchestra also continues to offer $ 25 annual memberships to Philadelphia students, who can buy
rush tickets to every concert on the sch",heuristic
2022年12月英语六级真题第3套.pdf,40,Many commenters argued for the audience enjoying classical music quietly.,A,A,4.55,1,11,"In 1913, classical music sparked a riot in Paris. Igor Stravinsky was introducing his revolutionary ""Rite of
Spring"" ballet to the world, wi",heuristic
2022年12月英语六级真题第3套.pdf,41,"What appears on the seatback screen makes it unnecessary for the audience to study the works
beforehand.",H,H,68.18,8,11,"Greenberg stressed that he doesn't want people to start respecting the music less, and he's not suggesting
that we ""dumb down"" the experienc",heuristic
2022年12月英语六级真题第3套.pdf,42,"It is generally accepted that there should be no disturbance from the audience during classical music
performance.",A,A,4.55,1,11,"In 1913, classical music sparked a riot in Paris. Igor Stravinsky was introducing his revolutionary ""Rite of
Spring"" ballet to the world, wi",heuristic
2022年12月英语六级真题第3套.pdf,43,"Higher institutions will be concerned about compromising the integrity of classical music if they have to
resort to the television medium.",K,K,95.45,11,11,"The orchestra also continues to offer $ 25 annual memberships to Philadelphia students, who can buy
rush tickets to every concert on the sch",heuristic
2022年12月英语六级真题第3套.pdf,44,Heavily discounted rush tickets help attract many young students to attend classical concerts.,K,K,95.45,11,11,"The orchestra also continues to offer $ 25 annual memberships to Philadelphia students, who can buy
rush tickets to every concert on the sch",heuristic
2022年12月英语六级真题第3套.pdf,45,The formalities of high-art theatres can intimidate some people attending a performance.,K,K,95.45,11,11,"The orchestra also continues to offer $ 25 annual memberships to Philadelphia students, who can buy
rush tickets to every concert on the sch",heuristic
2023.03英语六级真题第1套.pdf,36,"The higher rate of employment, combined with limited housing supply, did not make it any easier to buy
a house.",E,E,40.91,5,11,"In spite of all that, the strength of the recent job growth, combined with policies that have traditionally
limited housing development in t",heuristic
2023.03英语六级真题第1套.pdf,37,"One way to deal with the housing crisis is for the government to simplify approval procedures for
housing projects.",K,K,95.45,11,11,"Real estate alone will not solve the problem, of course. Transportation, too, needs to be updated and
infrastructure extended to link distan",heuristic
2023.03英语六级真题第1套.pdf,38,"Residents of the San Francisco Bay Area strongly resent the tech industry because of the economic
inequality it has contributed to.",B,B,13.64,2,11,"While the residents of most cities display pride and support for their home industries, drastic market
distortions in the San Francisco Bay ",heuristic
2023.03英语六级真题第1套.pdf,39,The fast rise in the prices of land and houses increases the economic inequality among people.,G,G,59.09,7,11,"For generations, the stability and prosperity of the American middle class has been anchored by home
ownership. Studies have consistently sh",heuristic
2023.03英语六级真题第1套.pdf,40,"San Francisco city government offered tax benefits to attract tech companies to establish operations in a
less developed area.
2023年3月英语六级真题第1套 第5页,共8页",H,H,68.18,8,11,"If contributing factors leading to housing becoming less than affordable are not resolved over multiple
generations, a small elite will cont",heuristic
2023.03英语六级真题第1套.pdf,41,Innovative solutions to social and economic problems should be introduced before it is too late.,K,K,95.45,11,11,"Real estate alone will not solve the problem, of course. Transportation, too, needs to be updated and
infrastructure extended to link distan",heuristic
2023.03英语六级真题第1套.pdf,42,"When people compare their own living standard with others', it has a greater impact on their sense of
contentment.",H,H,68.18,8,11,"If contributing factors leading to housing becoming less than affordable are not resolved over multiple
generations, a small elite will cont",heuristic
2023.03英语六级真题第1套.pdf,43,San Francisco has been found to have the biggest income gap in California between the rich and the poor.,C,C,22.73,3,11,"According to a recent study, San Francisco ranks first in California for economic difference. The average
income of the top 1% of households",heuristic
2023.03英语六级真题第1套.pdf,44,"Improved transport networks connecting the city to distant outlying areas will also help solve the housing
crisis.",K,K,95.45,11,11,"Real estate alone will not solve the problem, of course. Transportation, too, needs to be updated and
infrastructure extended to link distan",heuristic
2023.03英语六级真题第1套.pdf,45,Average incomes in the Bay Area make it virtually impossible for most tenant families to buy a home.,K,K,95.45,11,11,"Real estate alone will not solve the problem, of course. Transportation, too, needs to be updated and
infrastructure extended to link distan",heuristic
2023.03英语六级真题第2套.pdf,36,"The higher rate of employment, combined with limited housing supply, did not make it any easier to buy
a house.",E,E,40.91,5,11,"In spite of all that, the strength of the recent job growth, combined with policies that have traditionally
limited housing development in t",heuristic|source:2023.03英语六级真题第1套.pdf
2023.03英语六级真题第2套.pdf,37,"One way to deal with the housing crisis is for the government to simplify approval procedures for
housing projects.",K,K,95.45,11,11,"Real estate alone will not solve the problem, of course. Transportation, too, needs to be updated and
infrastructure extended to link distan",heuristic|source:2023.03英语六级真题第1套.pdf
2023.03英语六级真题第2套.pdf,38,"Residents of the San Francisco Bay Area strongly resent the tech industry because of the economic
inequality it has contributed to.",B,B,13.64,2,11,"While the residents of most cities display pride and support for their home industries, drastic market
distortions in the San Francisco Bay ",heuristic|source:2023.03英语六级真题第1套.pdf
2023.03英语六级真题第2套.pdf,39,The fast rise in the prices of land and houses increases the economic inequality among people.,G,G,59.09,7,11,"For generations, the stability and prosperity of the American middle class has been anchored by home
ownership. Studies have consistently sh",heuristic|source:2023.03英语六级真题第1套.pdf
2023.03英语六级真题第2套.pdf,40,"San Francisco city government offered tax benefits to attract tech companies to establish operations in a
less developed area.
2023年3月英语六级真题第1套 第5页,共8页",H,H,68.18,8,11,"If contributing factors leading to housing becoming less than affordable are not resolved over multiple
generations, a small elite will cont",heuristic|source:2023.03英语六级真题第1套.pdf
2023.03英语六级真题第2套.pdf,41,Innovative solutions to social and economic problems should be introduced before it is too late.,K,K,95.45,11,11,"Real estate alone will not solve the problem, of course. Transportation, too, needs to be updated and
infrastructure extended to link distan",heuristic|source:2023.03英语六级真题第1套.pdf
2023.03英语六级真题第2套.pdf,42,"When people compare their own living standard with others', it has a greater impact on their sense of
contentment.",H,H,68.18,8,11,"If contributing factors leading to housing becoming less than affordable are not resolved over multiple
generations, a small elite will cont",heuristic|source:2023.03英语六级真题第1套.pdf
2023.03英语六级真题第2套.pdf,43,San Francisco has been found to have the biggest income gap in California between the rich and the poor.,C,C,22.73,3,11,"According to a recent study, San Francisco ranks first in California for economic difference. The average
income of the top 1% of households",heuristic|source:2023.03英语六级真题第1套.pdf
2023.03英语六级真题第2套.pdf,44,"Improved transport networks connecting the city to distant outlying areas will also help solve the housing
crisis.",K,K,95.45,11,11,"Real estate alone will not solve the problem, of course. Transportation, too, needs to be updated and
infrastructure extended to link distan",heuristic|source:2023.03英语六级真题第1套.pdf
2023.03英语六级真题第2套.pdf,45,Average incomes in the Bay Area make it virtually impossible for most tenant families to buy a home.,K,K,95.45,11,11,"Real estate alone will not solve the problem, of course. Transportation, too, needs to be updated and
infrastructure extended to link distan",heuristic|source:2023.03英语六级真题第1套.pdf
2023.03英语六级真题第3套.pdf,36,"The higher rate of employment, combined with limited housing supply, did not make it any easier to buy
a house.",E,E,40.91,5,11,"In spite of all that, the strength of the recent job growth, combined with policies that have traditionally
limited housing development in t",heuristic|source:2023.03英语六级真题第1套.pdf
2023.03英语六级真题第3套.pdf,37,"One way to deal with the housing crisis is for the government to simplify approval procedures for
housing projects.",K,K,95.45,11,11,"Real estate alone will not solve the problem, of course. Transportation, too, needs to be updated and
infrastructure extended to link distan",heuristic|source:2023.03英语六级真题第1套.pdf
2023.03英语六级真题第3套.pdf,38,"Residents of the San Francisco Bay Area strongly resent the tech industry because of the economic
inequality it has contributed to.",B,B,13.64,2,11,"While the residents of most cities display pride and support for their home industries, drastic market
distortions in the San Francisco Bay ",heuristic|source:2023.03英语六级真题第1套.pdf
2023.03英语六级真题第3套.pdf,39,The fast rise in the prices of land and houses increases the economic inequality among people.,G,G,59.09,7,11,"For generations, the stability and prosperity of the American middle class has been anchored by home
ownership. Studies have consistently sh",heuristic|source:2023.03英语六级真题第1套.pdf
2023.03英语六级真题第3套.pdf,40,"San Francisco city government offered tax benefits to attract tech companies to establish operations in a
less developed area.
2023年3月英语六级真题第1套 第5页,共8页",H,H,68.18,8,11,"If contributing factors leading to housing becoming less than affordable are not resolved over multiple
generations, a small elite will cont",heuristic|source:2023.03英语六级真题第1套.pdf
2023.03英语六级真题第3套.pdf,41,Innovative solutions to social and economic problems should be introduced before it is too late.,K,K,95.45,11,11,"Real estate alone will not solve the problem, of course. Transportation, too, needs to be updated and
infrastructure extended to link distan",heuristic|source:2023.03英语六级真题第1套.pdf
2023.03英语六级真题第3套.pdf,42,"When people compare their own living standard with others', it has a greater impact on their sense of
contentment.",H,H,68.18,8,11,"If contributing factors leading to housing becoming less than affordable are not resolved over multiple
generations, a small elite will cont",heuristic|source:2023.03英语六级真题第1套.pdf
2023.03英语六级真题第3套.pdf,43,San Francisco has been found to have the biggest income gap in California between the rich and the poor.,C,C,22.73,3,11,"According to a recent study, San Francisco ranks first in California for economic difference. The average
income of the top 1% of households",heuristic|source:2023.03英语六级真题第1套.pdf
2023.03英语六级真题第3套.pdf,44,"Improved transport networks connecting the city to distant outlying areas will also help solve the housing
crisis.",K,K,95.45,11,11,"Real estate alone will not solve the problem, of course. Transportation, too, needs to be updated and
infrastructure extended to link distan",heuristic|source:2023.03英语六级真题第1套.pdf
2023.03英语六级真题第3套.pdf,45,Average incomes in the Bay Area make it virtually impossible for most tenant families to buy a home.,K,K,95.45,11,11,"Real estate alone will not solve the problem, of course. Transportation, too, needs to be updated and
infrastructure extended to link distan",heuristic|source:2023.03英语六级真题第1套.pdf
2023.06英语六级真题第1套.pdf,36,It does us far more good to focus on things we can be grateful for than what makes us sad and resentful.,C,C,22.73,3,11,"Defoe's masterpiece, which is often ranked as one of the world's greatest novels, provides a portrait of
gratitude in action that is as time",heuristic
2023.06英语六级真题第1套.pdf,37,"The beneficial impacts of gratitude can extend from individuals to their community and to the wider
society.",G,G,59.09,7,11,"There are multiple explanations for such benefits of gratefulness. One is the fact that expressing gratitude
encourages others to continue b",heuristic
2023.06英语六级真题第1套.pdf,38,"The participants in a recent study repeatedly underestimated the positive effect on those who received
thank-you notes.",A,A,4.55,1,11,"Gratitude may be more beneficial than we commonly suppose. One recent study asked participants to
write a note of thanks to someone and then",heuristic
2023.06英语六级真题第1套.pdf,39,Good deeds can sometimes make people feel uncomfortable.,G,G,59.09,7,11,"There are multiple explanations for such benefits of gratefulness. One is the fact that expressing gratitude
encourages others to continue b",heuristic
2023.06英语六级真题第1套.pdf,40,People who regularly express gratitude can benefit in moral terms.,F,F,50.0,6,11,"Recent scientific studies support these ancient teachings. Individuals who regularly engage in gratitude
exercises, such as counting their b",heuristic
2023.06英语六级真题第1套.pdf,41,A basketball coach advocated performing generous acts without expecting anything in return.,A,A,4.55,1,11,"Gratitude may be more beneficial than we commonly suppose. One recent study asked participants to
write a note of thanks to someone and then",answer_key
2023.06英语六级真题第1套.pdf,42,"More and more evidence shows it makes us mentally and physically healthier to routinely count our
blessings.",D,D,31.82,4,11,"When we focus on the things we regret, such as failed relationships, family disputes, and setbacks in
career and finance, we tend to become ",heuristic
2023.06英语六级真题第1套.pdf,43,"Of all states of mind, feeling grateful is considered one of the most healthy and beneficial.",K,K,95.45,11,11,"Reflecting on generosity and gratitude, the great basketball coach John Wooden once offered two
counsels to his players and students. First,",heuristic
2023.06英语六级真题第1套.pdf,44,The principles underlying the research into gratitude are nothing new at all.,B,B,13.64,2,11,"While this research into gratitude is relatively new, the principles involved are anything but. Students of
mine in a political philosophy c",heuristic
2023.06英语六级真题第1套.pdf,45,Gratitude is likely to enhance one's sense of being connected with other people.,H,H,68.18,8,11,"Gratitude also tends to strengthen a sense of connection with others. When people want to do good things
that inspire gratitude, the level o",heuristic
2023.06英语六级真题第2套.pdf,36,Socially prescribed perfectionism is described as one's self-esteem depending on other people's opinion.,E,E,40.91,5,11,"Curran describes socially prescribed perfectionism as ""My self-esteem is contingent on what other people
think."" His study didn't examine th",heuristic
2023.06英语六级真题第2套.pdf,37,"Jessica Pryor has learned that some graduate students work such long hours in the lab that they have little
2023年6月英语六级真题第2套 第5页,共8页
time for entertainment or socializing.",E,E,40.91,5,11,"Curran describes socially prescribed perfectionism as ""My self-esteem is contingent on what other people
think."" His study didn't examine th",heuristic
2023.06英语六级真题第2套.pdf,38,The author believes perfectionism may sometimes be constructive.,F,F,50.0,6,11,"Perfectionism can, of course, be a positive force. Think of professional athletes, who train aggressively for
ever-higher levels of competit",heuristic
2023.06英语六级真题第2套.pdf,39,It is found that perfectionism is getting more and more prevalent among college students.,C,C,22.73,3,11,"What's more, perfectionism seems to be on the rise. In a study of thousands of American, Canadian, and
British college students published ea",heuristic
2023.06英语六级真题第2套.pdf,40,Some experts suggest parents and educators should prepare students for failures.,H,H,68.18,8,11,"While educators and parents have successfully convinced students of the need to be high performing and
diligent, the experts told me, they h",heuristic
2023.06英语六级真题第2套.pdf,41,Some therapists warn that young adults tend to pursue perfection in their work.,B,B,13.64,2,11,"Along with other therapists, Pryor, who is now with the Family Institute at Northwestern University, is
trying to sound the alarm about a te",heuristic
2023.06英语六级真题第2套.pdf,42,"Psychologist Amy Bach encourages her students to aim high but be content with something less than
perfect.",D,D,31.82,4,11,"A person living with an other-oriented perfectionist might feel criticized by the perfectionist spouse for
not doing household chores exactl",heuristic
2023.06英语六级真题第2套.pdf,43,A clinical psychologist finds perfectionism is widespread among his clients.,A,A,4.55,1,11,"When psychologist Jessica Pryor lived near an internationally renowned university, she once saw a
student walking into a library holding a s",answer_key
2023.06英语六级真题第2套.pdf,44,"In trying to overcome perfectionism, some people are still pursuing perfection.",F,F,50.0,6,11,"Perfectionism can, of course, be a positive force. Think of professional athletes, who train aggressively for
ever-higher levels of competit",heuristic
2023.06英语六级真题第2套.pdf,45,"In pursuing perfection, some perfectionists fail to complete their tasks on time.",G,G,59.09,7,11,"Brustein says his perfectionist clients tend to devalue their accomplishments, so that every time a goal is
achieved, the high lasts only a ",heuristic
2023.06英语六级真题第3套.pdf,36,"One tiny American college situated on a cattle farm is devoted to educating students to serve mankind
throughout their lives.",G,G,59.09,7,11,"With only 26 students, Deep Springs is the smallest college in the country and, quite likely, the most
atypical (非典型的). Located on a working",heuristic
2023.06英语六级真题第3套.pdf,37,"Much to the author's disappointment, the three institutions of higher learning where she taught largely
ignore students' growth as social beings.",D,D,31.82,4,11,"I've had the privilege of teaching at three different institutions of higher learning during my career-a small
liberal arts college and two ",heuristic
2023.06英语六级真题第3套.pdf,38,Tiny colleges must be made affordable in order to play a role in higher education.,K,K,95.45,11,11,"Doing so may not be that difficult so long as they do not pattern themselves too closely on existing
norms. We've come to believe that a goo",heuristic
2023.06英语六级真题第3套.pdf,39,"According to a recent graduate from a tiny college, living together with faculty and fellow students is
conducive to a student's growth as a person.",H,H,68.18,8,11,"""Living in close community with one's teachers and fellow students, and being forced to take on adult
responsibilities, makes for one's grow",heuristic
2023.06英语六级真题第3套.pdf,40,"Rather than going small, most American universities are trying to go big.",A,A,4.55,1,11,"We're experiencing the rebirth of smallness. Farmers markets, tiny homes, and brew pubs all exemplify
our love of smallness. So do charter s",heuristic
2023.06英语六级真题第3套.pdf,41,"In a certain tiny college, rigorous academic work and traditional manual labor are integrated.",E,E,40.91,5,11,"Having just retired from teaching at a public university, I'm now returning to my hometown of Flagstaff,
Arizona, to establish a tiny colleg",heuristic
2023.06英语六级真题第3套.pdf,42,"Tiny colleges focus on educating students to become well-rounded citizens instead of seeking their own
expansion.",C,C,22.73,3,11,"Tiny colleges focus not just on a young person's intellect, but on the young person as a whole. Equally
important, tiny colleges ask, ""How c",heuristic
2023.06英语六级真题第3套.pdf,43,The essence of education lies in the interaction between people.,F,F,50.0,6,11,"There's no ""best of"" list when it comes to tiny colleges, at least not yet. But around the country people are
creating new colleges that pro",heuristic
2023.06英语六级真题第3套.pdf,44,"After her retirement, the author has decided to set up a tiny college in her hometown.",E,E,40.91,5,11,"Having just retired from teaching at a public university, I'm now returning to my hometown of Flagstaff,
Arizona, to establish a tiny colleg",heuristic
2023.06英语六级真题第3套.pdf,45,"Tiny colleges are justified as it is believed that our growth into full humanity comes through interaction
with people near and dear to us.",K,K,95.45,11,11,"Doing so may not be that difficult so long as they do not pattern themselves too closely on existing
norms. We've come to believe that a goo",heuristic
2023.12六级真题第1套【可复制可检索】.pdf,36,It is said that agricultural productivity in many African countries has remained low for a century.,E,E,40.91,5,11,"The low productivity of African farmers is reflected in national economic statistics-despite absorbing so much
labour, farming generates jus",heuristic
2023.12六级真题第1套【可复制可检索】.pdf,37,"Building connections between farms and major purchasers of their produce can promote African farmers' use of
advanced farming techniques.",E,E,40.91,5,11,"The low productivity of African farmers is reflected in national economic statistics-despite absorbing so much
labour, farming generates jus",heuristic
2023.12六级真题第1套【可复制可检索】.pdf,38,"Parts of Africa are getting warmer much faster than the average, with southern Africa witnessing roughly twice
the global warming rate over the last half century.",B,B,13.64,2,11,"Although there are huge uncertainties as to the precise impacts of climate change, enough is known to say that
global warming represents one",heuristic
2023.12六级真题第1套【可复制可检索】.pdf,39,Improved farming practices have enabled Kenyan farmers to increase farm produce remarkably.,E,E,40.91,5,11,"The low productivity of African farmers is reflected in national economic statistics-despite absorbing so much
labour, farming generates jus",heuristic
2023.12六级真题第1套【可复制可检索】.pdf,40,"Africa is especially susceptible to the effects of global warming partly because it has difficulty feeding its
increasing population even without climate change.",A,A,4.55,1,11,"On the hills of central Kenya, almost lime-green with the sparkle of tea bushes in the sunlight, farmers know all
about climate change. ""The",heuristic
2023.12六级真题第1套【可复制可检索】.pdf,41,The use of fertiliser and improved seeds can help Africa's small farmers impressively increase crop yields.,F,F,50.0,6,11,"One reason is that in the first few decades of independence, many African governments neglected farming as
they focused on industrialising t",heuristic
2023.12六级真题第1套【可复制可检索】.pdf,42,"It has proved even more important to shift from traditional farming to setting up businesses that can bring
technology and investment to small farmers in Africa.",I,I,77.27,9,11,"An even more important change is the move from traditional farming to building businesses that can profitably
bring technology and investmen",heuristic
2023.12六级真题第1套【可复制可检索】.pdf,43,"Everyone in the world will have to bear the consequences of climate change, especially Africans.",A,A,4.55,1,11,"On the hills of central Kenya, almost lime-green with the sparkle of tea bushes in the sunlight, farmers know all
about climate change. ""The",heuristic
2023.12六级真题第1套【可复制可检索】.pdf,44,Improvement in farm output per worker in Africa falls far short of that in Asia.,D,D,31.82,4,11,"Finding out why is not hard. Most farms are tiny, ploughed by hand and reliant on rain. More than half of
Africa's people make their living ",heuristic
2023.12六级真题第1套【可复制可检索】.pdf,45,"In the long term, the potential for small farms in Africa to increase productivity is quite limited, especially
owing to the warming climate and a growing population.",C,C,22.73,3,11,"Africa is particularly vulnerable, in part because it is already struggling to feed itself and it will have to vastly
increase yields and pr",heuristic
2023.12六级真题第2套【可复制可检索】.pdf,36,Exploration of shipwrecks on the sea floor is crucial in updating our understanding of humanity's past.,F,F,50.0,6,11,"Nearly three million vessels lie wrecked on the Earth's ocean floor-from old canoes to the Titanic-and likely
less than one percent have bee",heuristic
2023.12六级真题第2套【可复制可检索】.pdf,37,"Quite a number of majestic ships sailing from Europe to America were wrecked off the Florida coast over the
centuries.",B,B,13.64,2,11,"Yet some of Cape Canaveral's most legendary attractions lie unseen, wedged under the sea's surface in mud and
sand, for this part of the wor",heuristic
2023.12六级真题第2套【可复制可检索】.pdf,38,Pritchett suffered a heavy loss when a US district court ruled against him.,I,I,77.27,9,11,"And then the legal storm began, with GME and Pritchett pitted against Florida and France. The Sunken Military
Craft Act of 2004, a US federa",heuristic
2023.12六级真题第2套【可复制可检索】.pdf,39,"Recently, people who found treasures in shipwrecks have been sued over their rights to own them.",D,D,31.82,4,11,"As technology renders the seabed more accessible, the hunt for treasure-filled ships has drawn a fresh tide of
salvors (打捞人员) and their inve",heuristic
2023.12六级真题第2套【可复制可检索】.pdf,40,Pritchett claims he got support of millions of dollars from investors for his shipwreck exploration.,I,I,77.27,9,11,"And then the legal storm began, with GME and Pritchett pitted against Florida and France. The Sunken Military
Craft Act of 2004, a US federa",heuristic
2023.12六级真题第2套【可复制可检索】.pdf,41,One pioneer marine scientist thinks archaeologists should make greater efforts to publish their findings.,D,D,31.82,4,11,"As technology renders the seabed more accessible, the hunt for treasure-filled ships has drawn a fresh tide of
salvors (打捞人员) and their inve",heuristic
2023.12六级真题第2套【可复制可检索】.pdf,42,"With technological advancement in recent years, salvors now can detect the invaluable man-made objects lying
buried under the sea.",E,E,40.91,5,11,"High-stakes fights over shipwrecks pit archaeologists against treasure hunters in a vicious cycle of accusations.
Archaeologists regard them",heuristic
2023.12六级真题第2套【可复制可检索】.pdf,43,"According to a lawyer, many treasure hunters are susceptible to loss because they are unaware they face a
financially stronger opponent in court.",J,J,86.36,10,11,"But this is far from the first time a salvor has lost all rights to a discovery. In 2012, for instance, Spain won a
five-year legal battle a",heuristic
2023.12六级真题第2套【可复制可检索】.pdf,44,Salvors of treasures in sunken ships and marine archaeologists are now hostile to each other.,D,D,31.82,4,11,"As technology renders the seabed more accessible, the hunt for treasure-filled ships has drawn a fresh tide of
salvors (打捞人员) and their inve",heuristic
2023.12六级真题第2套【可复制可检索】.pdf,45,"Archaeologists want to see artifacts help humans understand their past instead of being sold to private collectors
at an outrageous price.",K,K,95.45,11,11,"Putting an inflated price on artifacts rather than viewing them as cultural and historical treasures that transcend
any price is what irrita",heuristic
2023.12六级真题第3套【可复制可检索】.pdf,36,"Research indicates that brain training is likely to boost one's ability at specific tasks, but not one's other
cognitive abilities.",F,F,50.0,6,11,"Bilingualism and multilingualism are actually more common than you might think. In fact, it has been estimated
that there are fewer monoling",heuristic
2023.12六级真题第3套【可复制可检索】.pdf,37,"According to estimates, the number of people who speak two languages or more is greater than those who
speak one language only.",F,F,50.0,6,11,"Bilingualism and multilingualism are actually more common than you might think. In fact, it has been estimated
that there are fewer monoling",heuristic
2023.12六级真题第3套【可复制可检索】.pdf,38,"For the time being, we do not know what causes people to lose their cognitive abilities, or what we can do to
prevent it.",A,A,4.55,1,11,"You may have heard that learning another language is one method for preventing or at least postponing the
onset of dementia. Dementia refers",heuristic
2023.12六级真题第3套【可复制可检索】.pdf,39,"It is hard to determine whether people who are free from dementia tend to have more social activities, or more
social activities keep people away from dementia.",B,B,13.64,2,11,"To explore this possibility more deeply, let's look at some of the common misconceptions about dementia and
the aging brain. First of all, d",heuristic
2023.12六级真题第3套【可复制可检索】.pdf,40,There is evidence that learning foreign languages might be beneficial to boosting one's cognitive abilities.,E,E,40.91,5,11,"However, there is some reason to believe that learning languages might be different. The best evidence that
foreign language learning confer",heuristic
2023.12六级真题第3套【可复制可检索】.pdf,41,It was suggested that only those who always spoke two languages could benefit from bilingualism.,F,F,50.0,6,11,"Bilingualism and multilingualism are actually more common than you might think. In fact, it has been estimated
that there are fewer monoling",heuristic
2023.12六级真题第3套【可复制可检索】.pdf,42,The brain is different from muscles in that it keeps working even when the body is at rest.,C,C,22.73,3,11,"The idea that dementia can be prevented is based on the comparison of the brain to a muscle. When people talk
about the brain, they sometime",heuristic
2023.12六级真题第3套【可复制可检索】.pdf,43,"People who speak two languages do better at a number of cognitive tasks than those who speak only one
language.",K,K,95.45,11,11,"Other studies of successful aging suggest that being connected to one's community and having plenty of social
interaction is also important ",heuristic
2023.12六级真题第3套【可复制可检索】.pdf,44,Dementia is different from being merely forgetful and entails more serious trouble.,B,B,13.64,2,11,"To explore this possibility more deeply, let's look at some of the common misconceptions about dementia and
the aging brain. First of all, d",heuristic
2023.12六级真题第3套【可复制可检索】.pdf,45,It is claimed that more monolinguals suffer from Alzheimer's disease than bilinguals.,H,H,68.18,8,11,"If the benefits of being bilingual spill over to other aspects of cognition, then we would expect to see a lower
incidence of Alzheimer's di",heuristic
2024.12六级真题第1套.pdf,36,"According to a senior researcher, we will have secure food supply if we rid ourselves of ignorance
about native crops.",C,C,22.73,3,11,"Prof Azam-Ali explains that just four crops一wheat, maize, rice and soybean一provide two-thirds of
the world's food supply. ""We're dependent o",heuristic
2024.12六级真题第1套.pdf,37,"Most of the world's food supply comes from a tiny number out of thousands of crops that have been
grown for centuries.",C,C,22.73,3,11,"Prof Azam-Ali explains that just four crops一wheat, maize, rice and soybean一provide two-thirds of
the world's food supply. ""We're dependent o",heuristic
2024.12六级真题第1套.pdf,38,"To provide their family with food when the staple crops failed, some African women farmers grew
local crops in their backyards.",G,G,59.09,7,11,"Azam-Ali knows that scepticism firsthand. He came across alternative crops in the 1980s through the
work of women farmers he met in Niger. T",heuristic
2024.12六级真题第1套.pdf,39,"High-yielding crops have occupied a dominant position in modern agriculture since the green
revolution in the last century.",J,J,86.36,10,11,"Measuring crops by nutrition instead of yield is at the heart of the forgotten foods enterprise. Ever
since the ""green revolution,, of the 1",heuristic
2024.12六级真题第1套.pdf,40,"Growing alternative crops proved feasible in a variety of environments, but the critical question was
whether they would be marketable.",H,H,68.18,8,11,"Undeterred, he ploughed on. Project after project helped prove these crops were viable in different
environments as alternatives to the stap",heuristic
2024.12六级真题第1套.pdf,41,"According to a professor, when the yields of staple crops fall, we will have to adapt to eating foods
from alternative crops.",K,K,95.45,11,11,"In the bowels of CFF's third dome, lab manager Gomathy Sethuraman opens a window into the
centre's ucrown jewels"",revealing vines of winged ",heuristic
2024.12六级真题第1套.pdf,42,"Urgent measures have to be taken to provide food for the projected world population without
aggravating the climate.",D,D,31.82,4,11,"It's a timely quest. The food sector is already responsible for nearly a third of global greenhouse gas
emissions. By 2050 it estimates the ",heuristic
2024.12六级真题第1套.pdf,43,Colonial rule marginalised local crops by punishing Africans who grew them.,I,I,77.27,9,11,"The roots of these connotations about local foods can run deep. The bambara groundnut, a protein-rich
native crop of sub-Saharan Africa that",heuristic
2024.12六级真题第1套.pdf,44,"As existing crops are endangered by global warming, we can increase food security by bringing back
the many forgotten food crops.",E,E,40.91,5,11,"Forgotten crops hold key answers. By investing in neglected local plants, countries can reduce their
reliance on imported crops and their ca",heuristic
2024.12六级真题第1套.pdf,45,"Researchers are trying to find out how higher temperatures and CO levels affect the nutritional
2
composition of alternative crops.",K,K,95.45,11,11,"In the bowels of CFF's third dome, lab manager Gomathy Sethuraman opens a window into the
centre's ucrown jewels"",revealing vines of winged ",heuristic
2024.12六级真题第2套.pdf,36,We cannot see the moon at times when it is positioned right between the earth and the sun.,E,E,40.91,5,11,"The moon orbits Earth, and it's tidally locked-that means it always shows us the same face, instead of
spinning around like our planet does.",heuristic
2024.12六级真题第2套.pdf,37,Volcanic eruptions may cause the moon to assume a moody blue color.,K,K,95.45,11,11,"Getting two blue moons a year is rare, but we have individual blue moons every few years. Also, fun
fact: not actually blue. A moon can inde",heuristic
2024.12六级真题第2套.pdf,38,The moon will be closest to the earth when the supermoon occurs in February.,G,G,59.09,7,11,"The reason you care about this ordinary change in distance is that it turns a moon super. When a full
moon happens close to perigee, it's go",heuristic
2024.12六级真题第2套.pdf,39,"There is nothing unusual about the super blood wolf moon, which will bear no resemblance to a bloody
wolf head.",K,K,95.45,11,11,"Getting two blue moons a year is rare, but we have individual blue moons every few years. Also, fun
fact: not actually blue. A moon can inde",heuristic
2024.12六级真题第2套.pdf,40,"The moon will appear orange when the light reflecting from it travels through an atmosphere thicker
than usual.",H,H,68.18,8,11,"Blood moons only occur during total lunar eclipses (which can happen a few times a year in any given
location). When the moon slips through ",heuristic
2024.12六级真题第2套.pdf,41,"It is contrary to logic to claim the name of wolf moon originates from the cultures of American
Indians.",K,K,95.45,11,11,"Getting two blue moons a year is rare, but we have individual blue moons every few years. Also, fun
fact: not actually blue. A moon can inde",heuristic
2024.12六级真题第2套.pdf,42,"As the moon's orbit is not a hundred-percent circle, its distance from the earth changes.",F,F,50.0,6,11,"The moon isn't always exactly the same distance from Earth, because its orbit isn't perfectly circular.
We call the closest point perigee (近",heuristic
2024.12六级真题第2套.pdf,43,A full moon in a given month or season gets a specific name in different cultures.,A,A,4.55,1,11,"Blue moons, rose moons, supermoons. For some reason all the websites seem to think you really want
to know all about these moons. ""Catch Thi",answer_key
2024.12六级真题第2套.pdf,44,"There are likely lots of people who know absolutely nothing about why the moon appears to change its
size regularly but act like they know.",A,A,4.55,1,11,"Blue moons, rose moons, supermoons. For some reason all the websites seem to think you really want
to know all about these moons. ""Catch Thi",heuristic
2024.12六级真题第2套.pdf,45,"When a full moon appears twice in the same month, it is nicknamed a blue moon.",J,J,86.36,10,11,"In March of 2018, we had our second ""blue moon,, of the year, to much acclaim. And while that's not
necessarily special in an oh-gosh-get-ou",heuristic
2024.12六级真题第3套.pdf,36,"People became more and more reliant on others for basic needs as they entered the modern world even
though they might feel less so.",G,G,59.09,7,11,"At the advent of the modern world, the division of labor spread further and further throughout
society. Each person became more and more dep",heuristic
2024.12六级真题第3套.pdf,37,"On the topic of trade, productive debates might be possible, in contrast to the familiar mutual
condemnation in discussing other issues.",C,C,22.73,3,11,"Consequently, trade as a topic of discussion provides an opportunity for liberals and populists to have a
real meeting of minds. Fruitful de",heuristic
2024.12六级真题第3套.pdf,38,"We feel greater independence than we actually possess because money allows us to buy things without
building any relationships.",I,I,77.27,9,11,"There are two reasons for this. The first, to put it bluntly, is money. Money allows us to purchase the
work of others without giving any th",heuristic
2024.12六级真题第3套.pdf,39,The trouble with today's trade stems from misconceptions rather than money.,J,J,86.36,10,11,"Anonymity, in fact, is the second root cause of the free-trade paradox. Modernity has emancipated
everyone from the limits of location and c",heuristic
2024.12六级真题第3套.pdf,40,"For their arguments to prevail, advocates of free trade must try to forge bonds of affection between
consumers at home and producers overseas.",K,K,95.45,11,11,"The last sentence but one is as apt a summary as one could hope to come by of how each of us functions
in the modern economy: ""He touches th",heuristic
2024.12六级真题第3套.pdf,41,"According to Tocqueville, unlike our ancestors, we and the people we do trade with are strangers to
each other.",I,I,77.27,9,11,"There are two reasons for this. The first, to put it bluntly, is money. Money allows us to purchase the
work of others without giving any th",heuristic
2024.12六级真题第3套.pdf,42,"In primitive societies, people had to rely mostly on themselves to meet their personal needs.",E,E,40.91,5,11,"Tracking the economic development of mankind from primitive to modern societies, Tocqueville
observed a paradox unfolding over the centuries",heuristic
2024.12六级真题第3套.pdf,43,"Few commodities in American homes are not reliant on people abroad in the process of manufacture
and sale.",H,H,68.18,8,11,"The false consciousness that this paradox generates causes havoc on the debates we have about free
trade. There is scarcely a single commodi",heuristic
2024.12六级真题第3套.pdf,44,"Protectionists argue against free trade by referring to the losses suffered by domestic producers and
communities.",A,A,4.55,1,11,"Trade is one of the policy areas where the hostility that exists between populists (民粹主义者)and
classical liberals is most visible. Free-trade",heuristic
2024.12六级真题第3套.pdf,45,It is extremely hard to make people feel dependent on and grateful to strangers overseas.,J,J,86.36,10,11,"Anonymity, in fact, is the second root cause of the free-trade paradox. Modernity has emancipated
everyone from the limits of location and c",heuristic
2025.06六级真题第1套.pdf,36,People going to the library in search of information can build connections with each other there.,G,G,59.09,7,11,"In the words of Robert Putnam, ""People may go to the library looking mainly fbr information, but they
find each other there.^^ New moms conn",heuristic
2025.06六级真题第1套.pdf,37,"According to advocates of libraries as community builders, librarians are not doing their job well if they do
not change their communities.",G,G,59.09,7,11,"In the words of Robert Putnam, ""People may go to the library looking mainly fbr information, but they
find each other there.^^ New moms conn",heuristic
2025.06六级真题第1套.pdf,38,"With the costs of education continually rising, public libraries remain places where all people can have access
to education.",I,I,77.27,9,11,"In a time when education is increasingly expensive, public libraries provide information and educational
opportunities free fbr all people, ",heuristic
2025.06六级真题第1套.pdf,39,"Libraries draw large crowds, thus creating lots of business opportunities in neighboring areas.",D,D,31.82,4,11,"Place-based economic development stresses the importance of offering attractive, functional, and community-
,2025年6月六级真题（第一套）・ 4
based place",heuristic
2025.06六级真题第1套.pdf,40,"With the world more and more digitalized, people sometimes underestimate the role of libraries as community
and cultural centers.",A,A,4.55,1,11,"Librarians know the value of their community services, and their patrons appreciate their importance as well.
But in an increasingly digital",heuristic
2025.06六级真题第1套.pdf,41,"Various programs organized by public libraries fbr children and adolescents help narrow the gap between
students from varying economic backgrounds.",K,K,95.45,11,11,"The decline of civil discourse stems in part from the fact that it is so easy fbr people to watch news about, buy
products from, and engage-",heuristic
2025.06六级真题第1套.pdf,42,"In an organized archive, people can do research on their family history and find out how their ancestors came
to settle in the new land.",F,F,50.0,6,11,"Archives preserve historic artifacts, oral histories, digital history projects, and scholarly writings relevant
to the community, including ",heuristic
2025.06六级真题第1套.pdf,43,"Public libraries organize cultural events, often allowing people of different income levels to attend free of
charge.",H,H,68.18,8,11,"As Keith Richards said, ""The public library is the great equalizer.^^ Despite the rising costs of concert and
theater tickets, public librar",heuristic
2025.06六级真题第1套.pdf,44,"Besides being an information provider, the library performs many other important services for the
community.",K,K,95.45,11,11,"The decline of civil discourse stems in part from the fact that it is so easy fbr people to watch news about, buy
products from, and engage-",heuristic
2025.06六级真题第1套.pdf,45,Public libraries can help build small communities of people with different backgrounds and ideologies.,K,K,95.45,11,11,"The decline of civil discourse stems in part from the fact that it is so easy fbr people to watch news about, buy
products from, and engage-",heuristic
2025.06六级真题第2套.pdf,36,"The FAO concluded that farm animals were producing more greenhouse gases than all modes of
transportation combined.",E,E,40.91,5,11,"Why is there such a misconception? In 2006 the United Nations Food and Agriculture Organization (FAO)
published a study titled ""Livestock's ",heuristic
2025.06六级真题第2套.pdf,37,Consumption of meat per person in developing countries is much less than that in countries like the U.S.,K,K,95.45,11,11,"Demand fbr meat is rising in developing and emerging economies, especially in the Middle East, North
Africa and Southeast Asia. For example,",heuristic
2025.06六级真题第2套.pdf,38,The FAO was worthy of praise in that it admitted its mistake once it was pointed out.,H,H,68.18,8,11,"I pointed out this flaw during a speech to fellow scientists in San Francisco on March 22, 2010, which led to a
flood of media coverage. To ",heuristic
2025.06六级真题第2套.pdf,39,Environmentalists try hard to make people consume less meat to combat climate change.,K,K,95.45,11,11,"Demand fbr meat is rising in developing and emerging economies, especially in the Middle East, North
Africa and Southeast Asia. For example,",heuristic
2025.06六级真题第2套.pdf,40,"Recent research has shown that even if Americans quit eating meat altogether, the resulting reduction of
greenhouse gases in the U.S. would be slight.",I,I,77.27,9,11,"Many people continue to think that avoiding meat as infrequently as once a week will make a significant
difference to the climate. But accor",heuristic
2025.06六级真题第2套.pdf,41,More than half of the world's farmland is suitable only for animals like cows to graze on.,K,K,95.45,11,11,"Demand fbr meat is rising in developing and emerging economies, especially in the Middle East, North
Africa and Southeast Asia. For example,",heuristic
2025.06六级真题第2套.pdf,42,"The allegation that form animals produce the world's largest portion of greenhouse gases is responsible fbr
meafs bad reputation.",D,D,31.82,4,11,"A healthy portion of meafs negative reputation centers on the assertion that livestock is the largest source
of greenhouse gases worldwide. ",heuristic
2025.06六级真题第2套.pdf,43,Raising farm animals makes it easier to meet people's nutritional needs.,K,K,95.45,11,11,"Demand fbr meat is rising in developing and emerging economies, especially in the Middle East, North
Africa and Southeast Asia. For example,",heuristic
2025.06六级真题第2套.pdf,44,"The author doesn't believe giving up meat and meat products will be a cure-all fbr the environmental
problem.",C,C,22.73,3,11,"My recent research focuses on ways in which animal agriculture affects air quality and climate change. In my
view, there are many reasons fo",heuristic
2025.06六级真题第2套.pdf,45,"Changes in America's farming technology and management in the past decades have increased efficiency and
reduced greenhouse gas emissions in meat production.",I,I,77.27,9,11,"Many people continue to think that avoiding meat as infrequently as once a week will make a significant
difference to the climate. But accor",heuristic
2025.06六级真题第3套.pdf,36,Lots of research demonstrates that being socially isolated is harmful to the elderly.,C,C,22.73,3,11,"Unsocial tendencies like these are often far from ideal. Abundant research shows the harms of social isolation,
considered a serious public ",heuristic
2025.06六级真题第3套.pdf,37,"Being alone enables artists to think and observe, which is a must for their creation.
21 ,2025年6月六级真题（第三套）・",H,H,68.18,8,11,"One reason for this is that such people are likely to spend sustained time alone working on their craft.
Plus, Feist says, many artists ""are",heuristic
2025.06六级真题第3套.pdf,38,"To one writer, being forced to play with others was a penalty while being kept alone in a room was quite a
pleasure.",B,B,13.64,2,11,"So I can relate to author Anneli Rufus, who wrote in Party of One: The Loners 'Manifesto,. ""When parents on TV
shows pxmished their kids by ",heuristic
2025.06六级真题第3套.pdf,39,"Recent research shows for the first time that there is a specific link between being creative and being
unsociable.",K,K,95.45,11,11,"Since ancient times, meanwhile, people have been aware of a link between isolation and mental focus. After
all, cultures with traditions of ",heuristic
2025.06六级真题第3套.pdf,40,We must be willing to stay alone at least for some time in order to plot our own course.,K,K,95.45,11,11,"Since ancient times, meanwhile, people have been aware of a link between isolation and mental focus. After
all, cultures with traditions of ",heuristic
2025.06六级真题第3套.pdf,41,"According to new research, for people who prefer being alone, solitude can be beneficial to their work lives
and emotional health.",E,E,40.91,5,11,"But these are severe and involuntary cases of aloneness. For those of us who just prefer plenty of alone time,
emerging research suggests so",heuristic
2025.06六级真题第3套.pdf,42,It may turn out to be better for one to cultivate a few steady relationships than to busy themselves socialising.,G,G,59.09,7,11,"One key benefit of solitude is improved creativity. Gregory Feist, who focuses on the psychology of
creativity at California^ San Jose State",heuristic
2025.06六级真题第3套.pdf,43,Allowing your mind to wander freely is conducive to sharpening your focus in the long run.,K,K,95.45,11,11,"Since ancient times, meanwhile, people have been aware of a link between isolation and mental focus. After
all, cultures with traditions of ",heuristic
2025.06六级真题第3套.pdf,44,"Research conducted on artists and scientists indicates that creative people are less interested in hanging out
with others.",G,G,59.09,7,11,"One key benefit of solitude is improved creativity. Gregory Feist, who focuses on the psychology of
creativity at California^ San Jose State",heuristic
2025.06六级真题第3套.pdf,45,"According to Feist, you will have difficulty knowing yourself if you do not stay alone occasionally.",K,K,95.45,11,11,"Since ancient times, meanwhile, people have been aware of a link between isolation and mental focus. After
all, cultures with traditions of ",heuristic
2025.12六级真题第1套.pdf,36,It is now possible to fully automate a burger restaurant with little human supervision.,C,C,22.73,3,11,"Ten years ago, robot-chefs and waiters were pure science fiction. Today, they are a reality, and at prices that
make them a plausible invest",heuristic
2025.12六级真题第1套.pdf,37,"At a robot-powered US company, complicated tasks still have to be performed by humans.",H,H,68.18,8,11,"Currently, robots have limited functionality. A human needs to load Penny with plates that diners lift off
themselves. At the robot-powered ",heuristic
2025.12六级真题第1套.pdf,38,More automation appears to be a certainty in industries eager to cut labour costs and raise profits.,D,D,31.82,4,11,"The technology exists, it just needs knitting together cost-effectively and in a way diners buy into. In an
industry keen to slash labour co",heuristic
2025.12六级真题第1套.pdf,39,There are often front-page reports of failures in technological innovation of the restaurant industry.,K,K,95.45,11,11,"In terms of simplifying or enhancing the customer experience, online restaurant booking has been the easily-
won success of the internet age",heuristic
2025.12六级真题第1套.pdf,40,"Robot-chef Flippy does not fear laborious work, nor does it make any complaints.",B,B,13.64,2,11,"Flippy was created by Miso Robotics, part of the Cali Group, which is described by its CEO, John Miller, as: ""A
technology company that happ",heuristic
2025.12六级真题第1套.pdf,41,Digital technology makes it possible for businesses to innovate restaurant models.,F,F,50.0,6,11,"""Right now people compromise on choice. We're presented with a one-size-fits-all menu. Ultimately,
technology can allow us to make personal ",heuristic
2025.12六级真题第1套.pdf,42,"Fondness fbr human warmth in catering to customers will give hope to employees who are afraid of losing
jobs to robots.",K,K,95.45,11,11,"In terms of simplifying or enhancing the customer experience, online restaurant booking has been the easily-
won success of the internet age",heuristic
2025.12六级真题第1套.pdf,43,"There is an acute shortage of experienced chefs in the catering industry and automated cooking is expected to
fill the gap.",J,J,86.36,10,11,"The restaurant industry is currently suffering a severe shortage of skilled chefs- a deficit of 11,000,
according to the skills agency Peopl",heuristic
2025.12六级真题第1套.pdf,44,"Over the coming decade, many jobs in traditional restaurants will disappear due to robot delivery.",K,K,95.45,11,11,"In terms of simplifying or enhancing the customer experience, online restaurant booking has been the easily-
won success of the internet age",heuristic
2025.12六级真题第1套.pdf,45,"According to an expert in AI and robotics, it may be quite some time before a master robot-chef appears.",G,G,59.09,7,11,"If high-street fast food is automation-ready, its impact on high-end restaurants is likely to be subtler and
slower. C4Ifll probably be a ve",heuristic
2025.12六级真题第2套.pdf,36,"Feeling like they have more control over something or someone than they do, people get more committed to
their pursuit when they should give up.",F,F,50.0,6,11,"The illusion of control can also interfere with our best judgment, leading us to overestimate our ability to
control events and attain a pos",heuristic
2025.12六级真题第2套.pdf,37,"If you regard yourself as one who never quits, you may end up trapped in your course of action.",K,K,95.45,11,11,"Our self-concept and identity are mental concepts that influence our behavior. If you strongly identify as not
being a quitter, you can end ",heuristic
2025.12六级真题第2套.pdf,38,"One of the author's clients found it hard to give up a design project, in which she had put in a lot of time and
effort.",J,J,86.36,10,11,"Take my client Ryan, a leader at a technology company. Ryan had invested two years and a lot of effort in a
design project that wasn't deliv",heuristic
2025.12六级真题第2套.pdf,39,The author suggests that one should direct their thoughts to the gains of quitting timely so as to move on.,E,E,40.91,5,11,"The sunk-cost delusion causes us to overly worry about what we511 lose if we move on and not think enough
about the costs of not moving on. ",heuristic
2025.12六级真题第2套.pdf,40,"When making a decision, you'd better ask for opinions of those who have less stake in your decision.",K,K,95.45,11,11,"Our self-concept and identity are mental concepts that influence our behavior. If you strongly identify as not
being a quitter, you can end ",heuristic
2025.12六级真题第2套.pdf,41,"For people associating their identity with their commitments, quitting can feel like their identity is
threatened.",I,I,77.27,9,11,"Research indicates that people link their self-identity and social status to their commitments. And because we
identify with our commitments",heuristic
2025.12六级真题第2套.pdf,42,People who regard highly the quality of making wise decisions do not feel good when they make a bad one.,K,K,95.45,11,11,"Our self-concept and identity are mental concepts that influence our behavior. If you strongly identify as not
being a quitter, you can end ",heuristic
2025.12六级真题第2套.pdf,43,The wisest leaders learn to distinguish between giving up too soon and sticking with something irrationally.,C,C,22.73,3,11,"As an executive coach, I work with numerous passionate and hard-working leaders who don't want to Uquit.^^
But the smartest leaders learn to",heuristic
2025.12六级真题第2套.pdf,44,"When people are thinking of an endeavor, they should dig out reliable data that tells them how likely they are
to succeed.",K,K,95.45,11,11,"Our self-concept and identity are mental concepts that influence our behavior. If you strongly identify as not
being a quitter, you can end ",heuristic
2025.12六级真题第2套.pdf,45,"Having a clear view of whafs in your control and whafs not is vital to making a good decision regarding
whether to give up or stick it out.",H,H,68.18,8,11,"Getting clear on what you can control and what you can't is essential to making a quality decision about
whether to call it quits or perseve",heuristic
2025.12六级真题第3套.pdf,36,"Upon seeing a flashing yellow arrow, a driver should let pedestrians and traffic pass first before taking the
turn.",K,K,95.45,11,11,"Stop and go were insufficient for the new volumes of cars zooming through intersections. Streets were full of
new numbers of cars in additio",heuristic
2025.12六级真题第3套.pdf,37,"The red and green automatic traffic light system originated in an American city.
21 • 2025年12月六级真题（第三套）•",H,H,68.18,8,11,"Like the 1910 semaphore, the first electric signal used words. However, the words were no longer written
on arms that raised and fell. The w",heuristic
2025.12六级真题第3套.pdf,38,"Residents of an American city tend to share the opinion that time saved on the road justifies the cost of
upgrading its traffic light system.",A,A,4.55,1,11,"Timed traffic lights are set according to schedules that are supposed to coordinate with peak traffic hours.
Cities need to monitor and upda",heuristic
2025.12六级真题第3套.pdf,39,Mass production of cars made it possible for ordinary people to buy them.,A,A,4.55,1,11,"Timed traffic lights are set according to schedules that are supposed to coordinate with peak traffic hours.
Cities need to monitor and upda",heuristic
2025.12六级真题第3套.pdf,40,What a traffic light means is almost the same everywhere despite some variations.,A,A,4.55,1,11,"Timed traffic lights are set according to schedules that are supposed to coordinate with peak traffic hours.
Cities need to monitor and upda",heuristic
2025.12六级真题第3套.pdf,41,Pedestrian crossings came into being only in the mid-twentieth century.,K,K,95.45,11,11,"Stop and go were insufficient for the new volumes of cars zooming through intersections. Streets were full of
new numbers of cars in additio",heuristic
2025.12六级真题第3套.pdf,42,People raced to address increasing traffic problems along with the expansion of cities and traffic.,F,F,50.0,6,11,"As traffic and cities grew, so did the race to solve growing traffic problems. The first traffic signals were
semaphores. Semaphores are tow",heuristic
2025.12六级真题第3套.pdf,43,"When the warning yellow light was introduced, driving became safer and traffic accidents reduced.",K,K,95.45,11,11,"Stop and go were insufficient for the new volumes of cars zooming through intersections. Streets were full of
new numbers of cars in additio",heuristic
2025.12六级真题第3套.pdf,44,The signal system on the railroad served as the basis fbr the first traffic light.,A,A,4.55,1,11,"Timed traffic lights are set according to schedules that are supposed to coordinate with peak traffic hours.
Cities need to monitor and upda",heuristic
2025.12六级真题第3套.pdf,45,"Even though a green light signals ""go"", attention should be paid to traffic on either side in case some driver is
being careless or ignoring a red light.",K,K,95.45,11,11,"Stop and go were insufficient for the new volumes of cars zooming through intersections. Streets were full of
new numbers of cars in additio",heuristic
