序号	PDF文件	类型	PDF行号	状态	对应说明	原题摘要
1	10第十一章 气体动理论.txt	example	46	作业索引非完整题干	作业页/章节页/索引页信息，非完整逐题题干	新教材P330-332(旧：P362~363) 1, 3, 5, 10, 11, 13, 15, 17, 19 (共9题) 注意 作业用A4纸, 不抄题, 有题号 选择&填空题要有解题过程
2	10第十一章 气体动理论.txt	example	234	已写入	见“已知 p,V,T 时怎样先数出分子总数”	例: 理想气体体积为 V ，压强为 p ，温度为 T ,一个 分子 的质量为 m ，k 为玻尔兹曼常量，则该理想气 体的分子数为是多少？ 思路：知道气体体积求总分子数，关键求分子数密度
3	10第十一章 气体动理论.txt	example	392	已写入	见 physics.tex《10第十一章 气体动理论》同题或等值例题	例: 图为同一种气体，处于不同温度状态下的速率分 布曲线，试问: (1)哪一条曲线对应的温度高？(2) 如 果这两条曲线分别对应的是同一温度下氧气和氢气 的分布曲线，问哪条曲线对应的是氧气，哪条对应 的是氢气？
4	10第十一章 气体动理论.txt	example	407	已写入	见“从同温氢气和氧气的分布图怎样反推最概然速率”	例：如图示两条 f (v) ~ v 曲线分别表示氢气和氧气 在同一温度下的麦克斯韦速率分布曲线， 从图上数 据求出氢气和氧气的最概然速率 。 f (v) 解： 2RT
5	10第十一章 气体动理论.txt	example	506	改写并入	已改写为更通用的“区间分子数 + 阈上总能量”积分题	例: 已知分子数N，分子质量m，分布函数f(v) 求: 1) 速率在 vp ~ v 间的分子数； 2) 速率在 vp ~  间所有分子动能之和 。
6	10第十一章 气体动理论.txt	example	529	已写入	见 physics.tex《10第十一章 气体动理论》同题或等值例题	例: 有N个粒子，其速率分布函数为 dN f (v ) f (v) = = C ( v0  v  0 ) Ndv C f (v) = 0 ( v  v0 )
7	10第十一章 气体动理论.txt	example	656	已写入	见 physics.tex《10第十一章 气体动理论》同题或等值例题	例：一瓶氦气和一瓶氮气质量密度相同，分子平均平 动动能相同，而且它们都处于平衡状态，则它们 （A）温度相同、压强相同 （B）温度、压强都不同 （C）温度相同，但氦气的压强大于氮气的压强
8	10第十一章 气体动理论.txt	example	784	已写入	见“容器骤停后温升为什么先看整体平动动能去哪了”	例：储有氧气的容器以速度v = 100m  s −1运动，假设该容器突然 停止，问容器中氧气的温度将会上升多少？
9	10第十一章 气体动理论.txt	example	805	作业索引非完整题干	作业页/章节页/索引页信息，非完整逐题题干	新教材P330-332(旧：P362~363) 1, 3, 5, 10, 11, 13, 15, 17, 19 (共9题) 注意 作业用A4纸, 不抄题, 有题号 选择&填空题要有解题过程
10	11第十二章 热力学第一定律.txt	example	13	作业索引非完整题干	作业页/章节页/索引页信息，非完整逐题题干	新教材P359~361(旧：P391~393) 1, 4, 9, 11, 12, 17, 19, 20, 22, 23 (共10题) 注意 作业用A4纸, 不抄题, 有题号 选择&填空题要有解题过程
11	11第十二章 热力学第一定律.txt	example	54	改写并入	已并入“平衡态、准静态过程与弛豫时间”与“改变内能的两种途径”	例：气缸内气体从非平衡态到平衡态的过渡时间，即弛豫 时间，约10 -3 秒 实际内燃机气缸内气体经历一次压缩的时间大约是10-2 秒 ➢改变热力学系统内能的两种途径  热传递：通过分子间的相互作用来完成，是系统外、内分
12	11第十二章 热力学第一定律.txt	example	91	改写并入	已并入“多方关系下的准静态体积功”	例：计算汽缸中理想气体从状态（ II（P2，V2）过程中对外所作的功。设气体在膨胀过程中压强 和体积的变化关系满足方程PV n = C，式中C为恒量，n是常数。
13	11第十二章 热力学第一定律.txt	example	152	改写并入	已并入“同一初末态下怎样分清谁与路径有关”	例：如图，系统沿过程曲线abc态变化到c态共吸收热量500 J，沿 过程曲线cda回到a态，向外放热300 J，外界对系统作功200 J， 求系统在abc过程中系统内能增加及对外作功。 Q = U + A
14	11第十二章 热力学第一定律.txt	example	306	已写入	见 physics.tex《11第十二章 热力学第一定律》同题或等值例题	例：一定量的理想气体，由物态a经b到达c（图中 abc为一直线）。求此过程中： p/atm (1) 气体对外做的功； a 3 (2) 气体内能的增量； b
15	11第十二章 热力学第一定律.txt	example	325	已写入	见 physics.tex《11第十二章 热力学第一定律》同题或等值例题	例: 质量为2.810-3 kg，压强为1atm，温度为27℃的氮气。先在 体积不变的情况下使其压强增至3atm，再经等温膨胀使压强降至 1atm，然后又在等压过程中将体积压缩一半。试画出p -V图，并 求氮气在全部过程中的内能变化，所做的功以及吸收的热量。
16	11第十二章 热力学第一定律.txt	example	441	已写入	见 physics.tex《11第十二章 热力学第一定律》同题或等值例题	例：将压强为1.013 105 Pa, 体积为0.1L的氢气，绝热压缩到0.02 L， 求气体所做的功。
17	11第十二章 热力学第一定律.txt	example	469	已写入	见 physics.tex《11第十二章 热力学第一定律》同题或等值例题	例：设有 5 mol 的氢气，最初的压强为1.013105 Pa ， 温度为 20 C，求在下列过程中，把氢气压缩为原体积的 1/10 需作的功: 1) 等温过程，2) 绝热过程 。 p 2T 解: 1) 等温过程 p2 2 V2' m RT m V '
18	11第十二章 热力学第一定律.txt	example	593	已写入	见 physics.tex《11第十二章 热力学第一定律》同题或等值例题	例: 1 mol 氦气经过如图所示的循环过程，其中 p2 = 2 p1 , V4 = 2V1 。求：1→2、2 → 3、3 → 4、4 → 1各过程 中气体吸收的热量和热机的效率 。
19	11第十二章 热力学第一定律.txt	example	726	已写入	见 physics.tex《11第十二章 热力学第一定律》同题或等值例题	例：一定量的理想气体，分别经历a b c、d e f 过程。 这两过程是吸热还是放热？ P P d a
20	11第十二章 热力学第一定律.txt	example	747	已写入	见 physics.tex《11第十二章 热力学第一定律》同题或等值例题	例： 3210 -3 kg氧气作ABCD循环过程。A→B和C → D都为等温 过程，设T1 = 300 K，T2 = 200 K，V2 = 2V1。求循环效率。
21	11第十二章 热力学第一定律.txt	example	769	已写入	见 physics.tex《11第十二章 热力学第一定律》同题或等值例题	例：一台电冰箱放在室温为 20 C 的房间里 ，冰箱储藏柜中的温 度维持在 5 C 。现每天有 2.0 10 J 的热量自房间传入冰箱内 , 7 若要维持冰箱内温度不变 , 外界每天需作多少功 , 其功率为多少? 设在 5 C 至 20 C 之间运转的制冷机 ( 冰箱 ) 的制冷系数, 是卡
22	11第十二章 热力学第一定律.txt	example	793	已写入	见 physics.tex《11第十二章 热力学第一定律》同题或等值例题	例: 计算奥托机的循环效率。c → d, e → b为等体过 程； b → c，d → e为绝热过程。 m m
23	11第十二章 热力学第一定律.txt	example	818	作业索引非完整题干	作业页/章节页/索引页信息，非完整逐题题干	新教材P359~361(旧：P391~393) 1, 4, 9, 11, 12, 17, 19, 20, 22, 23 (共10题) 注意 作业用A4纸, 不抄题, 有题号 选择&填空题要有解题过程
24	12第十三章 热力学第二定律.txt	example	17	作业索引非完整题干	作业页/章节页/索引页信息，非完整逐题题干	新教材P378（旧：P409~410） 1, 2, 3, 4, 8 (共5题) 注意 本章作业不需提交，请自觉完成 3
25	14-1库仑定律.txt	exercise_index	67	作业索引非完整题干	作业页/章节页/索引页信息，非完整逐题题干	课本P38~42习题 4, 5, 6, 9, 10, 17, 19, 24, 33, 34, 35, 38 (共12题) 注意 作业用A4纸, 不抄题, 有题号
26	14-1库仑定律.txt	example	169	已写入	见 physics.tex《14-1库仑定律》同题或等值例题	例题1 例 : 三 个 点 电 荷 所 带 的 电 荷 量 分 别 为 q1=-86 C,q2=50C,q3=65C。各电荷间的距离如图所示。求 作用在q3上合力的大小和方向。 F32
27	14-1库仑定律.txt	example	211	作业索引非完整题干	OCR 截断，题干不足以识别为完整例题	例题2 −11
28	14-1库仑定律.txt	example	213	已写入	见 physics.tex《14-1库仑定律》同题或等值例题	例：在氢原子内,电子和质子的间距为 5.3 10 m 。 求它们之间电相互作用和万有引力,并比较它们的大小。 −19
29	14-5等势面 场强与电势的微分关系.txt	exercise_index	145	作业索引非完整题干	作业页/章节页/索引页信息，非完整逐题题干	课本P38~42习题 4, 5, 6, 9, 10, 17, 19, 24, 33, 34, 35, 38 (共12题) 注意  9月23日(星期二)交作业
30	15-1 静电场中的导体.txt	example	20	作业索引非完整题干	作业页/章节页/索引页信息，非完整逐题题干	课本P83~86 1, 3, 6, 7, 8, 9, 11, 14, 16, 17(共10题) 注意 作业用A4纸, 不抄题, 有题号 选择&填空题要有解题过程
31	15-1 静电场中的导体.txt	example	181	已写入	见 physics.tex《15-1 静电场中的导体》同题或等值例题	例题1 设有两个半径分别为R1和R2的金属球，它们周围无其 他带电体或导体，它们之间相距也非常远。今用一根 细导线把它们相连，若给它们带上一定电荷后，求它 们表面的电荷面密度之比。
32	15-1 静电场中的导体.txt	example	230	已写入	见 physics.tex《15-1 静电场中的导体》同题或等值例题	例题2 有一内半径R2，外半径为R3的金属球壳。在球壳中 放一半径为R1的同心金属球，球壳和球均带有q的 正电荷。问：(1)两球电荷分布；(2)球心的电势； (3)球壳电势。
33	15-1 静电场中的导体.txt	example	269	已写入	见 physics.tex《15-1 静电场中的导体》同题或等值例题	例题3 在一接地导体球附近，有一电量为+q的点电荷，q离导 体球球心的距离为r，球半径为R，求导体球上的感应 电荷的电量。 解：设导体上感应电荷为 q ' q '
34	15-1 静电场中的导体.txt	example	287	已写入	见 physics.tex《15-1 静电场中的导体》同题或等值例题	例题4 如图所示，有一半径为R的不带电的金属球，球外 不远处放置一点电荷，电荷量为q，与球心相距r， 试求金属球面上的感应电荷总量q’及感应电荷在距 球心O为l处的P点产生的电势。
35	15-1 静电场中的导体.txt	example	320	已写入	见 physics.tex《15-1 静电场中的导体》同题或等值例题	例题5 两块导体平板，面积为S，分别带电荷q1和q2，两极板 间距远小于平板的线度，求平板各表面的电荷密度。
36	15-2 静电场中的电介质.txt	example	152	已写入	见 physics.tex《15-2 静电场中的电介质》同题或等值例题	例题1 求均匀极化的电介质球表面上极化电荷的分布。  已知电极化强度为 P 。 球面极化
37	15-2 静电场中的电介质.txt	example	253	已写入	见 physics.tex《15-2 静电场中的电介质》同题或等值例题	例题2 把一块相对介电常数r=3的电介质，放在相距d=1 mm的 两平行带电平板之间。放入之前，两板的电势差是1000 V。试求两板间电介质内的电场强度E，电极化强度P， 电介质的极化电荷面密度，电介质内的电位移D。
38	15-2 静电场中的电介质.txt	example	271	已写入	见 physics.tex《15-2 静电场中的电介质》同题或等值例题	例题3 半径为R的金属球，带电荷q，浸埋在均匀“无限大” 油电介质(相对介电常数为  r )，求球外任一点的场强。
39	15-2 静电场中的电介质.txt	example	319	已写入	见 physics.tex《15-2 静电场中的电介质》同题或等值例题	例题4 图中是由半径为R1 的长直圆柱导体 和同轴的半径为R2 的薄导体圆筒组 − 成，其间充以相对电容率为  r 的电 + 介质。设直导体和圆筒单位长度上
40	15-3 电容和电容器.txt	example	11	已写入	见 physics.tex《15-3 电容和电容器》同题或等值例题	例：球形孤立导体的电容 Q Q Q U = C= = 4π 0 R 4π 0 R U R −4
41	15-3 电容和电容器.txt	example	102	已写入	见 physics.tex《15-3 电容和电容器》同题或等值例题	例题1 两半径为R的平行长直导线(电荷线密度为λ)，中心间距 为d，且dR, 求单位长度的电容。 λ λ 2R
42	15-3 电容和电容器.txt	example	160	已写入	见 physics.tex《15-3 电容和电容器》同题或等值例题	例题2 一平行板电容器，中间有两层厚度分别为d1和d2的电 介质，它们的相对介电常数分别为r1和r2，极板面 积为S，求电容。
43	15-3 电容和电容器.txt	example	177	已写入	见 physics.tex《15-3 电容和电容器》同题或等值例题	例题3 一平行板电容器充以两种不同的介质，每 种介质各占一半体积。求其电容。
44	15-4 电场的能量.txt	example	75	已写入	见 physics.tex《15-4 电场的能量》同题或等值例题	例题1 真空中一半径为R，带电荷量为Q的均匀带电球体， 求它的静电场能。 Qr
45	15-4 电场的能量.txt	example	101	已写入	见 physics.tex《15-4 电场的能量》同题或等值例题	例题2 如图所示,球形电容器的内、外半径分别为R1 和R2，所 带电荷为  Q 。若在两球壳间充介电常数 的电介质，  问此电容器贮存的电场能量为多少？  1 Q
46	15-4 电场的能量.txt	example	144	已写入	见 physics.tex《15-4 电场的能量》同题或等值例题	例题3 空气平行板电容器，面积为S，间距为d。现在把一 块厚度为t的铜板放入其中。（1）计算电容器的电 容改变量；（2）电容器充电Q后断开电源，再抽出 铜板需做多少功？
47	15-4 电场的能量.txt	example	160	已写入	见 physics.tex《15-4 电场的能量》同题或等值例题	例题4 一空气平行板电容器，电容为C，与电压为U 的电源 相连接，如图所示。若保持电容器与电源连接， 把两 极板间距增大至 n 倍。求外力所作的功。 + - -
48	15-4 电场的能量.txt	example	213	作业索引非完整题干	作业页/章节页/索引页信息，非完整逐题题干	课本P83-86 1, 3, 6, 7, 8, 9, 11, 14, 16, 17(共10题) 注意 下下周四(10月9日)交本章作业 作业用A4纸, 不抄题, 有题号
49	16-1稳恒电流.txt	example	136	已写入	见 physics.tex《16-1稳恒电流》同题或等值例题	例题1 一内、外半径分别为 R1和 R2 的金属圆筒，长度 l , 其电阻率  ，若筒内外电势差为 U ，且筒内缘电势 高，圆柱体中径向的电流强度为多少 ？ dr dr
50	16-3毕萨定律&16-4运动电荷的磁场.txt	example	41	已写入	见 physics.tex《16-3毕萨定律&16-4运动电荷的磁场》同题或等值例题	例题1 判断下列各点磁感强度的大小和方向。 1 8 2 1、5点 ：dB = 0
51	16-3毕萨定律&16-4运动电荷的磁场.txt	example	63	已写入	见 physics.tex《16-3毕萨定律&16-4运动电荷的磁场》同题或等值例题	例题2 载流直导线的磁场。 求载流直导线CD产生的B I Idl 在P点产生dB, 方向垂直版面向里 2 D
52	16-3毕萨定律&16-4运动电荷的磁场.txt	example	132	已写入	见 physics.tex《16-3毕萨定律&16-4运动电荷的磁场》同题或等值例题	例题3 圆形载流导线轴线上的磁场。
53	16-3毕萨定律&16-4运动电荷的磁场.txt	example	232	已写入	见 physics.tex《16-3毕萨定律&16-4运动电荷的磁场》同题或等值例题	例题4  载流直螺线管内部的磁场。 如图所示，有一长为l ，半径为R的载 流密绕直螺线管，螺线管的总匝数为N， 通有电流I。 设把螺线管放在真空中，求管
54	16-3毕萨定律&16-4运动电荷的磁场.txt	example	348	已写入	见 physics.tex《16-3毕萨定律&16-4运动电荷的磁场》同题或等值例题	例题5 半径为 R的带电薄圆盘的电荷面密度为 ，并以 角速度绕通过盘心垂直于盘面的轴转动，求圆 盘中心的磁感强度。
55	16-5磁场的高斯定理和安培环路定理.txt	example	47	已写入	见 physics.tex《16-5磁场的高斯定理和安培环路定理》同题或等值例题	例题1 如图载流长直导线的电流为I，试求通过矩形 面积的磁通量。 0 I  解： B = B 2π x
56	16-5磁场的高斯定理和安培环路定理.txt	example	182	已写入	见 physics.tex《16-5磁场的高斯定理和安培环路定理》同题或等值例题	安培环路定理的应用——例题2 求无限长载流圆柱体的磁场。 I
57	16-5磁场的高斯定理和安培环路定理.txt	example	218	已写入	见 physics.tex《16-5磁场的高斯定理和安培环路定理》同题或等值例题	例题3 求无限长载流圆柱面的磁场。 L1 r 0 I B R 2π R
58	16-5磁场的高斯定理和安培环路定理.txt	example	232	已写入	见 physics.tex《16-5磁场的高斯定理和安培环路定理》同题或等值例题	例题4 求长直密绕螺线管(单位长度的匝数为n)内磁场。
59	16-5磁场的高斯定理和安培环路定理.txt	example	319	已写入	见 physics.tex《16-5磁场的高斯定理和安培环路定理》同题或等值例题	例题5 求载流螺绕环内的磁场。
60	16-5磁场的高斯定理和安培环路定理.txt	example	336	已写入	见 physics.tex《16-5磁场的高斯定理和安培环路定理》同题或等值例题	例题6 无限大均匀平面电流 (线密度为i)的磁场
61	16-5磁场的高斯定理和安培环路定理.txt	example	368	作业索引非完整题干	作业页/章节页/索引页信息，非完整逐题题干	课本P117~119 1, 2, 3, 4, 13, 14, 16, 17 (共8题) 注意:  10月21日交本章作业  作业用A4纸, 不抄题, 有题号
62	17-1磁场对运动电荷的作用.txt	exercise_index	3	作业索引非完整题干	作业页/章节页/索引页信息，非完整逐题题干	课本P132~135习题 1, 4, 7, 11, 15 (共5题) 注意  作业用A4纸, 不抄题, 有题号  选择&填空题要有解题过程
63	17-2 磁场对载流导线的作用.txt	example	16	已写入	见 physics.tex《17-2 磁场对载流导线的作用》同题或等值例题	例题1 计算长为L的载流直导线在均匀磁场B中所 受的力。   
64	17-2 磁场对载流导线的作用.txt	example	33	已写入	见 physics.tex《17-2 磁场对载流导线的作用》同题或等值例题	例题2 无限长直载流导线通有电流I1 ，在同一平面内有长为 L的载流直导线，通有电流I2 （如图所示） 。求长为L  的导线所受的磁场力。 dF
65	17-2 磁场对载流导线的作用.txt	example	55	已写入	见 physics.tex《17-2 磁场对载流导线的作用》同题或等值例题	例题3 y 均匀磁场中半圆形 电流所受安培力。   B
66	17-2 磁场对载流导线的作用.txt	example	73	已写入	见 physics.tex《17-2 磁场对载流导线的作用》同题或等值例题	例题4 求如图不规则的平面载流  导线在均匀磁场中所受的  y  B
67	17-2 磁场对载流导线的作用.txt	example	96	已写入	见 physics.tex《17-2 磁场对载流导线的作用》同题或等值例题	例题5 载流为I0的无限长直导线,沿一半径为R的圆电流I的 直径AB放置。求： y dFy (1)半圆弧ADB受到的安培力; dF A x
68	17-3均匀磁场对载流线圈的作用&17-4磁力做功.txt	example	80	已写入	见 physics.tex《17-3均匀磁场对载流线圈的作用&17-4磁力做功》同题或等值例题	例题1 如图半径为R，电流为I，可绕轴旋转的圆形载流 线圈放在均匀磁场中 ，磁感应强度为B，方向沿 x 轴正向。问线圈所受的磁力矩为多少？
69	17-3均匀磁场对载流线圈的作用&17-4磁力做功.txt	example	137	已写入	见 physics.tex《17-3均匀磁场对载流线圈的作用&17-4磁力做功》同题或等值例题	例题2 有一半径为R的闭合载流线圈，通过电流I。今把它放在 均匀磁场中，磁感应强度为B，其方向与线圈平面平行。 求(1) 以直径为转轴，线圈所受磁力矩的大小和方向； (2) 在磁力矩作用下，线圈转过90o，磁力矩做了多少功？
70	17-3均匀磁场对载流线圈的作用&17-4磁力做功.txt	exercise_index	172	作业索引非完整题干	作业页/章节页/索引页信息，非完整逐题题干	新教材P132~135习题 1, 4, 7, 11, 15 (共5题) 注意  本章作业和第18章作业一起交 10
71	18-1磁介质及其磁化.txt	exercise_index	3	作业索引非完整题干	作业页/章节页/索引页信息，非完整逐题题干	课本P152习题: 1, 5, 6 (共3题) 注意 本章作业与第17章一起交 作业用A4纸, 不抄题, 有题号 选择&填空题要有解题过程
72	18-2磁介质中的安培环路定理.txt	example	39	已写入	见 physics.tex《18-2磁介质中的安培环路定理》同题或等值例题	例题1 长直螺线管内充满均匀磁介质r，  单位长度上的匝数为n，通有电流 B I ，求管内的磁感应强度。 I . . .
73	18-2磁介质中的安培环路定理.txt	example	57	已写入	见 physics.tex《18-2磁介质中的安培环路定理》同题或等值例题	例题2 一半径为R1的无限长圆柱形直导线，外面包一层半 径为R2，相对磁导率为r 的圆筒形磁介质，通过导 线的电流为I ，求磁场强度和磁感应强度的分布。
74	18-2磁介质中的安培环路定理.txt	example	78	已写入	见 physics.tex《18-2磁介质中的安培环路定理》同题或等值例题	例题3 有两个半径分别为R1和R2的“无限长”同轴圆筒形 导体，在它们之间充以相对磁导率为μr 的磁介质。 当两圆筒通有相反方向的电流I时，试求磁感强度。
75	18-3铁磁质.txt	exercise_index	118	作业索引非完整题干	作业页/章节页/索引页信息，非完整逐题题干	课本P152习题: 1, 5, 6 (共3题) 注意 本章作业与第17章一起交（11月4号） 作业用A4纸, 不抄题, 有题号 选择&填空题要有解题过程
76	19-1电磁感应定律.txt	exercise_index	3	作业索引非完整题干	作业页/章节页/索引页信息，非完整逐题题干	课本P176习题 5, 7, 8, 9, 13, 14, 16 (共7题) 注意 作业用A4纸, 不抄题, 有题号 选择&填空题要有解题过程
77	19-1电磁感应定律.txt	example	188	已写入	见 physics.tex《19-1电磁感应定律》同题或等值例题	例题1 矩形导体的一边ab可以平行滑动，长为l 。整个回路放 在磁感强度为B、方向与其平面垂直的均匀磁场中。若 ab以恒定的速率v向右运动，求闭合回路的感应电动势。 d    
78	19-1电磁感应定律.txt	example	210	已写入	见 physics.tex《19-1电磁感应定律》同题或等值例题	例题2 一长直导线通以电流 i = I 0 sin  t ，旁边有一个共 面的矩形线圈abcd。求：线圈中的感应电动势。
79	19-1电磁感应定律.txt	example	228	已写入	见 physics.tex《19-1电磁感应定律》同题或等值例题	例题3 在无限长直载流导线的磁场中，有一运动的导体线框， 导体线框与载流导线共面。求线框中的感应电动势。
80	19-4磁场的能量.txt	example	58	已写入	见 physics.tex《19-4磁场的能量》同题或等值例题	例题 一根长直同轴电缆，由半径为R1 和R2 的两同心圆筒 导体组成，电缆中有恒定电流 I，经内层流进外层流 出形成回路。试计算长为l 的一段电缆内的磁场能量。 0 I
81	19-4磁场的能量.txt	exercise_index	119	作业索引非完整题干	作业页/章节页/索引页信息，非完整逐题题干	P176习题 5, 7, 8, 9, 13, 14, 16 第20章(麦克斯韦方程组)：
82	19-4磁场的能量.txt	exercise_index	122	作业索引非完整题干	作业页/章节页/索引页信息，非完整逐题题干	P188习题 1, 5, 7 注意 第19, 20章作业一起交 7
83	1第一章 质点运动学.txt	exercise_index	13	作业索引非完整题干	作业页/章节页/索引页信息，非完整逐题题干	课本P22-25习题 3, 5, 6, 8, 9, 11, 12, 14, 16, 19(共10题) 注意 作业用A4纸, 不抄题, 有题号 选择填空题要有解题过程
84	1第一章 质点运动学.txt	thought	389	改写并入	已并入 physics.tex《1第一章 质点运动学》的概念澄清与误区提示	➢ 思考题 1. 质点作曲线运动，判断下列说法的正误：   r = r  r = r s = r 
85	1第一章 质点运动学.txt	example	540	改写并入	已并入“圆周运动与自然坐标系”对 a_τ, a_n 的判型讲解	例: 讨论下列情况时，质点各作什么运动? (1) aτ 等于0, an等于0, 质点做什么运动？ (2) aτ 等于0, an不等于0 , 质点做什么运动？ (3) aτ 不等于0, an等于0 , 质点做什么运动？ (4) aτ 不等于0, an不等于0 , 质点做什么运动？
86	1第一章 质点运动学.txt	example	571	已写入	见 physics.tex《1第一章 质点运动学》同题或等值例题	例：半径为r = 0.2 m的飞轮，可绕 O 轴转动。已知 轮缘上一点M的运动方程为  = −t + 4t ，求在1秒时 2 刻M点的速度和加速度。 d  d
87	1第一章 质点运动学.txt	example	599	已写入	见 physics.tex《1第一章 质点运动学》同题或等值例题	例：一质点沿半径为R的圆周运动，其路程s随时间 t 的变化规律为 s = bt − 1 2  ct ，式中b，c为大于零 2 的常数，且 b 2  Rc 。求（1）质点的切向加速度 和法向加速度。（2）经过多长时间，切向加速度
88	1第一章 质点运动学.txt	exercise_index	847	作业索引非完整题干	作业页/章节页/索引页信息，非完整逐题题干	课本P22-25习题 3, 5, 6, 8, 9, 11, 12, 14, 16, 19(共10题) 注意 作业用A4纸, 不抄题, 有题号 选择填空题要有解题过程
89	20麦克斯韦方程组.txt	exercise_index	538	作业索引非完整题干	作业页/章节页/索引页信息，非完整逐题题干	P176习题 5, 7, 8, 9, 13, 14, 16 第20章(麦克斯韦方程组)：
90	20麦克斯韦方程组.txt	exercise_index	540	作业索引非完整题干	作业页/章节页/索引页信息，非完整逐题题干	P188习题 1, 5, 7 注意 11月20号(周四)交第19,20章作业 32
91	21-2&3&4 狭义相对论时空观&动力学.txt	example	374	改写并入	已并入“低速修正量级与静能量级”	例：v =104 m/s m m − mo  10−10 mo m0 o Cv
92	21-2&3&4 狭义相对论时空观&动力学.txt	example	442	改写并入	已并入“低速修正量级与静能量级”	例： m0 = 1kg , E0 = m0 c = 9  10 J 2 16 现有 100 座楼，每楼 200 套房，每套房用电功率 10000 W ， 总功率 2  108 W ，每天用电 10 小时 ，年耗电 2.72  1015 J ， 可用约 33 年。
93	23-1 德布罗意波&不确定关系.txt	example	64	已写入	见 physics.tex《23-1 德布罗意波&不确定关系》同题或等值例题	例：用电压U 加速电子 E k = m0 v 2 = eU 2 h 1  = = 12.25 A 1A = 10−10 m 2m0 eU U
94	23-1 德布罗意波&不确定关系.txt	example	72	已写入	见 physics.tex《23-1 德布罗意波&不确定关系》同题或等值例题	例：子弹m = 0.05kg，v = 500m / s，求德布罗意波长。 h 6.63 10−34 = = = 2.65 10−25 A mv 0.05  500 6
95	23-4 氢原子的量子态.txt	example	399	已写入	见“为什么先填 4s 再填 3d”	例：4s态 (n + 0.7l ) = 4 3d态 (n + 0.7l ) = 3 + 0.7  2 = 4.4 • 结论：电子首先占据 4s 态，再占据 3d 态。 22 本章作业
96	2第二章 质点动力学基础.txt	exercise_index	14	作业索引非完整题干	作业页/章节页/索引页信息，非完整逐题题干	课本P47-49习题 3, 4, 7, 10, 11(共5题) 注意 作业用A4纸, 不抄题, 有题号 选择填空题要有解题过程
97	2第二章 质点动力学基础.txt	exercise_index	713	作业索引非完整题干	作业页/章节页/索引页信息，非完整逐题题干	课本P47-49习题 3, 4, 7, 10, 11(共5题) 注意 作业用A4纸, 不抄题, 有题号 选择填空题要有解题过程
98	3第三章 三大守恒定律.txt	exercise_index	13	作业索引非完整题干	作业页/章节页/索引页信息，非完整逐题题干	课本P94-99习题 2, 4, 5, 7, 10, 13, 14, 21, 22, 27(共10题) 注意 作业用A4纸, 不抄题, 有题号 选择&填空题要有解题过程
99	3第三章 三大守恒定律.txt	example	349	已写入	见 physics.tex《3第三章 三大守恒定律》同题或等值例题	例：水平光滑铁轨上有 一小车长为l，质量为M。车的一端 站有一人，质量m，均静止。现设人从一 端走向另一端， 求人和小车各移动多少 距离？  v人地 
100	3第三章 三大守恒定律.txt	example	406	已写入	见 physics.tex《3第三章 三大守恒定律》同题或等值例题	例：火箭是一种自带燃料和助燃剂的太 空飞行器，它依靠燃料燃烧喷出的 v + dv 气体所产生的反冲推力向前推进。 v 设不计地球引力和空气阻力。 M − dm M (dm)
101	3第三章 三大守恒定律.txt	example	487	已写入	见 physics.tex《3第三章 三大守恒定律》同题或等值例题	例：任意三角形的每个顶点有一质量m，求质心。 y （x1，y1） mx1 + mx 2 x1 + x 2 xc = = 3m 3
102	3第三章 三大守恒定律.txt	example	525	已写入	见 physics.tex《3第三章 三大守恒定律》同题或等值例题	例：一段均匀铁丝弯成半圆形，其质量为m，半径为R。 求：此半圆形铁丝的质心。 y
103	3第三章 三大守恒定律.txt	example	588	已写入	见 physics.tex《3第三章 三大守恒定律》同题或等值例题	例: 有质量为2m的弹丸，从地面斜抛出去，它的落地点为xC 。 如果它在飞行到最高点处爆炸成质量相等的两碎片。其中一 碎片铅直自由下落，另一碎片水平抛出，它们同时落地。问 第二块碎片落在何处。
104	3第三章 三大守恒定律.txt	example	657	已写入	见 physics.tex《3第三章 三大守恒定律》同题或等值例题	例: 设作用在质量为2kg的物体上的合力F = 6t N。如果物体 由静止出发沿直线运动，在头2 s内这力做了多少功？ F 6t dv
105	3第三章 三大守恒定律.txt	example	678	已写入	见 physics.tex《3第三章 三大守恒定律》同题或等值例题	例：质量为m的物体从静止开始，在竖直平面内沿着四分之一 的圆周从A滑到（如图）。在 B B处速度的大小是v，已知圆的半 径为R，用作功定义求物体从A到B摩擦力所作的功。
106	3第三章 三大守恒定律.txt	example	758	已写入	见 physics.tex《3第三章 三大守恒定律》同题或等值例题	例：质量为m = 10kg的物体沿x轴无摩擦地运动，t = 0时， 速度为零。设物体在F = 4 + 2t 2 ( N )的作用下运动，经历 了3s，求力F 对质点作的功。
107	3第三章 三大守恒定律.txt	example	783	已写入	见 physics.tex《3第三章 三大守恒定律》同题或等值例题	例：一个质量15g的子弹，以200米/秒的速度射入一固定的木 板内，如阻力与射入木板的深度成正比，即 f=-βx ( β=5.0×103 N/cm), 求子弹射入木板的深度。
108	3第三章 三大守恒定律.txt	example	807	已写入	见 physics.tex《3第三章 三大守恒定律》同题或等值例题	例：一质量为1.0kg 的小球系在长为1.0m 细绳下端 , 绳的上端固 定在天花板上 。起初把绳子放在与竖直线成30o角处, 然后放手 使小球沿圆弧下落，试求绳与竖直线成 10o角时小球的速率 。
109	3第三章 三大守恒定律.txt	example	1217	改写并入	与前面四分之一圆弧摩擦力做功题合并讲解	例：质量为m的物体从静止开始，在竖直平面内沿着四分之一 的圆周从A滑到（如图）。在 B B处速度的大小是v，已知圆的半 径为R，求物体从A到B摩擦力所作的功。 A O 用动能定理求 摩擦力&重力做功
110	3第三章 三大守恒定律.txt	example	1375	已写入	见 physics.tex《3第三章 三大守恒定律》同题或等值例题	例：在光滑的水平桌面上有一小孔O，一细绳穿过小 孔，其一端系一小球放在桌面上，另一端用手缓慢拉 绳，开始时小球绕孔运动，半 v1 径为r1 ，速率为 v1 ，当半径变 0 r1
111	3第三章 三大守恒定律.txt	example	1393	已写入	见 physics.tex《3第三章 三大守恒定律》同题或等值例题	例：一半径为 R 的光滑圆环置于 竖直平面内，一质量为 m 的小球 穿在圆环上, 并可在圆环上滑动。 小球开始时静止于圆环上的点 A (该点在通过环心 O 的水平面上)，
112	3第三章 三大守恒定律.txt	exercise_index	1437	作业索引非完整题干	作业页/章节页/索引页信息，非完整逐题题干	课本P94-99习题 2, 4, 5, 7, 10, 13, 14, 21, 22, 27(共10题) 注意 作业用A4纸, 不抄题, 有题号 选择&填空题要有解题过程
113	4第四章 刚体力学.txt	exercise_index	13	作业索引非完整题干	作业页/章节页/索引页信息，非完整逐题题干	课本P121-125习题 2, 3, 4, 7, 10, 11, 14, 16(共8题) 注意 作业用A4纸, 不抄题, 有题号 选择&填空题要有解题过程
114	4第四章 刚体力学.txt	example	272	已写入	见 physics.tex《4第四章 刚体力学》同题或等值例题	例：已知定滑轮质量m，半径r，J = mr , 各绕中心轴转动， 2 2m用轻绳连接，由静止释放。 两质点m， 求：两滑轮之间张力 T .
115	4第四章 刚体力学.txt	example	295	已写入	见 physics.tex《4第四章 刚体力学》同题或等值例题	例：已知杆质量 m，长l，绕一端点转动，  N 1 2 J = ml ，初水平静止，求位于任意 ) 
116	4第四章 刚体力学.txt	example	396	已写入	见 physics.tex《4第四章 刚体力学》同题或等值例题	例：已知杆质量 m，长l，绕一端点转动， 初水平静止，求位于任意 角时，、 为多少？ 
117	4第四章 刚体力学.txt	example	454	已写入	见 physics.tex《4第四章 刚体力学》同题或等值例题	例：一质量为m0 ，半径R的圆盘，盘上绕由细绳，一 端挂有质量为m的物体。问物体由静止下落高度h时， 其速度为多大？
118	4第四章 刚体力学.txt	example	472	已写入	见 physics.tex《4第四章 刚体力学》同题或等值例题	例：留声机的转盘绕通过盘心垂直盘面的轴以角速率ω作 匀速转动。放上唱片后，唱片将在摩擦力作用下随转盘一 起转动。设唱片的半径为R，质量为m，它与转盘间的摩 擦系数为μ，求：(1)唱片与转盘间的摩擦力矩； (2)唱片达 到角速度ω时需要多长时间；(3)在这段时间内，转盘的驱
119	4第四章 刚体力学.txt	example	622	已写入	见 physics.tex《4第四章 刚体力学》同题或等值例题	例：细棒m1，l静止放在摩擦系数为的水平桌上，可绕O旋转， 1 J = m1l 2 .,小球以v1垂直击另一端，并以v2反向弹回。 3 求：（1）碰后棒角速度；（ 2）开始转动到停止所需 时间。
120	4第四章 刚体力学.txt	example	667	已写入	见 physics.tex《4第四章 刚体力学》同题或等值例题	例：一长为l，质量为m0的杆可绕支点O自由转动。 一质量为m的子弹射入距支点为a的棒内。若棒偏转 角为30o，问子弹的初速度v为多少。 o
121	4第四章 刚体力学.txt	example	694	已写入	见 physics.tex《4第四章 刚体力学》同题或等值例题	例: 长为 l 的均质细直杆OA，一端悬于O点铅直下垂，如 图所示。一单摆也悬于O点，摆线长也为l，摆球质量为m, 现将单摆拉到水平位置后由静止释放，摆球在 A 处与直 杆作完全弹性碰撞后恰好静止。试求：⑴ 细直杆的质量 m0；⑵ 碰撞后细直杆摆动的最大角度。(忽略一切阻力)
122	4第四章 刚体力学.txt	exercise_index	804	作业索引非完整题干	作业页/章节页/索引页信息，非完整逐题题干	课本P121-125习题 2, 3, 4, 7, 10, 11, 14, 16(共8题) 注意 作业用A4纸, 不抄题, 有题号 选择&填空题要有解题过程
123	5第六章 机械振动.txt	example	279	已写入	见 physics.tex《5第六章 机械振动》同题或等值例题	例:一轻弹簧的下端挂一重物，上端固定在支架上，弹簧伸长量 l=9.8cm。如果给物体一个向下的瞬时冲击力，使它具有 1m  s −1 的向下的速度，它就上下振动起来。试证明物体是作简谐振动， 并写出其振动方程。
124	5第六章 机械振动.txt	example	342	已写入	见 physics.tex《5第六章 机械振动》同题或等值例题	例: 如图所示，一轻弹簧的右端连着一物体，弹 −1 簧的劲度系数 k = 0.72 N  m ，物体的质量 m = 20 g . (1)把物体从平衡位置向右拉 到 x = 0.05m处停下后再释 x/m
125	5第六章 机械振动.txt	example	402	已写入	见 physics.tex《5第六章 机械振动》同题或等值例题	例: 一质点沿x 轴作简谐振动，振幅为12 cm，周期为2s。 当t = 0时, 位移为6 cm，且向x 轴正方向运动。求:(1)振 动方程； (2)如果在某时刻质点位于x = -6 cm，且向 x 轴负方向运动，从该位置回到平衡位置所需要的时间。
126	5第六章 机械振动.txt	example	439	已写入	见 physics.tex《5第六章 机械振动》同题或等值例题	例: 一质点沿x 轴作简谐振动，振幅为12 cm，周期为2s。 当t = 0时, 位移为6 cm，且向x 轴正方向运动。求:(1)振 动方程； (2)如果在某时刻质点位于x = -6 cm，且向 x 轴负方向运动，从该位置回到平衡位置所需要的时间。
127	5第六章 机械振动.txt	example	473	改写并入	已并入“由图像/初始条件确定振动方程”入口	例：已知一简谐振动的 2 位移曲线如图所示，写 1 0 出振动方程。 1 t (s ) −1
128	5第六章 机械振动.txt	example	559	已写入	见 physics.tex《5第六章 机械振动》同题或等值例题	例:质量为 0.10 kg 的物体，以振幅 1.0 10 m 作简 −2 谐运动，其最大加速度为 4 . 0 m  s ，求： （1）振动的周期； （2）通过平衡位置的动能； （3）总能量； （4）物体在何处其动能和势能相等？
129	5第六章 机械振动.txt	example	685	已写入	见 physics.tex《5第六章 机械振动》同题或等值例题	例： 两个同方向的简谐振动曲线(如图所示) （1）求合振动的振幅； A x x (t ) （2）求合振动的振动方程。 1 1 A2
130	6第七章 机械波.txt	example	580	改写并入	已并入“球面简谐波”一节的推导	例: 证明球面波的振幅与离 开其波源的距离成反比，并 s2 s1 r2 求球面简谐波的波函数。 证：介质无吸收，通过两个 r1 球面的平均能流相等。
131	6第七章 机械波.txt	example	773	已写入	见 physics.tex《6第七章 机械波》同题或等值例题	例：如图所示，A、B 两点为同一介质中两相干波源， 其振幅皆为5cm，频率皆为100Hz，但当点 A 为波峰时， 点B 适为波谷。设波速为10m/s，试写出由A、B发出 的两列波传到点P 时干涉的结果。 P 解： BP = 15 + 20 m = 25 m
132	6第七章 机械波.txt	example	792	已写入	见 physics.tex《6第七章 机械波》同题或等值例题	例：设两相干波源 s1 、s2 l l = 10 m A1 = A2 = 0.02m s1 x l - x s2  = 5 Hz  10 =  20 = 0 u = 10 m / s 求：（1）它们之间连线上振动加强的位置及其合振幅？   20 = 10 u 10
133	6第七章 机械波.txt	example	828	已写入	见“两相干波源有初相差时为什么左右延长线不一样”	例： 两相干波源 s2 超前 s1 2 ，   A =A 相距 l = 4 ， 1 2 。讨论 r1 4 r2 延长线上干涉情况 p r2
134	6第七章 机械波.txt	example	989	已写入	见 physics.tex《6第七章 机械波》同题或等值例题	例：两列相干波A, B分别通过O1 , O2， M1 m M2 波长，A波在m点反射后与B波 ？ 在P点相遇，设反射波有半波损失。 A波在O1点振动方程：y10 = A cos  t P
135	6第七章 机械波.txt	example	1020	已写入	见 physics.tex《6第七章 机械波》同题或等值例题	例：在弦线上有一简谐波，其表达式为： t x  y1 = 2.0 10-2 cos[2 ( - ) + ] (SI) 0.02 20 3 为了在此弦线上形成驻波，并且在x = 0处为一波
136	6第七章 机械波.txt	example	1046	已写入	见“波阻更大时反射波为什么要先带一个 π”	例：如图, 一列沿x轴正向传播的简谐波方程为 -3 y1 = 10 cos[200π(t - x / 200)](m) [1] 在1，2两种介质分界面上点A与坐标原点O相距 L=2.25 m。已知介质2的波阻大于介质1的波阻, 反
137	6第七章 机械波.txt	example	1129	已写入	见 physics.tex《6第七章 机械波》同题或等值例题	例：如图二胡弦长 l = 0.3 m，张力 T = 9.4 N。密度  = 3.8 10 -4 kg m 。求弦所发的声音的基频和谐频。
138	6第七章 机械波.txt	example	1209	已写入	见 physics.tex《6第七章 机械波》同题或等值例题	例：A、B 为两个汽笛，其频率皆为500Hz，A 静止， B 以60m/s 的速率向右运动。在两个汽笛之间有一观察 者O，以30m/s 的速度也向右运动。已知空气中的声速 为330m/s，求：  vs
139	7第八章  光的干涉.txt	exercise_index	36	作业索引非完整题干	作业页/章节页/索引页信息，非完整逐题题干	新旧教材P252~255习题: 2, 3, 4, 5, 6, 7, 10, 11, 12, 20(共10题) 注意 作业用A4纸, 不抄题, 有题号 选择&填空题要有解题过程
140	7第八章  光的干涉.txt	example	422	已写入	见 physics.tex《7第八章  光的干涉》同题或等值例题	例: 以单色光照射到相距为0.2mm的双缝上,双缝与屏幕 的距离为1m. (1) 从第一级明 纹 到同侧 的第四级明 纹的距离为 7.5mm,求单色光的波长; (2) 若入射光的波长为600nm,求相邻两明纹间的距离
141	7第八章  光的干涉.txt	example	524	已写入	见 physics.tex《7第八章  光的干涉》同题或等值例题	例：双缝干涉中，入射光波长为，双缝至屏的距离为 D，在一个缝后放一厚为b的透明薄片，此时原中央明 纹处仍为一明纹，求该明纹的干涉级。 思考：放入薄片后， 解: 原中央明纹处 r1 = r2 干涉条纹如何移动？ X
142	7第八章  光的干涉.txt	example	545	已写入	见 physics.tex《7第八章  光的干涉》同题或等值例题	例：杨氏双缝实验，用透明片遮住上缝，发现中央明 纹向上移动了3个条纹，已知该片折射率为1.4，求该 片厚度。 ( = 0.55 10−6 m)
143	7第八章  光的干涉.txt	example	730	已写入	见 physics.tex《7第八章  光的干涉》同题或等值例题	例:为增加透射率,在玻璃表面涂覆 氟化镁，求氟化镁膜的最小厚度。 已知 空气 n1 = 1.00 氟化镁 n2 = 1.38 ,  = 550 nm(设光线垂直入射)  反射 2 3 氟化镁为  反射光 = 2n2 d = (2k + 1)
144	7第八章  光的干涉.txt	example	747	已写入	见 physics.tex《7第八章  光的干涉》同题或等值例题	例: 一油轮漏出的油(折射率 n1=1.20)污染了某 海域, 在海水( n2 =1.30)表面形成一层薄薄的油污。 (1) 如果太阳正位于海域上空,一直升飞机的驾驶员 从机上向下观察,他所正对的油层厚度为460nm,则他 将观察到油层呈什么颜色? (2) 如果一潜水员潜入该
145	7第八章  光的干涉.txt	example	879	已写入	见“第五条暗纹对应的膜厚为什么先从棱边明暗判起”	例：波长为λ的单色光垂直照射折射 k级明纹 率为n2的劈尖，如图，设n1<n2<n3, 第5条暗纹 n 1 从交棱O开始向右数，表面为第五 明纹 条暗纹，求膜厚。
146	7第八章  光的干涉.txt	example	918	已写入	见“用劈尖条纹间距测金属细丝直径时为什么先写几何斜率”	例: 为了测量金属细丝的直径，把金属丝夹在两块平玻 璃之间，形成劈尖，如图所示，如用单色光垂直照射 ， 就得到等厚干涉条纹。测出干涉条纹的间距，就可以算 出金属丝的直径。某次的测量结果为：单色光的波长 =589.3nm金属丝与劈间顶点间的距离L=28.880mm，30
147	7第八章  光的干涉.txt	example	1053	已写入	见 physics.tex《7第八章  光的干涉》同题或等值例题	例：用氦氖激光器发出的波长为 633nm的单色光做牛顿环实验， 测得第个 k 暗环的半径为5.63mm , r 第 k+5 暗环的半径为7.96mm，求 平凸透镜的曲率半径R。
148	7第八章  光的干涉.txt	example	1067	已写入	见“圆形油膜条纹为什么会一圈圈向中心数”	例： 如图所示为测量油膜折射率的实验装置 , 在 平面玻璃片G上放一油滴，并展开成圆形油膜，在波 长  = 600 nm 的单色光垂直入射下，从反射光中可 观察到油膜所形成的干涉条纹 。已知玻璃的折射率， n1 = 1.50 , 油膜的折射率
149	7第八章  光的干涉.txt	exercise_index	1150	作业索引非完整题干	作业页/章节页/索引页信息，非完整逐题题干	新旧教材P252~255习题: 2, 3, 4, 5, 6, 7, 10, 11, 12, 20(共10题) 注意 作业用A4纸, 不抄题, 有题号 选择&填空题要有解题过程
150	8第九章 光的衍射.txt	example	12	作业索引非完整题干	作业页/章节页/索引页信息，非完整逐题题干	新教材P279~281(旧:P293~295): 1, 3, 4, 8, 9, 13, 14, 17 (共8题)
151	8第九章 光的衍射.txt	example	14	作业索引非完整题干	作业页/章节页/索引页信息，非完整逐题题干	第10章(光的偏振) 新教材P301~303 (旧:P322~323):1, 3, 4, 10(共4题) 注意 两章作业做在同一张A4纸上一起交 作业用A4纸, 不抄题, 有题号
152	8第九章 光的衍射.txt	example	409	已写入	见 physics.tex《8第九章 光的衍射》同题或等值例题	例：假设汽车两盏灯相距y =1.5m，人的眼睛瞳孔直径D=4mm， 问最远在多少米的地方，人眼恰好能分辨出这两盏灯?
153	8第九章 光的衍射.txt	example	593	已写入	见 physics.tex《8第九章 光的衍射》同题或等值例题	例：用波长为500nm的单色光垂直照射到每毫米有500条刻痕的 光栅上，求： 1)第一级和第三级明纹的衍射角；2)若缝宽与缝间 距相等，由用此光栅最能看到几条明纹。
154	8第九章 光的衍射.txt	example	620	已写入	见 physics.tex《8第九章 光的衍射》同题或等值例题	例: 用波长为 = 500 nm的单色光垂直照射光栅，观察 到第二级出现在sin = 0.20 处，第四级缺级。请计算: （1）光栅常数；（2）狭缝的最小宽度；（3）列出全 部条纹的级数。
155	8第九章 光的衍射.txt	example	670	已写入	见 physics.tex《8第九章 光的衍射》同题或等值例题	例：用钠光(λ=589.3nm)垂直照射到某光栅上，测得第三级光 谱的衍射角为60o， (1) 若换用另一光源测得其第二级光谱的 衍射角为30o ，求后一光源发光的波长。(2) 若以白光(400 nm~760 nm) 照射在该光栅上，求其第二级光谱的张角。
156	8第九章 光的衍射.txt	example	690	已写入	见 physics.tex《8第九章 光的衍射》同题或等值例题	例：一束平行光垂直入射到某个光栅上，该光束有两种波长的 光，λ1=400nm， λ2=600nm。实验发现，两种波长的谱线(不计 中央明纹)第二次重合于衍射角φ=60o的方向上，求此光栅的光 栅常数。
157	8第九章 光的衍射.txt	example	713	作业索引非完整题干	作业页/章节页/索引页信息，非完整逐题题干	新教材P279~281(旧:P293~295): 1, 3, 4, 8, 9, 13, 14, 17 (共8题)
158	8第九章 光的衍射.txt	example	715	作业索引非完整题干	作业页/章节页/索引页信息，非完整逐题题干	第10章(光的偏振) 新教材P301~303 (旧:P322~323):1, 3, 4, 10(共4题) 注意 两章作业做在同一张A4纸上一起交 作业用A4纸, 不抄题, 有题号
159	9第十章 光的偏振.txt	example	166	已写入	见 physics.tex《9第十章 光的偏振》同题或等值例题	例：两个偏振片叠加放在一起，强度为I 0的自然光垂直入射其上， 若通过两个偏振片后的光强为I 0 / 8，则此两偏振片的偏振化方 向间的夹角（取锐角）是 ______ ，若在两片之间再插入一片 偏振片，其偏振化方向与前后两片的偏振化方向的夹角（取锐 角）相等，则通过三个偏振片后的透射光强度为 _________ 。
160	9第十章 光的偏振.txt	example	259	已写入	见 physics.tex《9第十章 光的偏振》同题或等值例题	例：一自然光自空气射向一块平板玻璃，入射角为布 儒斯特角 i ，问 在界面 2 的反射光是什么光？ 0 完全偏振光 空气
161	9第十章 光的偏振.txt	example	290	作业索引非完整题干	作业页/章节页/索引页信息，非完整逐题题干	第10章(光的偏振) 新教材P301~303 (旧:P322~323): 1, 3, 4, 10(共4题) 注意 两章作业做在同一张A4纸上 下周五（5月30日）上课前交作业
162	【包打听分享】2003级大学物理（I）期末试卷及解答.pdf	cover	1-2	跳过	宣传/资料声明页，无独立题干	非试题正文；正式试题从 PDF 第 3 页开始
163	【包打听分享】2003级大学物理（I）期末试卷及解答.pdf	choice	3	已写入	三大守恒定律；见“2003级期末：三角轨道拐角处的冲量”；配图 pdf2003-q01-triangle.png；答案页 p9，选 C	1. 质点以不变速率沿正三角形轨道运动，过 A 角时轨道冲量大小为 \(\sqrt3mv\)
164	【包打听分享】2003级大学物理（I）期末试卷及解答.pdf	choice	3	已写入	三大守恒定律；见“2003级期末：保守力做功的概念判别”；答案页 p9，选 C	2. 判断保守力作功、闭合路径作功与作用反作用作功说法
165	【包打听分享】2003级大学物理（I）期末试卷及解答.pdf	choice	3	已写入	三大守恒定律；见“2003级期末：光滑球面下滑时的加速度”；配图 pdf2003-q03-sphere.png；答案页 p9，选 D	3. 质点从光滑球顶下滑到 B 点，加速度大小为 \(\sqrt{4g^2(1-\cos\theta)^2+g^2\sin^2\theta}\)
166	【包打听分享】2003级大学物理（I）期末试卷及解答.pdf	choice	4	已写入（等值）	气体动理论；见“氦气和氮气质量密度相同时压强怎样比”；答案页 p9，选 C	4. 氦气和氮气密度相同、分子平均平动动能相同，比较温度和压强
167	【包打听分享】2003级大学物理（I）期末试卷及解答.pdf	choice	4	已写入（等值）	气体动理论；见同温氧气和氢气麦克斯韦速率分布曲线题；答案页 p9，选 B	5. 同温氧气和氢气速率分布曲线与最概然速率比
168	【包打听分享】2003级大学物理（I）期末试卷及解答.pdf	choice	4	已写入	气体动理论；见“温度升到 \(4T_0\) 时平均速率、碰撞频率和自由程怎样变”；答案页 p9，选 B	6. 定容定量理想气体温度升到 \(4T_0\)，判断 \(\bar v,\bar Z,\bar\lambda\)
169	【包打听分享】2003级大学物理（I）期末试卷及解答.pdf	choice	5	已写入	机械波；见“2003级期末：波形图上哪些质元能量最大”；配图 pdf2003-q07-wave.png；答案页 p9，选 B	7. 机械横波波形图上能量取最大值的质元位置
170	【包打听分享】2003级大学物理（I）期末试卷及解答.pdf	choice	5	已写入	光的干涉；见“上下表面反射光相遇时的相位差”；配图 pdf2003-q08-film.png；答案页 p9，选 C	8. \(n_1<n_2>n_3\) 薄膜反射两束光相位差
171	【包打听分享】2003级大学物理（I）期末试卷及解答.pdf	choice	5	已写入	光的偏振；见“由全反射临界角反推布儒斯特角”；答案页 p9，选 D	9. 透明介质对空气临界角 \(45^\circ\)，求空气入射时布儒斯特角 \(54.7^\circ\)
172	【包打听分享】2003级大学物理（I）期末试卷及解答.pdf	choice	5	已写入	光的偏振/双折射；见“方解石中 o 光和 e 光的方向关系”；配图 pdf2003-q10-calcite.png；答案页 p9，选 C	10. 方解石内 o 光和 e 光传播方向及电场振动方向关系
173	【包打听分享】2003级大学物理（I）期末试卷及解答.pdf	blank	6	已写入	三大守恒定律；见“2003级期末：拉绳缩短半径后的角速度”；配图 pdf2003-q11-hole.png；答案页 p9	11. 桌面小块绕孔转动，半径从 \(0.2m\) 减到 \(0.1m\)，角速度变为 \(12rad/s\)
174	【包打听分享】2003级大学物理（I）期末试卷及解答.pdf	blank	6	已写入（等值）	三大守恒定律；见“斜面弹簧缓慢移动时外力做功怎样算”；配图 pdf2003-q12-spring-incline.png；答案页 p9	12. 斜面弹簧从平衡点 A 缓慢移到 B，外力功 \(2mgx_0\sin\alpha\)
175	【包打听分享】2003级大学物理（I）期末试卷及解答.pdf	blank	6	已写入	质点运动学；见“2003级期末：由变力反推运动方程”；答案页 p9	13. \(m=0.25kg,\ \vec F=t\vec i,\ \vec v_0=2\vec j\)，求 \(\vec r(t)=\frac23t^3\vec i+2t\vec j\)
176	【包打听分享】2003级大学物理（I）期末试卷及解答.pdf	blank	6	已写入	三大守恒定律；见“2003级期末：人在船上走动时反推船质量”；答案页 p9	14. 渔人在船上走 \(4m\)，相对湖底只移动 \(3m\)，求船质量 \(180kg\)
177	【包打听分享】2003级大学物理（I）期末试卷及解答.pdf	blank	7	已写入	气体动理论；见“由骤停温升反推刚性双原子气体摩尔质量”；答案页 p9	15. 刚性双原子气体容器以 \(100m/s\) 运动后骤停，\(\Delta T=6.74K\)，求 \(M_{\rm mol}=28\times10^{-3}kg/mol\)
178	【包打听分享】2003级大学物理（I）期末试卷及解答.pdf	blank	7	已写入	热力学第一定律；见“电热丝加热开口水桶时怎样给 \(Q\) 判号”；答案页 p9	16. 开口桶中 \(1kg\) 水由 \(30^\circ C\) 到 \(80^\circ C\)，电流做功 \(4.2\times10^5J\)，求 \(Q=-2.1\times10^5J\)
179	【包打听分享】2003级大学物理（I）期末试卷及解答.pdf	blank	7	已写入	机械振动；见“由振动曲线判断最大速率比”；配图 pdf2003-q17-vibration.png；答案页 p9	17. 两简谐振动曲线最大速率之比为 \(1\)
180	【包打听分享】2003级大学物理（I）期末试卷及解答.pdf	blank	7	已写入	机械波；见“2003级期末：固定端反射形成的驻波表达式”；答案页 p9	18. 入射波 \(y_1=A\cos2\pi(\nu t+x/\lambda)\) 在固定端反射，求驻波表达式
181	【包打听分享】2003级大学物理（I）期末试卷及解答.pdf	blank	7	已写入（等值）	光的干涉；见“双缝两缝分别覆不同介质片时中央光程差”；答案页 p9	19. 双缝两缝分别覆折射率 \(n_1,n_2\)、厚度 \(e\) 介质片，中央处光程差 \((n_1-n_2)e\) 或反号
182	【包打听分享】2003级大学物理（I）期末试卷及解答.pdf	blank	7	已写入（等值）	光的干涉；见“空气换成液体后牛顿环半径怎样反推折射率”；答案页 p9	20. 牛顿环第 \(k\) 暗环半径从 \(r_1\) 变为 \(r_2\)，液体折射率 \(r_1^2/r_2^2\)
183	【包打听分享】2003级大学物理（I）期末试卷及解答.pdf	calculation	8	已写入	刚体力学；见“2003级期末：有转动惯量的阿特伍德机”；配图 pdf2003-q21-pulley.png；答案页 p10	21. 有转动惯量滑轮的阿特伍德机，求 \(t\) 时刻滑轮角速度
184	【包打听分享】2003级大学物理（I）期末试卷及解答.pdf	calculation	8	已写入	热力学第一定律；见“水蒸气 \(abcda\) 循环怎样逐段做能量账”；配图 pdf2003-q22-pv-cycle.png；答案页 p10	22. \(36g\) 水蒸气 \(abcda\) 循环，求 \(W_{da},\Delta U_{ab},W,\eta\)
185	【包打听分享】2003级大学物理（I）期末试卷及解答.pdf	calculation	8	已写入	机械振动；见“木板简谐振动时物体不滑的最大振幅”；答案页 p10	23. 木板以 \(\nu=2Hz\) 简谐振动、\(\mu_s=0.50\)，求不滑最大振幅 \(0.031m\)
186	【包打听分享】2003级大学物理（I）期末试卷及解答.pdf	calculation	8	已写入	机械波；见“2003级期末：由 \(P\) 点振动写负向传播波”；配图 pdf2003-q24-wave-left.png；答案页 p10	24. 平面简谐波沿 \(Ox\) 负方向传播，由 \(P\) 点振动求 \(O\) 点振动、波函数与同相点
187	【包打听分享】2003级大学物理（I）期末试卷及解答.pdf	calculation	8	已修正并写入	光的衍射；见“两种波长第二次重合时怎样反推光栅常数”；答案页 p10；已将正文误写的 \(400/600nm\) 修为 \(440/660nm\)	25. 光栅中 \(\lambda_1=440nm,\lambda_2=660nm\)，第二次重合于 \(60^\circ\)，求 \(d=3.05\times10^{-3}mm\)
188	【包打听分享】2004级大学物理（I）期末试卷.pdf	choice	1	已写入	质点动力学基础；答案页 p7，选 C	1. 非线性方程 dv/dt=-kv^2t，求 v(t)
189	【包打听分享】2004级大学物理（I）期末试卷.pdf	choice	1	已写入	三大守恒定律；配图 pdf2004-q02-boats.png；答案页 p7，选 C	2. 两船上两人依次跳船后判断 v_A,v_B 方向
190	【包打听分享】2004级大学物理（I）期末试卷.pdf	choice	1	已写入	三大守恒定律；配图 pdf2004-q03-satellite.png；答案页 p7，选 E	3. 卫星椭圆轨道远近点角动量与动能比较
191	【包打听分享】2004级大学物理（I）期末试卷.pdf	choice	2	已写入	气体动理论；答案页 p7，选 C	4. 水蒸气分解为同温氢气氧气，内能增加百分比
192	【包打听分享】2004级大学物理（I）期末试卷.pdf	choice	2	已写入	气体动理论；答案页 p7，选 A	5. 两种理想气体最概然速率相等时平均速率和方均根速率关系
193	【包打听分享】2004级大学物理（I）期末试卷.pdf	choice	2	已写入	热力学第一定律；配图 pdf2004-q06-pv-ab.png；答案页 p7，选 B	6. 同压状态 A 到 B，任意路径下必然内能增加
194	【包打听分享】2004级大学物理（I）期末试卷.pdf	choice	2	已写入	机械波；答案页 p7，选 A	7. 相距 lambda/2 两点振动速度大小相同方向相反
195	【包打听分享】2004级大学物理（I）期末试卷.pdf	choice	2	已写入	机械波；答案页 p7，选 D	8. 两列相反传播等振幅波形成驻波，求波节位置
196	【包打听分享】2004级大学物理（I）期末试卷.pdf	choice	3	已写入	光的干涉；配图 pdf2004-q09-wedge-defect.png；答案页 p7，选 B	9. 空气劈尖检测工件表面凸起/凹槽与高度
197	【包打听分享】2004级大学物理（I）期末试卷.pdf	choice	3	重复跳过	已有关联例题“在布儒斯特角入射到平板玻璃时第二界面的反射光是什么光”；本轮修正其答案表述；答案页 p7，选 B	10. 自然光以布儒斯特角入射平板玻璃，第二界面反射光性质
198	【包打听分享】2004级大学物理（I）期末试卷.pdf	blank	3	已写入	质点运动学；答案页 p7	11. r=Rcos(omega t)i+Rsin(omega t)j，求 v 与 dv/dt
199	【包打听分享】2004级大学物理（I）期末试卷.pdf	blank	3	已写入	三大守恒定律；配图 pdf2004-q12-steel-balls.png；答案页 p7	12. 两钢球缩短转动半径后角速度为 36 rad/s
200	【包打听分享】2004级大学物理（I）期末试卷.pdf	blank	4	重复跳过	与 physics.tex 已有“斜面弹簧缓慢移动时外力做功怎样算”同题；答案页 p7	13. 斜面弹簧从平衡点缓慢移到 B，外力功为 2mgx0 sin alpha
201	【包打听分享】2004级大学物理（I）期末试卷.pdf	blank	4	已写入	气体动理论；答案页 p7	14. 麦克斯韦分布积分含义与 v>vp 条件平均速率
202	【包打听分享】2004级大学物理（I）期末试卷.pdf	blank	4	已写入	机械振动；答案页 p7	15. x=Acos(3t+phi)，由初位移和初速度求 A 与 phi
203	【包打听分享】2004级大学物理（I）期末试卷.pdf	blank	4	重复跳过	与 physics.tex 已有“由振动曲线判断最大速率比”同题；答案页 p7	16. 两简谐振动曲线最大速率之比 1:1
204	【包打听分享】2004级大学物理（I）期末试卷.pdf	blank	4	已写入	光的干涉；答案页 p7	17. 两波长第五个牛顿环明环对应空气膜厚度差 225 nm
205	【包打听分享】2004级大学物理（I）期末试卷.pdf	blank	5	已写入	光的衍射；答案页 p7	18. 单缝可分成 5 个半波带时衍射角 30 度
206	【包打听分享】2004级大学物理（I）期末试卷.pdf	blank	5	已写入	光的衍射；配图 pdf2004-q19-single-slit.png；答案页 p7	19. 单缝边缘光线相位差 pi 时焦点旁距离 0.36 mm
207	【包打听分享】2004级大学物理（I）期末试卷.pdf	calculation	5	已写入	刚体力学；配图 pdf2004-q20-double-pulley.png；答案页 p8	20. 双轮转动惯量系统，下降 h 后速度和两段张力
208	【包打听分享】2004级大学物理（I）期末试卷.pdf	calculation	5	已写入	热力学第一定律；答案页 p8	21. 标准状态理想气体等温膨胀与等体冷却再等压膨胀吸热
209	【包打听分享】2004级大学物理（I）期末试卷.pdf	calculation	6	已写入	机械波；答案页 p9	22. 两列不等振幅反向行波在 x=lambda/4 处的合振动和速度
210	【包打听分享】2004级大学物理（I）期末试卷.pdf	calculation	6	重复跳过	与 physics.tex 已有“钠光与另一光源在同一光栅上怎样比较波长”同题；答案页 p9	23. 钠光光栅第三级 60 度、另一光第二级 30 度、白光二级张角
211	【包打听分享】2005级大学物理（I）期末试卷及解答.pdf	cover	1	跳过	宣传/声明页，无独立题干	非试题正文
212	【包打听分享】2005级大学物理（I）期末试卷及解答.pdf	cover	2	跳过	宣传/声明页，无独立题干	非试题正文
213	【包打听分享】2005级大学物理（I）期末试卷及解答.pdf	choice	3	已写入	质点运动学；答案页 p8，选 B	1. A 船坐标系中看 B 船速度
214	【包打听分享】2005级大学物理（I）期末试卷及解答.pdf	choice	3	已写入	质点动力学基础；答案页 p8，选 A	2. 二次阻力下落收尾速度
215	【包打听分享】2005级大学物理（I）期末试卷及解答.pdf	choice	3	重复跳过	与 2004 椭圆轨道远近点角动量和动能题同模型；答案页 p8，选 C	3. 人造卫星椭圆轨道近远地点 L 与 Ek 比较
216	【包打听分享】2005级大学物理（I）期末试卷及解答.pdf	choice	4	已写入	三大守恒定律；配图 pdf2005-q04-circle-work.png；答案页 p8，选 B	4. 圆周路径上位置相关力做功
217	【包打听分享】2005级大学物理（I）期末试卷及解答.pdf	choice	4	重复跳过	与气体动理论中同温氢气/氧气麦克斯韦分布读图和最概然速率关系重复；答案页 p8，选 B	5. 氧气和氢气速率分布曲线与最概然速率比
218	【包打听分享】2005级大学物理（I）期末试卷及解答.pdf	choice	4	已写入	热力学第一定律；配图 pdf2005-q06-adiabatic-paths.png；答案页 p8，选 B	6. 同一绝热初末态两条路径吸放热判断
219	【包打听分享】2005级大学物理（I）期末试卷及解答.pdf	choice	4	已写入	机械振动；答案页 p8，选 D	7. 弹簧振子振幅加倍质量变四倍时总能量
220	【包打听分享】2005级大学物理（I）期末试卷及解答.pdf	choice	5	已写入	机械波；配图 pdf2005-q08-sources.png；答案页 p8，选 C	8. 两相干波源有初相差时 S1 外侧相位差
221	【包打听分享】2005级大学物理（I）期末试卷及解答.pdf	choice	5	已写入	机械波；答案页 p8，选 D	9. 补出反向波使 x=0 处为波腹
222	【包打听分享】2005级大学物理（I）期末试卷及解答.pdf	choice	5	已写入	光的干涉；答案页 p8，选 D	10. 迈克耳孙干涉仪插入薄膜导致光程差改变一个波长
223	【包打听分享】2005级大学物理（I）期末试卷及解答.pdf	blank	5	已写入	质点运动学；答案页 p8	11. 旋转探照灯沿岸扫过速度 69.8 m/s
224	【包打听分享】2005级大学物理（I）期末试卷及解答.pdf	blank	6	已写入	质点动力学基础；配图 pdf2005-q12-rotating-hoop.png；答案页 p8	12. 竖直圆环旋转时小珠离开底部的最小角速度
225	【包打听分享】2005级大学物理（I）期末试卷及解答.pdf	blank	6	已写入	气体动理论；答案页 p8	13. 电子管真空度换算为分子数密度 3.2e17 /m3
226	【包打听分享】2005级大学物理（I）期末试卷及解答.pdf	blank	6	已写入	热力学第一定律；答案页 p8	14. 卡诺最大效率热机每循环做功 400 J
227	【包打听分享】2005级大学物理（I）期末试卷及解答.pdf	blank	6	已写入	机械振动；配图 pdf2005-q15-rotating-vector.png；答案页 p8	15. 旋转矢量图读初相 pi/4 与振动方程
228	【包打听分享】2005级大学物理（I）期末试卷及解答.pdf	blank	6	已写入并复核	机械振动；本轮人工核对确认：题面为 \(x_1=6\times10^{-2}\cos(5t+\pi/2),x_2=2\times10^{-2}\cos(\pi-5t)\)，答案页 \(4\times10^{-2}m,\pi/2\) 与题面不一致；正文按题面重算并注明答案疑误	16. 两同方向同频率简谐振动合成，按题面得 \(A=2\sqrt{10}\times10^{-2}m,\ \varphi=\pi-\arctan3\)
229	【包打听分享】2005级大学物理（I）期末试卷及解答.pdf	blank	6	已写入	光的干涉；配图 pdf2005-q17-mica-double-slit.png；答案页 p8	17. 双缝 S1 覆云母片后中央明纹上移与光程差
230	【包打听分享】2005级大学物理（I）期末试卷及解答.pdf	blank	6	已写入	光的干涉；配图 pdf2005-q18-newton-ring-lift.png；答案页 p8	18. 牛顿环透镜上移 d 时固定点移过条纹数
231	【包打听分享】2005级大学物理（I）期末试卷及解答.pdf	blank	6	已写入	光的衍射；答案页 p8	19. 单缝第一级暗纹 30 度反推缝宽
232	【包打听分享】2005级大学物理（I）期末试卷及解答.pdf	blank	6	已写入	光的偏振；答案页 p8	20. 自然光在空气到 n=1.40 液体界面布儒斯特反射时折射角
233	【包打听分享】2005级大学物理（I）期末试卷及解答.pdf	calculation	7	已写入	刚体力学；配图 pdf2005-q21-bullet-rod.png；答案页 p9	21. 子弹射入绕端点转动的匀质棒，求角速度和转角
234	【包打听分享】2005级大学物理（I）期末试卷及解答.pdf	calculation	7	已写入	热力学第一定律；配图 pdf2005-q22-pv-adiabatic.png；答案页 p9-p10	22. 单原子理想气体等压再绝热膨胀全过程 W、Delta U、Q
235	【包打听分享】2005级大学物理（I）期末试卷及解答.pdf	calculation	7	已写入	机械波；配图 pdf2005-q23-wave.png；答案页 p10	23. 由 t=0 波形图写波动表达式和 P 点振动方程
236	【包打听分享】2005级大学物理（I）期末试卷及解答.pdf	calculation	7	重复跳过	与已有光栅“给定某级角度并有缺级，求光栅常数/缝宽/可见级次”同模型；答案页 p10	24. 光栅第二级 30 度且第三级缺级
237	【包打听分享】2006级大学物理（I）期末试卷A卷.pdf	choice	1	已写入	质点运动学；答案页 p1，选 C	1. 骑车人感到相对风从北偏西 30 度吹来
238	【包打听分享】2006级大学物理（I）期末试卷A卷.pdf	choice	1	重复跳过	与 2005 二次阻力下落收尾速度同题；答案页 p1，选 A	2. 二次阻力下落物体的收尾速度
239	【包打听分享】2006级大学物理（I）期末试卷A卷.pdf	choice	1	已写入	质点动力学基础；配图 pdf2006-q03-friction-angle.png；答案页 p1，选 C	3. 粗糙水平面上斜拉力使加速度最大时 tan theta=mu
240	【包打听分享】2006级大学物理（I）期末试卷A卷.pdf	choice	1	已写入	三大守恒定律；答案页 p1，选 C	4. 恒力使速度分两段增加时功与冲量比较
241	【包打听分享】2006级大学物理（I）期末试卷A卷.pdf	choice	1	已写入	气体动理论；答案页 p1，选 C	5. 同温同压氦气和氧气平均总动能与平均平动动能比较
242	【包打听分享】2006级大学物理（I）期末试卷A卷.pdf	choice	1	已写入	热力学第一定律；答案页 p1，选 B	6. 绝热膨胀、等体升温、等温压缩循环的净功符号
243	【包打听分享】2006级大学物理（I）期末试卷A卷.pdf	choice	1	已写入	机械振动；配图 pdf2006-q07-vt-phase.png；答案页 p1，选 A	7. 由速度-时间图像读简谐振动初相 pi/6
244	【包打听分享】2006级大学物理（I）期末试卷A卷.pdf	choice	1	重复跳过	与 2003 波形图上平衡位置质元能量最大同模型；答案页 p1，选 C	8. 简谐机械波中质元处于平衡位置时能量最大
245	【包打听分享】2006级大学物理（I）期末试卷A卷.pdf	choice	1-2	已写入	光的干涉；答案页 p1，选 A	9. 介质中相位差 3pi 对应光程 1.5 lambda
246	【包打听分享】2006级大学物理（I）期末试卷A卷.pdf	choice	2	已写入	光的干涉；答案页 p1，选 C	10. 空气劈形膜上玻璃整体上移时条纹向棱边平移且间隔不变
247	【包打听分享】2006级大学物理（I）期末试卷A卷.pdf	blank	2	重复跳过	与 2005 万有引力做功只看距离变化同题；答案页 p1	11. 两质点距离由 a 缩短到 b 时万有引力做功
248	【包打听分享】2006级大学物理（I）期末试卷A卷.pdf	blank	2	重复跳过	与 2003 人在船上走动时反推船质量同题；答案页 p1	12. 渔人在船上走动反推船质量 180 kg
249	【包打听分享】2006级大学物理（I）期末试卷A卷.pdf	blank	2	已写入	气体动理论；配图 pdf2006-q13-maxwell-interval.png；答案页 p1	13. 温度升高时平均速率附近固定区间分子比例降低
250	【包打听分享】2006级大学物理（I）期末试卷A卷.pdf	blank	2	已写入	气体动理论；答案页 p1，按平均速率公式核对	14. 两种单原子分子同温时平均速率之比 sqrt(M2/M1)
251	【包打听分享】2006级大学物理（I）期末试卷A卷.pdf	blank	2	重复跳过	与 2003/2004 由振动曲线判断最大速率比同题；答案页 p1	15. 两简谐振动最大速率之比 1:1
252	【包打听分享】2006级大学物理（I）期末试卷A卷.pdf	blank	2	已写入	机械振动；配图 pdf2006-q16-phase-lead.png；答案页 p1	16. 两简谐振动曲线判断 x1 比 x2 超前 3pi/4
253	【包打听分享】2006级大学物理（I）期末试卷A卷.pdf	blank	2	已写入	机械波；答案页 p1	17. 驻波表达式 y=2e-2 cos15x cos1500t 求行波波速
254	【包打听分享】2006级大学物理（I）期末试卷A卷.pdf	blank	3	重复跳过	与已有“牛顿环中空气换液体后反推折射率”同题；答案页 p1	18. 牛顿环空气换液体后由暗环半径求折射率
255	【包打听分享】2006级大学物理（I）期末试卷A卷.pdf	blank	3	已写入	光的衍射；答案页 p1	19. 给定光栅常数和波长求最高可见级次
256	【包打听分享】2006级大学物理（I）期末试卷A卷.pdf	blank	3	重复跳过	与布儒斯特定律定理和 2005 折射角题重复；答案页 p1	20. 自然光以布儒斯特角入射时 tan i0=n2/n1
257	【包打听分享】2006级大学物理（I）期末试卷A卷.pdf	calculation	3	已写入	刚体力学；配图 pdf2006-q21-composite-wheel.png；答案页 p1-p2	21. 大小圆盘组合轮两侧挂重物求角加速度和角速度
258	【包打听分享】2006级大学物理（I）期末试卷A卷.pdf	calculation	3	已写入	热力学第一定律；配图 pdf2006-q22-pv-cycle.png；答案页 p2	22. 三角形 p-V 循环求 B/C 温度、各段功和总吸热
259	【包打听分享】2006级大学物理（I）期末试卷A卷.pdf	calculation	3	已写入	机械波；答案页 p3	23. 两列不等振幅反向余弦波合振幅最大和最小位置
260	【包打听分享】2006级大学物理（I）期末试卷A卷.pdf	calculation	3	已写入	光的衍射；答案页 p3	24. 光栅中央明纹宽度内单缝中央宽度和主极大个数
261	【包打听分享】2006级大学物理（I）期末试卷A卷答案及评分标准.pdf	answer	1-3	答案校验使用	不作为新题源单独录入；用于核对 2006 A 卷选择、填空和计算题答案	2006 A 卷答案及评分标准
262	【包打听分享】2007级大学物理（I）期末试卷(A卷).pdf	choice	1	已写入	质点运动学；答案页 p1，选 C	1. 曲线运动中某时刻法向加速度可以为零
263	【包打听分享】2007级大学物理（I）期末试卷(A卷).pdf	choice	1	已写入	质点动力学基础；配图 pdf2007-q02-light-pulley-force.png；答案页 p1，选 B	2. 轻滑轮一侧重物改为恒力 F=m1g 后 a'>a
264	【包打听分享】2007级大学物理（I）期末试卷(A卷).pdf	choice	1	已写入	三大守恒定律；答案页 p1，选 C	3. 相同冲量作用下两个质点的动量增量相等
265	【包打听分享】2007级大学物理（I）期末试卷(A卷).pdf	choice	1	已写入	质点动力学基础；答案页 p1，选 B	4. 电梯中不同质量阿特伍德机平衡说明电梯以 g 向下加速
266	【包打听分享】2007级大学物理（I）期末试卷(A卷).pdf	choice	1	重复跳过	与已有“最概然速率相等时三种统计速率是否相等”同题；答案页 p1，选 A	5. 两种气体最概然速率相等时平均速率和方均根速率相等
267	【包打听分享】2007级大学物理（I）期末试卷(A卷).pdf	choice	2	已写入	机械振动；答案页 p1，选 E	6. 位移为 A/4 时简谐振动动能占总能量 15/16
268	【包打听分享】2007级大学物理（I）期末试卷(A卷).pdf	choice	2	已写入	光的干涉；配图 pdf2007-q07-lloyd-mirror.png；答案页 p1，选 B	7. 双缝 P 点明纹改为高折射率反射面后因半波损失变暗
269	【包打听分享】2007级大学物理（I）期末试卷(A卷).pdf	choice	2	已写入	光的干涉；答案页 p1，选 B	8. MgF2 增透膜最小厚度 90.6 nm
270	【包打听分享】2007级大学物理（I）期末试卷(A卷).pdf	choice	2	已写入	光的衍射；配图 pdf2007-q09-single-slit-scale.png；答案页 p1，选 D	9. 单缝 a 变为 3/2 且 lambda 变为 3/4 时中央明纹宽度变为 1/2
271	【包打听分享】2007级大学物理（I）期末试卷(A卷).pdf	choice	2	已写入	光的偏振；答案页 p1，选 B	10. 自然光穿过两片成 45 度偏振片后光强 I0/4
272	【包打听分享】2007级大学物理（I）期末试卷(A卷).pdf	blank	2	已写入	质点运动学；答案页 p1	11. 圆周运动 theta=pi/4+t^2/2 的切向加速度 0.1 m/s2
273	【包打听分享】2007级大学物理（I）期末试卷(A卷).pdf	blank	3	已写入	三大守恒定律；答案页 p1	12. 变力 F=(4+5x)i 从 x=0 到 10 m 做功 290 J
274	【包打听分享】2007级大学物理（I）期末试卷(A卷).pdf	blank	3	已写入	刚体力学；答案页 p1	13. 子弹沿直径嵌入转动圆盘边缘后 omega=M omega0/(M+2m)
275	【包打听分享】2007级大学物理（I）期末试卷(A卷).pdf	blank	3	已写入	气体动理论；答案页 p1	14. 由容器质量密度和方均根速率求压强 1.33e5 Pa
276	【包打听分享】2007级大学物理（I）期末试卷(A卷).pdf	blank	3	重复跳过	与已有“由骤停温升反推刚性双原子气体摩尔质量”同题；答案页 p1	15. 容器骤停温升反推摩尔质量 28e-3 kg/mol
277	【包打听分享】2007级大学物理（I）期末试卷(A卷).pdf	blank	3	已写入	热力学第一定律；答案页 p1	16. 同终温等体吸热与等压吸热之差为等压功 166 J
278	【包打听分享】2007级大学物理（I）期末试卷(A卷).pdf	blank	3	重复跳过	与 2003/2004/2006 振动曲线最大速率比同模型；答案页 p1	17. 两简谐振动最大速率之比 1:1
279	【包打听分享】2007级大学物理（I）期末试卷(A卷).pdf	blank	3	已写入	机械波；答案页 p1	18. 相位落后 pi/3 且 lambda=3 m 时两点距离 0.5 m
280	【包打听分享】2007级大学物理（I）期末试卷(A卷).pdf	blank	3	已写入	机械波；答案页 p1	19. 声波进入新介质频率不变，波速 503 m/s
281	【包打听分享】2007级大学物理（I）期末试卷(A卷).pdf	blank	3	重复跳过	与已有双缝两介质片原中央处光程差同题；答案页 p1	20. 两缝分别覆折射率 n1,n2 厚度 e 介质时光程差 (n1-n2)e
282	【包打听分享】2007级大学物理（I）期末试卷(A卷).pdf	calculation	4	已写入	刚体力学；配图 pdf2007-q21-stacked-block-pulley.png；答案页 p1	21. 叠放物块和有转动惯量滑轮求 beta=10 rad/s2, T=6 N, T'=4 N
283	【包打听分享】2007级大学物理（I）期末试卷(A卷).pdf	calculation	4	已写入	热力学第一定律；答案页 p2	22. 1 mol 理想气体 400K/300K 卡诺循环 Q1,W,Q2
284	【包打听分享】2007级大学物理（I）期末试卷(A卷).pdf	calculation	4	重复跳过	与 2005 由 t=0 波形图写波动表达式和 P 点振动方程同题；答案页 p2	23. 平面简谐波 t=0 波形图写波函数和 P 点振动
285	【包打听分享】2007级大学物理（I）期末试卷(A卷).pdf	calculation	4	重复跳过	与已有光栅第二级主极大且缺级求光栅常数/缝宽/级次同题；答案页 p2	24. 光栅第二级 30 度且第三级缺级求常数、缝宽和可见级次
286	【包打听分享】2007级大学物理（I）期末试卷解答（A卷.pdf	answer	1-2	答案校验使用	不作为新题源单独录入；用于核对 2007 A 卷选择、填空和计算题答案	2007 A 卷答案及评分标准
287	【包打听分享】2008大学物理（1）A卷试卷规范模版.pdf	choice	1	已写入	质点运动学；答案页 p1，选 B	1. 曲线运动中法向加速度必不为零（拐点处除外）
288	【包打听分享】2008大学物理（1）A卷试卷规范模版.pdf	choice	1	重复跳过	与 2005 相对速度两船题同题；答案页 p1，选 B	2. A 船坐标系中 B 船速度为 -2i+2j
289	【包打听分享】2008大学物理（1）A卷试卷规范模版.pdf	choice	1	重复跳过	与 2005/2006 下落阻力收尾速度题同题；答案页 p1，选 A	3. 速度平方阻力下落收尾速度
290	【包打听分享】2008大学物理（1）A卷试卷规范模版.pdf	choice	1	重复跳过	与 2005 圆周路径位置相关力做功同题；答案页 p1，选 B	4. F=F0(xi+yj) 从 O 到 (0,2R) 做功
291	【包打听分享】2008大学物理（1）A卷试卷规范模版.pdf	choice	2	重复跳过	与 2004/2007 椭圆轨道角动量和动能比较同题；答案页 p1，选 E	5. 卫星近地点远地点角动量相等且远点动能小
292	【包打听分享】2008大学物理（1）A卷试卷规范模版.pdf	choice	2	已写入	气体动理论；答案页 p1，选 D	6. 理想气体速度分量平方平均值 kT/m
293	【包打听分享】2008大学物理（1）A卷试卷规范模版.pdf	choice	2	已写入	机械振动；答案页 p1，选 E	7. 给定简谐方程首次到达 x=-2 cm 且向 +x 运动
294	【包打听分享】2008大学物理（1）A卷试卷规范模版.pdf	choice	2	已写入	机械波；配图 pdf2008-q08-wave-negative.png；答案页 p1，选 C	8. 沿 -x 传播波形图写原点振动方程
295	【包打听分享】2008大学物理（1）A卷试卷规范模版.pdf	choice	2	已写入	光的干涉；答案页 p1，选 B	9. 双缝一缝加玻璃纸额外光程 2.5lambda，原明纹变暗
296	【包打听分享】2008大学物理（1）A卷试卷规范模版.pdf	choice	3	已写入	光的干涉；答案页 p1，选 B	10. 空气中透明薄膜反射加强最小厚度 lambda/(4n)
297	【包打听分享】2008大学物理（1）A卷试卷规范模版.pdf	blank	3	已写入	质点动力学基础；答案页 p1	11. F=(3+2t)i 作用 2 kg 物体从静止到 t=1 s 速度 2 m/s
298	【包打听分享】2008大学物理（1）A卷试卷规范模版.pdf	blank	3	已写入	刚体力学；配图 pdf2008-q12-block-pulley.png；答案页 p1	12. 滑块重物和有转动惯量滑轮求加速度
299	【包打听分享】2008大学物理（1）A卷试卷规范模版.pdf	blank	3	已写入	热力学第一定律；答案页 p1	13. 1 mol 氮气等体由 p1 到 p2 的内能增量
300	【包打听分享】2008大学物理（1）A卷试卷规范模版.pdf	blank	3	已写入	气体动理论；答案页 p1	14. Maxwell 分布中速率从 vp 到无穷的概率积分
301	【包打听分享】2008大学物理（1）A卷试卷规范模版.pdf	blank	3	已写入	热力学第一定律；配图 pdf2008-q15-pt-cycle.png；答案页 p1	15. p-T 图卡诺型循环效率 25%
302	【包打听分享】2008大学物理（1）A卷试卷规范模版.pdf	blank	3	已写入	机械振动；答案页 p1	16. 三个相同振幅同频振动合成为零
303	【包打听分享】2008大学物理（1）A卷试卷规范模版.pdf	blank	3	已写入	机械波；答案页 p1	17. 行波质元总机械能 10 J 时一周期后动能 5 J
304	【包打听分享】2008大学物理（1）A卷试卷规范模版.pdf	blank	3	已写入	光的衍射；答案页 p1	18. 单缝中央明纹宽度随波长由 589 nm 到 442 nm 缩为 3.0 mm
305	【包打听分享】2008大学物理（1）A卷试卷规范模版.pdf	blank	4	已写入	光的衍射；答案页 p1	19. 望远镜分辨两星所需物镜口径 13.9 cm
306	【包打听分享】2008大学物理（1）A卷试卷规范模版.pdf	blank	4	已写入	光的偏振；答案页 p1	20. 完全偏振时折射角 30 度反推玻璃折射率 sqrt(3)
307	【包打听分享】2008大学物理（1）A卷试卷规范模版.pdf	calculation	4	已写入	刚体力学；配图 pdf2008-q21-pendulum-rod.png；答案页 p1	21. 单摆弹性碰撞匀质细杆求 M=3m 和 theta=arccos(1/3)
308	【包打听分享】2008大学物理（1）A卷试卷规范模版.pdf	calculation	4	已写入	热力学第一定律；配图 pdf2008-q22-pv-cycle.png；答案页 p1-p2	22. 等体等压等温 p-V 循环功和热量
309	【包打听分享】2008大学物理（1）A卷试卷规范模版.pdf	calculation	4	已写入	机械波；答案页 p2	23. 固定端反射形成驻波表达式
310	【包打听分享】2008大学物理（1）A卷试卷规范模版.pdf	calculation	4	已写入	光的干涉；答案页 p2	24. 空气劈尖第四明纹随劈尖角改变的位移
311	【包打听分享】2008大学物理（1）A卷试卷规范模版.pdf	calculation	4	已写入	光的衍射；答案页 p2	25. 两波长光栅同角主极大求光栅常数和未知波长
312	【包打听分享】2008级大学物理（I）期末试卷解答（A卷）.pdf	answer	1-2	答案校验使用	不作为新题源单独录入；用于核对 2008 A 卷选择、填空和计算题答案	2008 A 卷答案及评分标准
313	【包打听分享】2009大学物理（1）A卷试卷规范模版.pdf	choice	1	重复/概念跳过	质点运动学；答案页 p1，选 D；已有速度矢量大小定义	1. 矢径端点速度大小为 sqrt((dx/dt)^2+(dy/dt)^2)
314	【包打听分享】2009大学物理（1）A卷试卷规范模版.pdf	choice	1	已写入	三大守恒定律；配图 pdf2009-q02-conical-pendulum.png；答案页 p1，选 C	2. 圆锥摆半周内重力冲量 pi Rmg/v
315	【包打听分享】2009大学物理（1）A卷试卷规范模版.pdf	choice	1	重复跳过	三大守恒定律；与 2004/2008 椭圆轨道远近点角动量和动能比较同模型；答案页 p1，选 C	3. 卫星椭圆轨道近地点和远地点角动量相等、近点动能大
316	【包打听分享】2009大学物理（1）A卷试卷规范模版.pdf	choice	1	已写入	三大守恒定律；答案页 p1，选 B	4. 由 x=5t, y=0.5t^2 用动能定理求 2s 到 4s 外力功 3J
317	【包打听分享】2009大学物理（1）A卷试卷规范模版.pdf	choice	2	已写入	气体动理论；答案页 p1，选 C	5. 标准状态氧气和氦气体积比 1:2 时内能比 5:6
318	【包打听分享】2009大学物理（1）A卷试卷规范模版.pdf	choice	2	重复跳过	机械振动；与 2006 由速度图像读简谐振动初相同类；答案页 p1，选 C	6. 由简谐振动 v-t 图读初相 -5pi/6
319	【包打听分享】2009大学物理（1）A卷试卷规范模版.pdf	choice	2	已写入	机械振动；答案页 p1，选 D	7. 从平衡位置沿 +x 到 A/2 的时间 T/12
320	【包打听分享】2009大学物理（1）A卷试卷规范模版.pdf	choice	2	重复/同类跳过	光的干涉；已有薄膜反射光程差与半波损失同类讲解；答案页 p1，选 C	8. n1<n2>n3 薄膜反射光程差 2n2e-n1lambda1/2
321	【包打听分享】2009大学物理（1）A卷试卷规范模版.pdf	choice	2	重复跳过	光的干涉；与 2007 洛埃镜半波损失使原明纹变暗同题；答案页 p1，选 B	9. 双缝明纹遮一缝并用高折射率反射面后变暗
322	【包打听分享】2009大学物理（1）A卷试卷规范模版.pdf	choice	2	已写入	光的干涉；配图 pdf2009-q10-wedge-defect.png；答案页 p1，选 C	10. 劈尖检测缺陷，条纹贴近左邻条纹时为凹陷且深度 lambda/2
323	【包打听分享】2009大学物理（1）A卷试卷规范模版.pdf	blank	3	已写入	质点动力学基础；配图 pdf2009-q11-spring-stack.png；答案页 p1	11. 撤去支承面瞬间弹簧下端物体加速度 2g
324	【包打听分享】2009大学物理（1）A卷试卷规范模版.pdf	blank	3	已写入	刚体力学；配图 pdf2009-q12-bullet-rod-offset.png；答案页 p1	12. 子弹射入距端点 2l/3 处匀质细杆的初角速度
325	【包打听分享】2009大学物理（1）A卷试卷规范模版.pdf	blank	3	重复跳过	气体动理论；与 2007 由容器密度和方均根速率求压强同题；答案页 p1	13. V=1e-2 m3, M=100g, vrms=200m/s 求压强 1.33e5 Pa
326	【包打听分享】2009大学物理（1）A卷试卷规范模版.pdf	blank	3	重复/概念跳过	气体动理论；已有 Maxwell 分布概率积分含义讲解；答案页 p1	14. 用 integral f(v)dv 表示 v1 到 v2 分子百分比
327	【包打听分享】2009大学物理（1）A卷试卷规范模版.pdf	blank	3	已写入	热力学第一定律；配图 pdf2009-q15-pv-semicircle.png；答案页 p1	15. p-V 半圆循环净吸热小于等压 a 到 b 吸热
328	【包打听分享】2009大学物理（1）A卷试卷规范模版.pdf	blank	3	重复/同类跳过	机械振动；已有同频同向振动合成题；答案页 p1	16. 两同向同频简谐振动合成为 0.05sqrt2 cos(omega t+pi/2)
329	【包打听分享】2009大学物理（1）A卷试卷规范模版.pdf	blank	3	重复/同类跳过	机械波；已有相位差与波长关系练习；答案页 p1	17. T=0.04s, u=300m/s, 两点距差 6m 时相位差 pi
330	【包打听分享】2009大学物理（1）A卷试卷规范模版.pdf	blank	3	重复跳过	机械波；与固定端反射相位突变题同模型互逆；答案页 p1	18. 已知固定端反射波求入射波
331	【包打听分享】2009大学物理（1）A卷试卷规范模版.pdf	blank	3	重复/同类跳过	光的衍射；已有单缝半波带与暗纹条件题；答案页 p1	19. 衍射角 30 度处分成四个半波带时缝宽 4lambda
332	【包打听分享】2009大学物理（1）A卷试卷规范模版.pdf	blank	4	重复/同类跳过	光的偏振；与 2007 两偏振片 45 度马吕斯定律同模型；答案页 p1	20. 已知末光强 I 求入射第二片前强度 2I
333	【包打听分享】2009大学物理（1）A卷试卷规范模版.pdf	calculation	4	已写入	刚体力学；配图 pdf2009-q21-double-pulley.png；答案页 p1	21. 两个有转动惯量定滑轮之间绳张力 11mg/8
334	【包打听分享】2009大学物理（1）A卷试卷规范模版.pdf	calculation	4	已写入	热力学第一定律；配图 pdf2009-q22-tv-cycle.png；答案页 p1	22. 1 mol 单原子理想气体 T-V 循环热量、净功和效率
335	【包打听分享】2009大学物理（1）A卷试卷规范模版.pdf	calculation	4	已写入	机械波；答案页 p2	23. 由原点负最大位移写沿 +x 传播的波函数并求 lambda=4m
336	【包打听分享】2009大学物理（1）A卷试卷规范模版.pdf	calculation	4	重复跳过	光的衍射；与已有光栅第二级主极大和第三级缺级综合题同型；答案页 p2	24. 光栅二级 30 度且第三级缺级求 d、a 和可见级次
337	【包打听分享】2009级大学物理（I）期末试卷解答（A卷）.pdf	answer	1-2	答案校验使用	不作为新题源单独录入；用于核对 2009 A 卷选择、填空和计算题答案	2009 A 卷答案及评分标准
338	【包打听分享】2010大学物理（1）A卷试卷规范模版.pdf	choice	1	已写入	质点运动学；答案页 p1，选 D	1. 变速圆周运动总加速度 sqrt((dv/dt)^2+(v^2/R)^2)
339	【包打听分享】2010大学物理（1）A卷试卷规范模版.pdf	choice	1	已写入	三大守恒定律；答案页 p1，选 C	2. 子弹嵌入木块后共同运动，木块受冲量 9 N s
340	【包打听分享】2010大学物理（1）A卷试卷规范模版.pdf	choice	1	重复跳过	三大守恒定律；与 2005 圆周路径上 F0(xi+yj) 做功同题；答案页 p1，选 B	3. F=F0(xi+yj) 沿圆周从 O 到 (0,2R) 做功 2F0R2
341	【包打听分享】2010大学物理（1）A卷试卷规范模版.pdf	choice	1	重复/同类跳过	气体动理论；已有同温氦气/氮气压强与密度关系同类讲解；答案页 p1，选 C	4. 氦气和氮气质量密度与平均平动动能相同时温度同、氦气压强大
342	【包打听分享】2010大学物理（1）A卷试卷规范模版.pdf	choice	2	重复/概念跳过	气体动理论；已有 Maxwell 分布能量积分含义；答案页 p1，选 D	5. integral 1/2 mv^2 Nf(v)dv 表示速率区间内分子平动能之和
343	【包打听分享】2010大学物理（1）A卷试卷规范模版.pdf	choice	2	已写入	热力学第一定律；见“2010级期末：用绝热线参照判断任意压缩过程吸放热”；答案页 p1，选 B	6. p-V 图中绝热 bca 与任意过程 b1a/b2a 判断吸放热和作功
344	【包打听分享】2010大学物理（1）A卷试卷规范模版.pdf	choice	2	已写入	热力学第二定律；见“2010级期末：面积相等但温区不同的两个卡诺循环”；答案页 p1，选 B	7. 两个等面积卡诺循环比较效率 eta<eta' 且 Q>Q'
345	【包打听分享】2010大学物理（1）A卷试卷规范模版.pdf	choice	2	重复跳过	机械波；与已有横波能量最大位置题同模型；答案页 p1，选 B	8. 横波波形中能量最大质元位于平衡位置 a,c,e,g
346	【包打听分享】2010大学物理（1）A卷试卷规范模版.pdf	choice	2	重复/同类跳过	光的干涉；已有薄膜上下表面反射光相位差例题；答案页 p1，选 C	9. 薄膜反射相位差 4pi n2 e/(n1 lambda1)+pi
347	【包打听分享】2010大学物理（1）A卷试卷规范模版.pdf	choice	2	重复跳过	光的干涉；与 2007 MgF2 增透膜最小厚度同题；答案页 p1，选 B	10. MgF2 增透膜最小厚度 90.6 nm
348	【包打听分享】2010大学物理（1）A卷试卷规范模版.pdf	blank	3	已写入	三大守恒定律；答案页 p1	11. 地球绕太阳圆周运动轨道角动量 m sqrt(GMR)
349	【包打听分享】2010大学物理（1）A卷试卷规范模版.pdf	blank	3	已写入	质点动力学基础；答案页 p1	12. F=F0 cos(omega t) 时 x=x0+F0(1-cos omega t)/(m omega^2)
350	【包打听分享】2010大学物理（1）A卷试卷规范模版.pdf	blank	3	已写入	气体动理论；答案页 p1	13. 标准状态氢气和氦气体积比 3:5 时内能比 1:1
351	【包打听分享】2010大学物理（1）A卷试卷规范模版.pdf	blank	3	已写入	三大守恒定律；答案页 p1	14. 木料与天鹅分离的水平动量守恒，木料末速 5.46 km/h
352	【包打听分享】2010大学物理（1）A卷试卷规范模版.pdf	blank	3	已写入	机械振动；答案页 p1	15. 由 x-t 图写简谐振动 x=4cos(7pi t/12-2pi/3)
353	【包打听分享】2010大学物理（1）A卷试卷规范模版.pdf	blank	3	已写入	机械振动；答案页 p1	16. 两反相同频振动合成为 0.02cos(4pi t+pi/3)
354	【包打听分享】2010大学物理（1）A卷试卷规范模版.pdf	blank	3	已写入	机械波；答案页 p1	17. 驻波 y=Acos2pix cos100pit 中 x=1/8 与 3/8 两点相位差 pi
355	【包打听分享】2010大学物理（1）A卷试卷规范模版.pdf	blank	3	重复/同类跳过	光的干涉；已有双缝条纹间距公式题；答案页 p1	18. 双缝第三明纹左右间距 3 mm
356	【包打听分享】2010大学物理（1）A卷试卷规范模版.pdf	blank	3	重复/同类跳过	光的干涉；已有空气劈尖缺陷判断与厚度题；答案页 p1	19. 空气劈尖缺陷图中 A 点膜厚 3lambda/2
357	【包打听分享】2010大学物理（1）A卷试卷规范模版.pdf	blank	4	已写入	光的偏振；答案页 p1	20. 三偏振片 P1 垂直 P3 且 P2 与 P1 成 30 度时透射光强 3I0/32
358	【包打听分享】2010大学物理（1）A卷试卷规范模版.pdf	calculation	4	已写入	刚体力学；答案页 p1	21. 粗糙桌面细杆与滑块碰撞后受摩擦停转时间
359	【包打听分享】2010大学物理（1）A卷试卷规范模版.pdf	calculation	4	已写入	热力学第一定律；答案页 p2	22. 1 mol 氮气三段过程总功 RT0(1+4ln2) 与内能变化 15RT0/2
360	【包打听分享】2010大学物理（1）A卷试卷规范模版.pdf	calculation	4	重复/同类跳过	机械波；已有由波形图写波函数和质点振动方程多题；答案页 p2	23. t=0 波形图写波函数及 x=100m 处振动和速度
361	【包打听分享】2010大学物理（1）A卷试卷规范模版.pdf	calculation	4	重复/同类跳过	光的衍射；已有光栅中央明纹宽度与主极大数同模型；答案页 p2	24. 每毫米 200 线光栅单缝中央明纹宽度和其中主极大数
362	【包打听分享】2010级大学物理（I）期末试卷解答（A卷）.pdf	answer	1-2	答案校验使用	不作为新题源单独录入；用于核对 2010 A 卷选择、填空和计算题答案	2010 A 卷答案及评分标准
363	【包打听分享】2010级大学物理1期末复习纲要.pdf	review	1	跳过	复习范围与题量说明，无完整独立题干	2010 复习纲要
364	【包打听分享】2011大学物理（1）A卷试卷规范模版 (1).pdf	choice	1	已写入	质点运动学；见“2011级期末：收绳拉船靠岸为什么是变加速运动”；答案页 p1，选 A	1. 定滑轮收绳拉船靠岸，判断船为变加速运动
365	【包打听分享】2011大学物理（1）A卷试卷规范模版 (1).pdf	choice	1	重复跳过	质点动力学基础；已有由 dv/dt=-kv^2t 求速度的同式题；答案页 p1，选 B	2. dv/dt=-kv^2t 积分求 v(t)
366	【包打听分享】2011大学物理（1）A卷试卷规范模版 (1).pdf	choice	1	重复跳过	质点动力学基础；与 2006 斜拉粗糙水平面加速度最大同题；答案页 p1，选 C	3. 粗糙水平面斜拉物体最大加速度时 tan theta=mu
367	【包打听分享】2011大学物理（1）A卷试卷规范模版 (1).pdf	choice	1	重复/概念跳过	气体动理论；已有同温不同气体平均动能和速率概念题；答案页 p1，选 D	4. 同温氢气和氧气的压强、平均动能和速率判断
368	【包打听分享】2011大学物理（1）A卷试卷规范模版 (1).pdf	choice	2	已写入	气体动理论；答案页 p1，选 D	5. 标准状态氧气和氦气体积比 1:3 时内能比 5/9
369	【包打听分享】2011大学物理（1）A卷试卷规范模版 (1).pdf	choice	2	已写入	机械振动；见“2011级期末：从半振幅到最大位移的最短时间”；答案页 p1，选 C	6. 简谐振动从 A/2 到 A 的最短时间 T/6
370	【包打听分享】2011大学物理（1）A卷试卷规范模版 (1).pdf	choice	2	重复跳过	机械振动；已有振子位移与能量比例题；答案页 p1，选 B	7. 位移为 A/2 时动能占总能量 3/4
371	【包打听分享】2011大学物理（1）A卷试卷规范模版 (1).pdf	choice	2	已写入	光的干涉；答案页 p1，选 A	8. n1>n2>n3 薄膜上下表面反射光相位差 4pi n2 e/lambda
372	【包打听分享】2011大学物理（1）A卷试卷规范模版 (1).pdf	choice	2	已写入	光的干涉；用 TikZ 复原图；答案页 p1，选 C	9. 浸入 n=1.60 液体的牛顿环中心暗斑，顶点到玻璃最小距离 78.1 nm
373	【包打听分享】2011大学物理（1）A卷试卷规范模版 (1).pdf	choice	2	重复跳过	光的偏振；正文已有“在布儒斯特角入射到平板玻璃时第二界面的反射光是什么光”；答案页 p1，选 B	10. 自然光以布儒斯特角入射玻璃板界面 2 反射光偏振判断
374	【包打听分享】2011大学物理（1）A卷试卷规范模版 (1).pdf	blank	2	已写入	三大守恒定律；答案页 p1	11. 子弹穿过接触木块 A、B 后木块 B 速度 4FΔt/(3m)
375	【包打听分享】2011大学物理（1）A卷试卷规范模版 (1).pdf	blank	3	重复跳过	三大守恒定律；与 2007 沿 x 轴变力做功同题；答案页 p1	12. F=(4+5x)i 从 x=0 到 10 m 做功 290 J
376	【包打听分享】2011大学物理（1）A卷试卷规范模版 (1).pdf	blank	3	重复/同类跳过	刚体力学；已有子弹射入绕端点转动细杆题；答案页 p1	13. 子弹射入细杆下端求初角速度约 0.4 rad/s
377	【包打听分享】2011大学物理（1）A卷试卷规范模版 (1).pdf	blank	3	重复跳过	气体动理论；已有同温氢气/氧气最概然速率关系题；答案页 p1	14. 氢气最概然速率 2000 m/s 时氧气最概然速率 500 m/s
378	【包打听分享】2011大学物理（1）A卷试卷规范模版 (1).pdf	blank	3	已写入	气体动理论；答案页 p1	15. 由 T,p,rho 用压强微观公式求方均根速率 495 m/s
379	【包打听分享】2011大学物理（1）A卷试卷规范模版 (1).pdf	blank	3	已写入	热力学第一定律；见“2011级期末：用等温线和绝热线判断温度降低与吸热路径”；答案页 p1	16. p-V 图中温度降低为 AM、吸热为 CM
380	【包打听分享】2011大学物理（1）A卷试卷规范模版 (1).pdf	blank	3	重复跳过	机械振动；已有三个同频同振幅振动合成题；答案页 p1	17. 三个同频振动合成为 0
381	【包打听分享】2011大学物理（1）A卷试卷规范模版 (1).pdf	blank	3	重复跳过	机械波；已有固定端反射求入射波同模型；答案页 p1	18. 已知固定端反射波求入射波表达式
382	【包打听分享】2011大学物理（1）A卷试卷规范模版 (1).pdf	blank	3	已写入	光的干涉；用 TikZ 复原图；答案页 p1	19. 双缝装置浸入透明液体后 P 点由三级明纹变四级明纹，n=1.33
383	【包打听分享】2011大学物理（1）A卷试卷规范模版 (1).pdf	blank	3	重复跳过	光的衍射；已有单缝中央明纹宽度随波长缩放题；答案页 p1	20. 中央明纹宽度由 500 nm 到 400 nm 变为 4 mm
384	【包打听分享】2011大学物理（1）A卷试卷规范模版 (1).pdf	calculation	4	重复跳过	刚体力学；与 2006 大小圆盘组合轮两侧挂重物同题；答案页 p1	21. 大小同轴圆盘两侧挂重物求角加速度 2g/(19r)
385	【包打听分享】2011大学物理（1）A卷试卷规范模版 (1).pdf	calculation	4	重复跳过	热力学第一定律；与 2003 水蒸气 abcda 循环同题；答案页 p2	22. 水蒸气 abcda 循环求 A_da、ΔU_ab、Q_bc 和净功
386	【包打听分享】2011大学物理（1）A卷试卷规范模版 (1).pdf	calculation	4	已写入	机械波；用 TikZ 复原图；答案页 p2	23. t=0 波形图写 P 点振动和波函数
387	【包打听分享】2011大学物理（1）A卷试卷规范模版 (1).pdf	calculation	4	重复跳过	光的衍射；已有钠光光栅第三级 60 度与另一光第二级 30 度同题；答案页 p2	24. 光栅由钠光和另一波长求 510.3 nm 及白光二级张角
388	【包打听分享】2011级大学物理（I）期末试卷解答（A卷）.pdf	answer	1-2	答案校验使用	不作为新题源单独录入；用于核对 2011 A 卷选择、填空和计算题答案	2011 A 卷答案及评分标准
389	【包打听分享】2012级大学物理（1）A卷试卷规范模版（3学分）.pdf	choice	1	重复/概念跳过	质点运动学；答案页 p1，选 D；已有速度、速率、切向加速度概念讲解	1. 曲线运动中位矢、速度、路程和切向加速度的微分关系判断
390	【包打听分享】2012级大学物理（1）A卷试卷规范模版（3学分）.pdf	choice	1	已写入	质点动力学基础；答案页 p1，选 B	2. 光滑半球碗以角速度转动，小球相对碗静止且高出底部 4 cm，求 omega≈13 rad/s
391	【包打听分享】2012级大学物理（1）A卷试卷规范模版（3学分）.pdf	choice	1	重复/概念跳过	气体动理论；答案页 p1，选 C；已有 p=(1/3)rho<v^2> 及方均根速率题	3. 同种气体同分子数密度，方均根速率比 1:2:4 时压强比 1:4:16
392	【包打听分享】2012级大学物理（1）A卷试卷规范模版（3学分）.pdf	choice	1	重复跳过	气体动理论；正文已有“水蒸气分解为同温氢气和氧气时内能增加多少”；答案页 p1，选 A	4. 水蒸气分解成同温氢气和氧气时内能增加 25%
393	【包打听分享】2012级大学物理（1）A卷试卷规范模版（3学分）.pdf	choice	1	已写入	气体动理论；答案页 p1，选 D	5. 定容封闭容器中理想气体平均速率加倍，温度和压强均变为 4 倍
394	【包打听分享】2012级大学物理（1）A卷试卷规范模版（3学分）.pdf	choice	2	重复跳过	气体动理论；已有同温 H2/O2 麦克斯韦速率分布和最概然速率同类题；答案页 p1，选 A	6. 同温氢气和氧气速率分布曲线及最概然速率比判断
395	【包打听分享】2012级大学物理（1）A卷试卷规范模版（3学分）.pdf	choice	2	重复跳过	机械振动；已有简谐振动由相位求最短时间同类题；答案页 p1，选 C	7. 从平衡位置沿正向运动到 A/2 且速度沿负向的最短时间 5T/12
396	【包打听分享】2012级大学物理（1）A卷试卷规范模版（3学分）.pdf	choice	2	重复/同类跳过	机械波；已有波形图判断能量、动能变化和传播方向题；答案页 p1，选 B	8. 由某时刻波形判断 A 点动能增大时传播方向和 B 点动能变化
397	【包打听分享】2012级大学物理（1）A卷试卷规范模版（3学分）.pdf	choice	2	重复/同类跳过	光的干涉；已有薄膜反射最小厚度和牛顿环暗斑同类题；答案页 p1，选 A	9. 空气中垂直入射到 n 薄膜，反射光沙尘暗的最小厚度 lambda/(4n)
398	【包打听分享】2012级大学物理（1）A卷试卷规范模版（3学分）.pdf	choice	2	重复/同类跳过	光的干涉；已有空气劈尖缺陷判断与深度题；答案页 p1，选 B	10. 空气劈尖条纹弯曲判断不平处为凸起且最大高度 250 nm
399	【包打听分享】2012级大学物理（1）A卷试卷规范模版（3学分）.pdf	blank	3	重复/同类跳过	质点动力学基础；已有变力沿 x 轴做功积分题；答案页 p1	11. F=(5+5x)i 从 x=0 到 10 m 做功 300 J
400	【包打听分享】2012级大学物理（1）A卷试卷规范模版（3学分）.pdf	blank	3	已写入	功能原理；答案页 p1	12. 恒力推粗糙桌面上弹簧物块，最远位置弹性势能 2(F-mu mg)^2/k
401	【包打听分享】2012级大学物理（1）A卷试卷规范模版（3学分）.pdf	blank	3	重复/同类跳过	刚体力学；已有滑轮转动惯量与绳约束加速度题；答案页 p1	13. 质量均为 m 的滑块、重物和转动滑轮系统，滑块 A 加速度 4 m/s^2
402	【包打听分享】2012级大学物理（1）A卷试卷规范模版（3学分）.pdf	blank	3	重复跳过	热力学第一定律；正文已有同题“2008级期末：由 \(p\)-\(T\) 图判断卡诺循环效率”；答案页 p1	14. p-T 循环中两段绝热过程，循环效率 25%
403	【包打听分享】2012级大学物理（1）A卷试卷规范模版（3学分）.pdf	blank	3	重复跳过	机械振动；已有同频简谐振动合成题；答案页 p1	15. 6 cm 与 8 cm 两振动相位差 pi/2，合振幅 0.1 m
404	【包打听分享】2012级大学物理（1）A卷试卷规范模版（3学分）.pdf	blank	3	重复跳过	机械波；已有同相波源到 P 点波程差导致合振幅为零同类题；答案页 p1	16. 两同相相干波源到 P 点距离 3lambda 和 4.5lambda，合振幅 0
405	【包打听分享】2012级大学物理（1）A卷试卷规范模版（3学分）.pdf	blank	3	重复跳过	机械波；已有固定端反射求反射波表达式同模型；答案页 p1	17. 入射波 y=Acos(omega t+2pi x/lambda) 在 x=0 固定端反射后的表达式
406	【包打听分享】2012级大学物理（1）A卷试卷规范模版（3学分）.pdf	blank	3-4	重复/同类跳过	光的干涉；已有双缝浸入液体级次变化求折射率同模型；答案页 p1	18. 双缝中 P 在空气中为第二级明纹，浸入液体后为第三级明纹，delta=2lambda，n=1.5
407	【包打听分享】2012级大学物理（1）A卷试卷规范模版（3学分）.pdf	blank	4	已写入	光的衍射；答案页 p1	19. 单缝 a=0.15 mm、f=400 mm，两侧第三级暗纹距 8 mm，求 lambda=500 nm
408	【包打听分享】2012级大学物理（1）A卷试卷规范模版（3学分）.pdf	blank	4	重复跳过	光的偏振；已有多偏振片马吕斯定律题；答案页 p1	20. 自然光依次通过三偏振片，两相邻偏振方向成 45 度，透射光强 I0/8
409	【包打听分享】2012级大学物理（1）A卷试卷规范模版（3学分）.pdf	calculation	4	重复/同类跳过	刚体力学；已有子弹击入绕端点转动杆和阻力矩停转同类题；答案页 p1	21. 子弹击入细杆端点，求初角速度 80 rad/s 和受恒阻力矩转过角度 10 rad
410	【包打听分享】2012级大学物理（1）A卷试卷规范模版（3学分）.pdf	calculation	4	重复/同类跳过	热力学第一定律；已有等容、等压、等温组成循环净功题；答案页 p2	22. 理想气体 a-b 等容、b-c 等压、c-a 等温循环净功 (3/4-ln4)p1V1=-0.636p1V1
411	【包打听分享】2012级大学物理（1）A卷试卷规范模版（3学分）.pdf	calculation	4	重复/同类跳过	机械波；已有由 t=0 波形图写波函数与指定点振动方程题；答案页 p2	23. 由波形图求 lambda=0.40 m、T=5 s、O 点和 P 点振动方程及波函数
412	【包打听分享】2012级大学物理（1）A卷试卷规范模版（3学分）.pdf	calculation	4	重复/同类跳过	光的衍射；已有光栅常数、缺级和可见主极大题；答案页 p2	24. 光栅第二级 30 度且第三级缺级，求 d=2400 nm、a_min=800 nm、可见级次 0,±1,±2
413	【包打听分享】2012级大学物理（1）A卷试卷规范模版（4学分）.pdf	choice	1	重复/概念跳过	质点运动学；同 3 学分 Q1；答案页 p1，选 D	1. 曲线运动中位矢、速度、路程和切向加速度的微分关系判断
414	【包打听分享】2012级大学物理（1）A卷试卷规范模版（4学分）.pdf	choice	1	已写入	质点动力学基础；同 3 学分 Q2 共用；答案页 p1，选 B	2. 光滑半球碗以角速度转动，小球相对碗静止且高出底部 4 cm，求 omega≈13 rad/s
415	【包打听分享】2012级大学物理（1）A卷试卷规范模版（4学分）.pdf	choice	1	重复/概念跳过	气体动理论；同 3 学分 Q3；答案页 p1，选 C	3. 同种气体同分子数密度，方均根速率比 1:2:4 时压强比 1:4:16
416	【包打听分享】2012级大学物理（1）A卷试卷规范模版（4学分）.pdf	choice	1	重复跳过	气体动理论；同 3 学分 Q4，正文已有“水蒸气分解为同温氢气和氧气时内能增加多少”；答案页 p1，选 A	4. 水蒸气分解成同温氢气和氧气时内能增加 25%
417	【包打听分享】2012级大学物理（1）A卷试卷规范模版（4学分）.pdf	choice	1	已写入	热力学第二定律；答案页 p1，选 D	5. 4 mol 理想气体 400 K 等温膨胀 V 到 4V，熵变约 46 J/K
418	【包打听分享】2012级大学物理（1）A卷试卷规范模版（4学分）.pdf	choice	2	重复跳过	气体动理论；同 3 学分 Q6；答案页 p1，选 A	6. 同温氢气和氧气速率分布曲线及最概然速率比判断
419	【包打听分享】2012级大学物理（1）A卷试卷规范模版（4学分）.pdf	choice	2	重复跳过	机械振动；同 3 学分 Q7；答案页 p1，选 C	7. 从平衡位置沿正向运动到 A/2 且速度沿负向的最短时间 5T/12
420	【包打听分享】2012级大学物理（1）A卷试卷规范模版（4学分）.pdf	choice	2	已写入	机械波；答案页 p1，选 B	8. 火车汽笛 750 Hz，以 90 km/h 远离静止观察者，接收频率约 699 Hz
421	【包打听分享】2012级大学物理（1）A卷试卷规范模版（4学分）.pdf	choice	2	重复/同类跳过	光的干涉；同 3 学分 Q9；答案页 p1，选 A	9. 空气中垂直入射到 n 薄膜，反射光沙尘暗的最小厚度 lambda/(4n)
422	【包打听分享】2012级大学物理（1）A卷试卷规范模版（4学分）.pdf	choice	2	重复/同类跳过	光的干涉；同 3 学分 Q10；答案页 p1，选 B	10. 空气劈尖条纹弯曲判断不平处为凸起且最大高度 250 nm
423	【包打听分享】2012级大学物理（1）A卷试卷规范模版（4学分）.pdf	blank	3	重复/同类跳过	质点动力学基础；同 3 学分 Q11；答案页 p1	11. F=(5+5x)i 从 x=0 到 10 m 做功 300 J
424	【包打听分享】2012级大学物理（1）A卷试卷规范模版（4学分）.pdf	blank	3	已写入	功能原理；同 3 学分 Q12 共用；答案页 p1	12. 恒力推粗糙桌面上弹簧物块，最远位置弹性势能 2(F-mu mg)^2/k
425	【包打听分享】2012级大学物理（1）A卷试卷规范模版（4学分）.pdf	blank	3	重复/同类跳过	刚体力学；同 3 学分 Q13；答案页 p1	13. 质量均为 m 的滑块、重物和转动滑轮系统，滑块 A 加速度 4 m/s^2
426	【包打听分享】2012级大学物理（1）A卷试卷规范模版（4学分）.pdf	blank	3	重复跳过	热力学第一定律；同 3 学分 Q14，正文已有“2008级期末：由 \(p\)-\(T\) 图判断卡诺循环效率”；答案页 p1	14. p-T 循环中两段绝热过程，循环效率 25%
427	【包打听分享】2012级大学物理（1）A卷试卷规范模版（4学分）.pdf	blank	3	重复跳过	机械振动；同 3 学分 Q15；答案页 p1	15. 6 cm 与 8 cm 两振动相位差 pi/2，合振幅 0.1 m
428	【包打听分享】2012级大学物理（1）A卷试卷规范模版（4学分）.pdf	blank	3	重复跳过	机械波；同 3 学分 Q16；答案页 p1	16. 两同相相干波源到 P 点距离 3lambda 和 4.5lambda，合振幅 0
429	【包打听分享】2012级大学物理（1）A卷试卷规范模版（4学分）.pdf	blank	3	重复跳过	机械波；同 3 学分 Q17；答案页 p1	17. 入射波 y=Acos(omega t+2pi x/lambda) 在 x=0 固定端反射后的表达式
430	【包打听分享】2012级大学物理（1）A卷试卷规范模版（4学分）.pdf	blank	3-4	重复/同类跳过	光的干涉；同 3 学分 Q18；答案页 p1	18. 双缝中 P 在空气中为第二级明纹，浸入液体后为第三级明纹，delta=2lambda，n=1.5
431	【包打听分享】2012级大学物理（1）A卷试卷规范模版（4学分）.pdf	blank	4	已写入	光的衍射；同 3 学分 Q19 共用；答案页 p1	19. 单缝 a=0.15 mm、f=400 mm，两侧第三级暗纹距 8 mm，求 lambda=500 nm
432	【包打听分享】2012级大学物理（1）A卷试卷规范模版（4学分）.pdf	blank	4	重复跳过	光的偏振；同 3 学分 Q20；答案页 p1	20. 自然光依次通过三偏振片，两相邻偏振方向成 45 度，透射光强 I0/8
433	【包打听分享】2012级大学物理（1）A卷试卷规范模版（4学分）.pdf	calculation	4	重复/同类跳过	刚体力学；同 3 学分 Q21；答案页 p1	21. 子弹击入细杆端点，求初角速度 80 rad/s 和受恒阻力矩转过角度 10 rad
434	【包打听分享】2012级大学物理（1）A卷试卷规范模版（4学分）.pdf	calculation	4	重复/同类跳过	热力学第一定律；同 3 学分 Q22；答案页 p2	22. 理想气体 a-b 等容、b-c 等压、c-a 等温循环净功 (3/4-ln4)p1V1=-0.636p1V1
435	【包打听分享】2012级大学物理（1）A卷试卷规范模版（4学分）.pdf	calculation	4	重复/同类跳过	机械波；同 3 学分 Q23；答案页 p2	23. 由波形图求 lambda=0.40 m、T=5 s、O 点和 P 点振动方程及波函数
436	【包打听分享】2012级大学物理（1）A卷试卷规范模版（4学分）.pdf	calculation	4	重复/同类跳过	光的衍射；同 3 学分 Q24；答案页 p2	24. 光栅第二级 30 度且第三级缺级，求 d=2400 nm、a_min=800 nm、可见级次 0,±1,±2
437	【包打听分享】2012级大学物理（I）期末试卷解答（A卷）.pdf	answer	1-2	答案校验使用	不作为新题源单独录入；用于核对 2012 A 卷选择、填空和计算题答案	2012 A 卷答案及评分标准；选择题答案 D,B,C,A,D,A,C,B,A,B
438	【包打听分享】2013级大学物理（1）A卷试卷规范模版（3学分）.pdf	blank	1	已写入	三大守恒定律；答案页 p1，选 C	1. 方向不变变力 \(F=3+4t\) 前 2 s 冲量 14 N·s
439	【包打听分享】2013级大学物理（1）A卷试卷规范模版（3学分）.pdf	blank	1	已写入	三大守恒定律；答案页 p1，选 A，配图已复原	2. 等质量滑块沿可动 \(1/4\) 圆槽滑下后离槽速度 \(\sqrt{gR}\)
440	【包打听分享】2013级大学物理（1）A卷试卷规范模版（3学分）.pdf	blank	1	已写入	机械振动；见“2013级期末：由振动曲线选择简谐振动方程”；答案页 p1，选 C	3. 由 \(x-t\) 图写简谐振动方程
441	【包打听分享】2013级大学物理（1）A卷试卷规范模版（3学分）.pdf	blank	2	重复/同类跳过	机械波；答案页 p2，选 B；已有波能量位置判断题	4. 波形图判断质元动能/势能变化
442	【包打听分享】2013级大学物理（1）A卷试卷规范模版（3学分）.pdf	blank	2	重复/同类跳过	光的干涉；答案页 p2，选 B；与双缝附加光程同题	5. 双缝一缝加玻璃纸，附加光程 \(2.5\lambda\)
443	【包打听分享】2013级大学物理（1）A卷试卷规范模版（3学分）.pdf	blank	2	重复/同类跳过	光的干涉；答案页 p2，选 C；与劈尖缺陷同题	6. 劈尖条纹弯曲判断凹陷，深度 \(\lambda/2\)
444	【包打听分享】2013级大学物理（1）A卷试卷规范模版（3学分）.pdf	blank	2	重复/同类跳过	光的衍射；答案页 p2，选 D；与半波带题同模型	7. 单缝 \(30^\circ\) 方向分成 3 个半波带求缝宽
445	【包打听分享】2013级大学物理（1）A卷试卷规范模版（3学分）.pdf	blank	2	重复/同类跳过	气体动理论；答案页 p2，选 A；与 Maxwell 能量积分题重复	8. \(\int_{v_1}^{v_2}\frac12mv^2Nf(v)\,dv\) 的物理意义
446	【包打听分享】2013级大学物理（1）A卷试卷规范模版（3学分）.pdf	blank	2	重复/同类跳过	气体动理论；答案页 p2，选 A；与 2008 同题	9. 理想气体 \(\overline{v_x^2}=kT/m\)
447	【包打听分享】2013级大学物理（1）A卷试卷规范模版（3学分）.pdf	choice	3	已写入	热力学第二定律；答案页 p3，选 D	10. 两个卡诺循环效率相等但外圈净功更大
448	【包打听分享】2013级大学物理（1）A卷试卷规范模版（3学分）.pdf	blank	3	重复/同类跳过	质点运动学；答案页 p3	11. 圆周运动 \(\theta=3+2t^2\)，求 \(a_\tau,a_n,\beta\)
449	【包打听分享】2013级大学物理（1）A卷试卷规范模版（3学分）.pdf	blank	3	重复/同类跳过	质点动力学基础；答案页 p3	12. \(m=0.25kg,\ F=t\mathbf i,\ v_0=2\mathbf j\)，求 \(\mathbf r(t)\)
450	【包打听分享】2013级大学物理（1）A卷试卷规范模版（3学分）.pdf	blank	3	重复/同类跳过	三大守恒定律；答案页 p3	13. \(x=t^3\) 前 2 s 力做功 36 J
451	【包打听分享】2013级大学物理（1）A卷试卷规范模版（3学分）.pdf	blank	3	已写入	刚体力学；见“2013级期末：子弹穿过杆端后细杆角速度”；答案页 p3	14. 子弹穿过细杆，末速减半时杆角速度 \(3v/(2L)\)
452	【包打听分享】2013级大学物理（1）A卷试卷规范模版（3学分）.pdf	blank	3	重复跳过	机械振动；答案页 p3	15. 两同频同向简谐振动合振幅 \(5\times10^{-2}m\)
453	【包打听分享】2013级大学物理（1）A卷试卷规范模版（3学分）.pdf	blank	3	重复跳过	机械波；答案页 p3	16. \(x_0=3\lambda/8\) 固定端反射波方程
454	【包打听分享】2013级大学物理（1）A卷试卷规范模版（3学分）.pdf	blank	3	重复/同类跳过	光的干涉；答案页 p3	17. \(n=1.33,\lambda=600nm\) 薄膜最小厚度 \(112.8nm\)
455	【包打听分享】2013级大学物理（1）A卷试卷规范模版（3学分）.pdf	blank	3	重复/同类跳过	光的偏振；答案页 p3	18. \(30^\circ\) 完全偏振，玻璃折射率 \(\sqrt3\)
456	【包打听分享】2013级大学物理（1）A卷试卷规范模版（3学分）.pdf	blank	4	已写入	气体动理论；答案页 p4，选 B	19. 由质量体积压强求最概然速率 \(200\,m/s\)
457	【包打听分享】2013级大学物理（1）A卷试卷规范模版（3学分）.pdf	blank	4	已写入	气体动理论；答案页 p4，选 A	20. 同压氦气和氧气单位体积内能，He \(<\) O\(_2\)
458	【包打听分享】2013级大学物理（1）A卷试卷规范模版（3学分）.pdf	calculation	4	重复/同类跳过	刚体力学；答案页 p4	21. 两大小不同定滑轮系统的张力和角加速度
459	【包打听分享】2013级大学物理（1）A卷试卷规范模版（3学分）.pdf	calculation	4	已写入	热力学第一定律；见“2013级期末：氧气从 300K 加热到 400K 的等压与等体比较”；答案页 p4	22. 300K 加热到 400K，等压/等体热量和功
460	【包打听分享】2013级大学物理（1）A卷试卷规范模版（3学分）.pdf	calculation	4	重复/同类跳过	机械波；答案页 p4	23. 负 \(x\) 传播波，求 \(\omega\)、\(O\) 振动和波函数
461	【包打听分享】2013级大学物理（1）A卷试卷规范模版（3学分）.pdf	calculation	4	重复/同类跳过	光的衍射；答案页 p4	24. 两波长第二次重合于 \(60^\circ\) 的光栅常数
462	【包打听分享】2013级大学物理（I）期末试卷解答（A卷）.pdf	answer	1-2	答案校验使用	不作为新题源单独录入；用于核对 2013 A 卷选择、填空和计算题答案	2013 A 卷答案及评分标准；选择题答案 C,A,C,B,B,C,D,A,A,D
463	【包打听分享】2014级大物试卷.pdf	choice	1	重复/同类跳过	质点动力学/功能关系；答案页 p2，选 C；已有变力做功同类题	1. 沿 \(x\) 轴运动质点受随时间变化的力，求指定时间内做功
464	【包打听分享】2014级大物试卷.pdf	choice	1	重复/同类跳过	动量守恒；答案页 p2，选 D；已有人在船上走动/船人系统题	2. 人与船组成系统，忽略水阻后用水平动量或质心守恒判断速度/位移
465	【包打听分享】2014级大物试卷.pdf	choice	1	已写入	功能关系；见“2014级期末：由半球碗底支持力反推摩擦力做功”；答案页 p2，选 C，图用 TikZ 复原	3. 小球从半球形容器边缘滑到底部，已知底部支持力 \(N\)，求摩擦力做功
466	【包打听分享】2014级大物试卷.pdf	choice	1	已写入	气体动理论；见“2014级期末：同种气体方均根速率比怎样决定压强比”；答案页 p2，选 A	4. 同种理想气体分子数密度相同，方均根速率比 \(1:2:4\)，求压强比
467	【包打听分享】2014级大物试卷.pdf	choice	1	重复/同类跳过	热力学第二定律/卡诺循环；答案页 p2，选 B；与 2013 级两个卡诺循环效率和净功比较同类	5. 同一对热源间两个卡诺循环，比较效率和循环净功
468	【包打听分享】2014级大物试卷.pdf	choice	1	重复/同类跳过	机械振动；答案页 p2，选 B；已有由振动图像判断周期/方程题	6. 由简谐振动 \(x-t\) 图像判断周期或相关时间量
469	【包打听分享】2014级大物试卷.pdf	choice	1	重复/同类跳过	机械振动能量；答案页 p2，选 A；已有位移为振幅四分之一时动能占比题	7. 简谐振动物体位移为振幅分数时，求动能与总能量比例
470	【包打听分享】2014级大物试卷.pdf	choice	1	重复/同类跳过	机械波干涉；答案页 p2，选 D；已有两相干波源波程差与相位差题	8. 两相干波源到 \(P\) 点的路程差与初相差共同决定合振动
471	【包打听分享】2014级大物试卷.pdf	choice	1	已写入	光的干涉；本轮人工核对高分辨渲染页，见“2014级期末：滚柱间距变小时劈尖条纹数和间距怎样变”；答案页 p2，选 B	9. 空气劈尖中滚柱距离 \(L\) 变小时，条纹数不变、间距变小
472	【包打听分享】2014级大物试卷.pdf	choice	1	重复/同类跳过	衍射与分辨本领；答案页 p2，选 D；已有望远镜瑞利判据口径题	10. 已知波长和距离，按瑞利判据估算望远镜物镜孔径/最小分辨角
473	【包打听分享】2014级大物试卷.pdf	blank	1	重复/同类跳过	质点运动学；答案页 p2	11. 抛体或曲线运动最高点曲率半径/加速度相关量，答案 6
474	【包打听分享】2014级大物试卷.pdf	blank	1	重复/同类跳过	三大守恒定律/冲量；答案页 p2	12. 平面运动或变力冲量分量计算，答案 \((140,240)\)
475	【包打听分享】2014级大物试卷.pdf	blank	1	已写入	气体动理论；本轮人工核对高分辨渲染页，见“2014级期末：由方均根速率求容器中气体压强”；答案页 p2	13. \(10^{-2}m^3\) 容器中 \(100g\) 气体，\(v_{\rm rms}=300m/s\)，压强 \(3\times10^5Pa\)
476	【包打听分享】2014级大物试卷.pdf	blank	1	重复/同类跳过	气体动理论；答案页 p2；已有 Maxwell 分布积分意义题	14. 用 \(Nf(v)\) 对速率区间积分表示对应分子数
477	【包打听分享】2014级大物试卷.pdf	blank	1	重复/同类跳过	机械振动；答案页 p2	15. 由振幅、周期和初始状态写简谐振动方程 \(y=0.04\cos(\pi t-\pi/2)\)
478	【包打听分享】2014级大物试卷.pdf	blank	1	重复/同类跳过	机械波；答案页 p2	16. 由波程差或相位关系求相位差，答案 \(\pi\)
479	【包打听分享】2014级大物试卷.pdf	blank	1	重复/同类跳过	光的干涉；答案页 p2	17. 薄片插入干涉光路后条纹移动方向与附加光程差，答案“上”、\((n-1)e\)
480	【包打听分享】2014级大物试卷.pdf	blank	1	重复/同类跳过	光的干涉；答案页 p2	18. 双缝干涉条纹间距或条纹数计算，答案 100
481	【包打听分享】2014级大物试卷.pdf	blank	1	重复/同类跳过	薄膜干涉/牛顿环；答案页 p2；已有牛顿环换介质同类题	19. 牛顿环装置改变介质后由条纹变化求波长或折射率，答案 500
482	【包打听分享】2014级大物试卷.pdf	blank	1	重复/同类跳过	光的偏振；答案页 p2；已有布儒斯特角题	20. 由反射完全偏振和折射角关系求角度，答案 \(\pi/6\)
483	【包打听分享】2014级大物试卷.pdf	calculation	1	已写入	刚体力学；见“2014级期末：两小球同时粘到细杆两端后的停转时间”；答案页 p3	21. 两个等质小球同时粘到匀质细杆两端，求 \(\omega_0=6v/(7L)\) 和恒阻力矩下停转时间 \(2mvL/M\)
484	【包打听分享】2014级大物试卷.pdf	calculation	1	重复/同类跳过	机械波；答案页 p3；已有由波速、周期和相位关系写波函数题	22. 已知 \(u=\SI{2}{m/s}\)、\(T=\SI{2}{s}\)、\(P\) 点振动，求 \(O\) 点振动方程和波函数
485	【包打听分享】2014级大物试卷.pdf	calculation	1	已写入	光的衍射；见“2014级期末：由相邻主极大和缺级反推光栅参数”；答案页 p3	23. \(\lambda=\SI{600}{nm}\) 光栅相邻主极大在 \(\sin\theta=0.20,0.30\)，第四级缺级，求 \(d,a_{\min}\) 和 15 条明纹
486	【包打听分享】2014级大物试卷.pdf	calculation	1	已写入	热力学第一定律；见“2014级期末：刚性双原子气体三角形循环的温度、功和热量”；答案页 p2	24. 刚性双原子理想气体 \(abca\) 循环，求 \(T_b,T_c,A_{ab},Q_{bc},Q_{ca}\)
487	【包打听分享】2014级大物试卷.pdf	answer	2-3	答案校验使用	同一 PDF 后两页为答案及评分标准；不作为新题源单独录入	2014 A 卷答案及评分标准；选择题答案 C,D,C,A,B,B,A,D,B,D
488	【包打听分享】2015-2016大学物理期末试卷.pdf	choice	1	重复/同类跳过	2015-2016 第二学期；质点运动学；无随卷答案页	1. 由 \(\vec r=at^2\vec i+bt^3\vec j\) 判断质点作一般曲线运动
489	【包打听分享】2015-2016大学物理期末试卷.pdf	choice	1	重复/同类跳过	2015-2016 第二学期；功能关系；同类已多次出现	2. \(m=0.5kg,\ x=5t,\ y=0.5t^2\)，由 \(t=2s\) 到 \(4s\) 外力做功 \(\SI{3}{J}\)
490	【包打听分享】2015-2016大学物理期末试卷.pdf	choice	1	重复跳过	2015-2016 第二学期；功能关系；已写入 2014 半球碗底支持力题	3. 半球容器中小球从边缘滑到底部，已知底部支持力 \(N\)，求摩擦力做功
491	【包打听分享】2015-2016大学物理期末试卷.pdf	choice	1	重复跳过	2015-2016 第二学期；气体动理论；已写入 2014 方均根速率压强比	4. 同种气体数密度相同，\(v_{\rm rms}\) 比 \(1:2:4\)，求压强比 \(1:4:16\)
492	【包打听分享】2015-2016大学物理期末试卷.pdf	choice	1	重复/同类跳过	2015-2016 第二学期；热力学第二定律；已有绝热自由膨胀熵增例题	5. 绝热容器半边真空半边理想气体，抽隔板后温度不变、熵增加
493	【包打听分享】2015-2016大学物理期末试卷.pdf	choice	1	已写入	2015-2016 第二学期；热力学第一定律；本轮人工核对 page-1 图示，见“2015-2016期末：已知一路吸热时怎样求闭合路径吸热”	6. \(p\)-\(V\) 图中已知 \(acb\) 过程吸热 \(\SI{500}{J}\)，闭合 \(acbda\) 过程吸热 \(-\SI{700}{J}\)
494	【包打听分享】2015-2016大学物理期末试卷.pdf	choice	1	已写入并复核	机械波；见“2015-2016期末：两列相向火车中的汽笛频率”；本轮人工核对 page-1 题面与选项 A，独立验算 \(600(340+18)/(340-18)\approx667Hz\)	7. 两列车均 \(64.8km/h\) 相向，\(\nu=\SI{600}{Hz}\)，听到 \(\SI{667}{Hz}\)
495	【包打听分享】2015-2016大学物理期末试卷.pdf	choice	1	重复跳过	机械波；与 2005 两相干波源初相差题同题	8. \(S_1S_2=\lambda/4\)，\(S_1\) 相位超前 \(\pi/2\)，求 \(S_1\) 外侧相位差
496	【包打听分享】2015-2016大学物理期末试卷.pdf	choice	1	重复/同类跳过	光的干涉；已有 MgF2 增透膜最小厚度和薄膜反射题	9. 玻璃表面 MgF2 薄膜使 \(\lambda=\SI{500}{nm}\) 反射尽可能小，求膜厚
497	【包打听分享】2015-2016大学物理期末试卷.pdf	choice	2	重复/同类跳过	光的衍射；已有光栅缺级和可见级次数题	10. \(d=6\lambda,\ a=1.5\lambda\) 的光栅可见明纹数，缺 \(k=\pm4\)
498	【包打听分享】2015-2016大学物理期末试卷.pdf	blank	2	重复/同类跳过	质点运动学；已有抛体最高点曲率半径/加速度同类题	11. 斜抛运动最高点曲率半径表达式
499	【包打听分享】2015-2016大学物理期末试卷.pdf	blank	2	重复/同类跳过	三大守恒定律/冲量；已有变力冲量题	12. \(F=6t+3\) 作用 \(0\sim2s\)，求冲量大小
500	【包打听分享】2015-2016大学物理期末试卷.pdf	blank	2	重复/同类跳过	刚体力学；与子弹/质点打入杆端角动量守恒同类	13. 质量 \(m\) 子弹垂直射入匀质杆端并嵌入，求 \(\omega=3v/(2l)\)
501	【包打听分享】2015-2016大学物理期末试卷.pdf	blank	2	重复/同类跳过	气体动理论；已有 Maxwell 分布积分意义题	14. 用 \(f(v)\) 表示分子平均平动动能
502	【包打听分享】2015-2016大学物理期末试卷.pdf	blank	2	重复/同类跳过	机械振动；已有简谐振动总能量公式题	15. 轻弹簧振子固有周期 \(T\)、振幅 \(A\)，求振动能量
503	【包打听分享】2015-2016大学物理期末试卷.pdf	blank	2	重复/同类跳过	机械振动；已有同频同向简谐振动合成题	16. \(x_1=0.05\cos(\omega t+\pi/4)\)、\(x_2=0.05\cos(\omega t+3\pi/4)\) 合成
504	【包打听分享】2015-2016大学物理期末试卷.pdf	blank	2	重复跳过	机械波；已有固定端反射波表达式题	17. 已知固定端 \(x=0\) 处反射波，反推驻波/入射波关系
505	【包打听分享】2015-2016大学物理期末试卷.pdf	blank	2	重复/同类跳过	光的干涉；已有双缝条纹间距题	18. \(D=\SI{300}{mm},d=\SI{0.2}{mm},\lambda=5\times10^{-4}mm\)，求第二级明纹间距
506	【包打听分享】2015-2016大学物理期末试卷.pdf	blank	2	重复/同类跳过	光的干涉；已有牛顿环空气换液体反推折射率题	19. 牛顿环中空气换成液体，由第 \(k\) 暗环半径 \(r_1,r_2\) 求折射率
507	【包打听分享】2015-2016大学物理期末试卷.pdf	blank	2	重复跳过	光的偏振；已有布儒斯特角题	20. 自然光入射玻璃，折射角 \(30^\circ\) 且反射光完全偏振，求 \(n=\sqrt3\)
508	【包打听分享】2015-2016大学物理期末试卷.pdf	calculation	2-3	已写入并复核	刚体力学；见“2015-2016期末：圆盘匀速提升重物后多久反向转动”；本轮人工核对 page-2 题干与 page-3 图示，独立验算 \(a=m_1g/(m_1+m/2)=5m/s^2,\ t=1s\)	21. 圆盘绕绳使 \(1kg\) 物体以 \(\SI{5}{m/s}\) 上升，撤力矩后 \(\SI{1}{s}\) 反向
509	【包打听分享】2015-2016大学物理期末试卷.pdf	calculation	3	重复/同类跳过	机械波；已有由周期、波速和某点状态写波函数题	22. \(u=\SI{2}{m/s},T=\SI{2}{s},A=\SI{0.06}{m}\)，由 \(x\) 点状态写平面波方程
510	【包打听分享】2015-2016大学物理期末试卷.pdf	calculation	3	已写入并复核	光的衍射；见“2015-2016期末：单缝暗纹与光栅主极大怎样分开算”；本轮人工核对原卷图像并复算，单缝用 \(a=10^{-4}m\)，光栅用 \(d=10^{-5}m\)	23. \(\lambda_1=400nm,\lambda_2=600nm\)，单缝暗纹距 \(\SI{1}{mm}\)，光栅主极大距 \(\SI{1}{cm}\)
511	【包打听分享】2015-2016大学物理期末试卷.pdf	calculation	3	已写入并复核	热力学第一定律；见“2015-2016期末：单原子气体沿抛物线回到初态的循环效率”；本轮人工核对原卷图像并独立验算，\(Q_{ab}=12RT_0,Q_{bc}=45RT_0,Q_{ca}=-143RT_0/3,\eta=28/171\)	24. 单原子气体 \(a(V_0,p_0)\to b(V_0,9p_0)\to c(3V_0,9p_0)\to a\)，沿 \(p=p_0V^2/V_0^2\) 返回，求热量和效率
512	【包打听分享】2015-2016大学物理期末试卷.pdf	choice	4	重复/同类跳过	2014-2015 第二学期；质点运动学；无随卷答案页	1. 直线运动 \(y=8-2t\) 类题，给 \(t=3s\) 求坐标
513	【包打听分享】2015-2016大学物理期末试卷.pdf	choice	4	重复跳过	2014-2015 第二学期；动量守恒；已有船人系统题	2. 人从小木船向前水平跳去，湖水静止无阻，求船速变化
514	【包打听分享】2015-2016大学物理期末试卷.pdf	choice	4	重复/同类跳过	2014-2015 第二学期；万有引力/机械能；已有卫星动能与引力势能判断	3. 飞船由地心距离 \(R_1\) 降到 \(R_2\)，求引力场中动能增加量
515	【包打听分享】2015-2016大学物理期末试卷.pdf	choice	4	重复跳过	2014-2015 第二学期；熵变；已有 2012 等温膨胀熵变题	4. \(1mol\) 双原子气体等温由 \(20L\) 到 \(40L\)，熵变 \(R\ln2\approx5.76J/K\)
516	【包打听分享】2015-2016大学物理期末试卷.pdf	choice	4	重复/同类跳过	2014-2015 第二学期；热力学第二定律；已有卡诺循环面积与效率比较题	5. 两条绝热线下阴影面积 \(S_1,S_2\) 比较
517	【包打听分享】2015-2016大学物理期末试卷.pdf	choice	4	重复/同类跳过	2014-2015 第二学期；机械振动；已有由振动图像判断周期题	6. 由简谐振动图像求周期
518	【包打听分享】2015-2016大学物理期末试卷.pdf	choice	4	重复/同类跳过	2014-2015 第二学期；机械波；已有多普勒火车题	7. 机车以 \(30m/s\) 远离/接近静止观察者，求汽笛接收频率
519	【包打听分享】2015-2016大学物理期末试卷.pdf	choice	4	重复/同类跳过	2014-2015 第二学期；机械波；已有相干波源初相差和波程差题	8. 两相干波源到 \(P\) 点路程不同，由相消条件反推 \(S_2\) 振动方程
520	【包打听分享】2015-2016大学物理期末试卷.pdf	choice	5	重复/同类跳过	2014-2015 第二学期；光的干涉；已有劈尖条纹间距和液体改变题	9. 两微柱间液体劈尖，减小 \(L\) 时干涉条纹数目/间距变化
521	【包打听分享】2015-2016大学物理期末试卷.pdf	choice	5	重复/同类跳过	2014-2015 第二学期；光的衍射；已有瑞利判据望远镜分辨率题	10. \(\lambda=\SI{550}{nm}\)、孔径 \(\SI{127}{cm}\) 大型望远镜最小角距离
522	【包打听分享】2015-2016大学物理期末试卷.pdf	blank	5	重复/同类跳过	2014-2015 第二学期；刚体转动运动学	11. 飞轮边缘 \(s=0.1t^3\)、\(r=\SI{2}{m}\)，给线速求切向加速度
523	【包打听分享】2015-2016大学物理期末试卷.pdf	blank	5	重复/同类跳过	2014-2015 第二学期；冲量与动量	12. \(10kg\) 物体受 \(F=30+40t\)，求前 \(2s\) 冲量和末动量
524	【包打听分享】2015-2016大学物理期末试卷.pdf	blank	5	重复跳过	2014-2015 第二学期；气体动理论；与 2007 容器质量体积和方均根速率求压强同题	13. \(V=10^{-2}m^3,M=100g,v_{\rm rms}=300m/s\)，求压强
525	【包打听分享】2015-2016大学物理期末试卷.pdf	blank	5	重复/同类跳过	2014-2015 第二学期；气体动理论；已有 Maxwell 分布积分意义题	14. 用 \(N,f(v)\) 表示速率大于 \(v_0\) 的分子数
526	【包打听分享】2015-2016大学物理期末试卷.pdf	blank	5	重复/同类跳过	2014-2015 第二学期；机械振动；已有两振动图像合成/相位题	15. 由两条简谐振动曲线写合振动方程
527	【包打听分享】2015-2016大学物理期末试卷.pdf	blank	5	重复跳过	2014-2015 第二学期；机械波；已有驻波方程判断相位差题	16. 驻波 \(y=A\cos2\pi x\cos100\pi t\)，求 \(x=1/8,3/8\) 两点相位差
528	【包打听分享】2015-2016大学物理期末试卷.pdf	blank	5	重复跳过	2014-2015 第二学期；光的干涉；已有云母片覆盖双缝题	17. 双缝 \(S_1\) 覆厚度 \(e\)、折射率 \(n\) 云母片，中央明纹移动与光程差
529	【包打听分享】2015-2016大学物理期末试卷.pdf	blank	5	重复/同类跳过	2014-2015 第二学期；薄膜干涉；已有透明薄膜反射/透射最小厚度同类	18. \(\lambda=\SI{600}{nm},n=1.5\) 透明薄膜透射最弱，求最小厚度
530	【包打听分享】2015-2016大学物理期末试卷.pdf	blank	5	重复/同类跳过	2014-2015 第二学期；光的衍射；已有单缝中央明纹宽度题	19. \(a=\SI{1.0}{mm},f=\SI{2.0}{m}\)，中央明纹宽 \(\SI{2.0}{mm}\)，反推波长
531	【包打听分享】2015-2016大学物理期末试卷.pdf	blank	5	重复跳过	2014-2015 第二学期；光的偏振；已有两偏振片马吕斯定律题	20. 自然光过两偏振片后 \(I=3I_0/8\)，求夹角 \(\pi/6\)
532	【包打听分享】2015-2016大学物理期末试卷.pdf	calculation	6	重复/同类跳过	2014-2015 第二学期；刚体力学；与 2014 两小球粘杆后停转时间同模型	21. 两小球同时粘到长 \(2L\) 匀质杆两端，求初角速度和恒阻力矩停转时间
533	【包打听分享】2015-2016大学物理期末试卷.pdf	calculation	6	重复/同类跳过	2014-2015 第二学期；机械波；已有由 \(A,T,\lambda,L\) 与点状态写波函数题	22. 平面波沿 \(+x\) 传播，给 \(A,T,\lambda,L\) 和 \(P\) 点状态，求波动方程
534	【包打听分享】2015-2016大学物理期末试卷.pdf	calculation	6	重复跳过	2014-2015 第二学期；光的衍射；同 2014 光栅相邻主极大和第四级缺级题	23. \(\lambda=\SI{600}{nm}\)，\(\sin\theta=0.2,0.3\) 相邻主极大，第四级缺级
535	【包打听分享】2015-2016大学物理期末试卷.pdf	calculation	6	重复跳过	2014-2015 第二学期；热力学第一定律；同 2014 刚性双原子三角形循环题	24. 刚性双原子气体 \(abca\) 循环，\(T_a=\SI{300}{K}\)，求 \(T_b,T_c,A,Q\)
536	【包打听分享】2015-2016大学物理期末试卷.pdf	choice	7	重复跳过	2013-2014 第二学期 A 卷；与已处理 2013 A 卷同题	1. \(10kg\) 物体受 \(F=3+4t\)，前 \(2s\) 冲量大小
537	【包打听分享】2015-2016大学物理期末试卷.pdf	choice	7	重复/同类跳过	2013-2014 第二学期 A 卷；已有滑块-木槽能量与动量题同类	2. 滑块从 \(1/4\) 圆弧木槽滑下，木槽可水平滑动，求离槽速度
538	【包打听分享】2015-2016大学物理期末试卷.pdf	choice	7	重复/同类跳过	2013-2014 第二学期 A 卷；已有由振动图像写方程题	3. 由 \(x-t\) 图像选简谐振动方程
539	【包打听分享】2015-2016大学物理期末试卷.pdf	choice	7	重复/同类跳过	2013-2014 第二学期 A 卷；已有多普勒火车题	4. 汽车以 \(\SI{25}{m/s}\) 远离鸣笛机车，求乘客听到频率
540	【包打听分享】2015-2016大学物理期末试卷.pdf	choice	7	重复/同类跳过	2013-2014 第二学期 A 卷；已有双缝光程差与明暗判断题	5. 双缝中插玻璃纸使光程多 \(2.5\lambda\)，判断屏上原明纹
541	【包打听分享】2015-2016大学物理期末试卷.pdf	choice	7	重复跳过	2013-2014 第二学期 A 卷；已有劈尖缺陷判断题	6. 劈尖干涉条纹弯曲判断工件表面凸凹与深度
542	【包打听分享】2015-2016大学物理期末试卷.pdf	choice	7	重复跳过	2013-2014 第二学期 A 卷；已有半波带单缝题	7. 单缝波面分成 3 个半波带且衍射角 \(30^\circ\)，求缝宽 \(3\lambda\)
543	【包打听分享】2015-2016大学物理期末试卷.pdf	choice	7	重复跳过	2013-2014 第二学期 A 卷；已有等压升温熵变例题	8. \(1mol\) 单原子气体等压从 \(\SI{300}{K}\) 到 \(\SI{400}{K}\)，熵变 \(\SI{5.98}{J/K}\)
544	【包打听分享】2015-2016大学物理期末试卷.pdf	choice	7	重复/同类跳过	2013-2014 第二学期 A 卷；已有 \(p=(1/3)nm\overline{v^2}\) 与各向同性说明	9. 理想气体中单个方向平均平方速率 \(\overline{v_x^2}=kT/m\)
545	【包打听分享】2015-2016大学物理期末试卷.pdf	choice	8	重复跳过	2013-2014 第二学期 A 卷；已写入 2013 两个卡诺循环效率和净功比较	10. 两个卡诺循环 \(ABCDA\)、\(ABC'D'A\) 的效率和净功关系
546	【包打听分享】2015-2016大学物理期末试卷.pdf	blank	8	重复跳过	2013-2014 第二学期 A 卷；已在 2013 A 卷台账记录	11. 圆周运动 \(\theta=3+2t^2\)，求切向/法向加速度和角加速度
547	【包打听分享】2015-2016大学物理期末试卷.pdf	blank	8	重复跳过	2013-2014 第二学期 A 卷；已在 2013 A 卷台账记录	12. \(m=0.25kg,\ F=t\vec i,\ v_0=2\vec j\)，求位置矢量
548	【包打听分享】2015-2016大学物理期末试卷.pdf	blank	8	重复跳过	2013-2014 第二学期 A 卷；已在 2013 A 卷台账记录	13. \(x=t^3\) 前 \(2s\) 力做功 \(\SI{36}{J}\)
549	【包打听分享】2015-2016大学物理期末试卷.pdf	blank	8	重复/同类跳过	2013-2014 第二学期 A 卷；与子弹穿杆角动量守恒同类	14. 子弹穿过细杆且末速减半，求杆角速度 \(3v/(2L)\)
550	【包打听分享】2015-2016大学物理期末试卷.pdf	blank	8	重复跳过	2013-2014 第二学期 A 卷；已在 2013 A 卷台账记录	15. 两同频同向简谐振动合振幅 \(5\times10^{-2}m\)
551	【包打听分享】2015-2016大学物理期末试卷.pdf	blank	8	重复跳过	2013-2014 第二学期 A 卷；已在 2013 A 卷台账记录	16. \(x_0=3\lambda/8\) 固定端反射波方程
552	【包打听分享】2015-2016大学物理期末试卷.pdf	blank	8	重复跳过	2013-2014 第二学期 A 卷；已在 2013 A 卷台账记录	17. \(n=1.33,\lambda=600nm\) 薄膜反射加强最小厚度 \(112.8nm\)
553	【包打听分享】2015-2016大学物理期末试卷.pdf	blank	8	重复跳过	2013-2014 第二学期 A 卷；已在 2013 A 卷台账记录	18. \(30^\circ\) 完全偏振，玻璃折射率 \(\sqrt3\)
554	【包打听分享】2015-2016大学物理期末试卷.pdf	blank	8	重复跳过	2013-2014 第二学期 A 卷；已写入最概然速率题	19. 由质量、体积、压强求最概然速率
555	【包打听分享】2015-2016大学物理期末试卷.pdf	blank	8	重复跳过	2013-2014 第二学期 A 卷；已写入 He/O2 单位体积内能比较	20. 同压氦气和氧气单位体积内能比较
556	【包打听分享】2015-2016大学物理期末试卷.pdf	calculation	8	重复跳过	2013-2014 第二学期 A 卷；已在 2013 A 卷台账记录	21. 两大小不同定滑轮系统求角加速度和绳张力
557	【包打听分享】2015-2016大学物理期末试卷.pdf	calculation	9	重复/同类跳过	2013-2014 第二学期 A 卷；已有等压/等体升温热量功题同类	22. 氮气 \(p_1,V_1,T_1\) 加热到 \(T_2\)，比较等压、等体热量和功
558	【包打听分享】2015-2016大学物理期末试卷.pdf	calculation	9	重复跳过	2013-2014 第二学期 A 卷；已在 2013 A 卷台账记录	23. 沿 \(-x\) 传播平面波，给 \(t=2s\) 波形和 \(u\)，求 \(\omega\)、\(O\) 点振动和波函数
559	【包打听分享】2015-2016大学物理期末试卷.pdf	calculation	9	重复跳过	2013-2014 第二学期 A 卷；已有两波长第二次重合光栅题	24. \(\lambda_1=440nm,\lambda_2=660nm\) 光栅谱线第二次重合于 \(60^\circ\)，求 \(d\)
560	【包打听分享】2016大学物理.pdf	duplicate	1-9	重复文件跳过	SHA256 与【包打听分享】2015-2016大学物理期末试卷.pdf 完全一致	同一历年题拼页 PDF；正文和台账不再重复展开
561	【包打听分享】2019级大学物理(上)期末考试复习纲要（3学分）.pdf	review	1	跳过	复习纲要；仅知识点清单和计算题可能覆盖范围，无完整独立题干	2019 级大学物理上 3 学分复习纲要
562	【包打听分享】2019级大学物理(上)期末考试复习纲要（4学分）.pdf	review	1	跳过	复习纲要；仅知识点清单和计算题可能覆盖范围，无完整独立题干	2019 级大学物理上 4 学分复习纲要
563	【华工包打听】2014级大学物理1期末复习纲要（3学分）.pdf	review	1	跳过	复习纲要；仅考试范围与重要规律，无完整独立题干	2014 级大学物理 1 期末复习纲要 3 学分
564	【华工包打听】2014级大学物理1期末复习纲要（4学分）.pdf	review	1	跳过	复习纲要；仅考试范围与重要规律，无完整独立题干	2014 级大学物理 1 期末复习纲要 4 学分
565	【华工包打听】2016级大学物理(上)期末考试复习纲要（4学分）.pdf	review	1	跳过	复习纲要；仅考试范围与知识点清单，无完整独立题干	2016 级大学物理上期末复习纲要 4 学分
566	【包打听分享】大学物理 课程总结.pdf	course-summary	1-52	跳过	课程总结课件；文本与抽页均为目录、知识点、公式和图示，无完整独立题干	大学物理课程总结
567	【包打听分享】大学物理 课程总结(1).pdf	duplicate	1-52	重复文件跳过	SHA256 与【包打听分享】大学物理 课程总结.pdf 完全一致	重复课程总结课件
568	【包打听分享】大学物理第二学期公式集.pdf	formula	1-7	跳过	公式集；内容为电磁学、振动波动、光学、现代物理公式和概念图示，无完整独立题干	大学物理第二学期公式集
569	【包打听分享】大学物理第二学期公式集(1).pdf	duplicate	1-7	重复文件跳过	SHA256 与【包打听分享】大学物理第二学期公式集.pdf 完全一致	重复公式集
570	【华工包打听】2010大学物理（上）模拟题.pdf	choice	1	已写入并复核	质点运动学；无答案页；本轮人工核对 page-1 题面并独立验算 \(v=3-15t^2,a=-30t\)，题面括号残留答案不采纳	1. \(x=3t-5t^3+6\)，判断变加速且 \(t>0\) 加速度沿负方向
571	【华工包打听】2010大学物理（上）模拟题.pdf	choice	1	已写入并复核	质点动力学基础；无答案页；本轮人工核对 page-1 图示与题面，升降机系中 \(g_{\rm eff}=3g/2\)，得 \(T=3mg/4\)	2. 升降机以 \(g/2\) 向上加速，等质量 \(A,B\) 连接，求绳张力 \(3mg/4\)
572	【华工包打听】2010大学物理（上）模拟题.pdf	choice	1	重复跳过	三大守恒定律；已写入 2004 椭圆轨道远近点角动量和动能比较	3. 卫星远地点/近地点比较 \(L_A,L_B,E_{KA},E_{KB}\)
573	【华工包打听】2010大学物理（上）模拟题.pdf	choice	1	重复跳过	气体动理论；已有 \(\overline{v_x^2}=kT/m\) 与各向同性说明	4. 理想气体分子速度 \(x\) 分量平方平均值
574	【华工包打听】2010大学物理（上）模拟题.pdf	choice	1	重复/同类跳过	气体动理论；已有 Maxwell 分布与不同分子最概然速率比较题	5. 同温氧气和氢气速率分布曲线及最概然速率比
575	【华工包打听】2010大学物理（上）模拟题.pdf	choice	1-2	重复跳过	机械振动；已有由速度-时间图像读初相同题	6. 由 \(v-t\) 图判断简谐振动初相
576	【华工包打听】2010大学物理（上）模拟题.pdf	choice	2	已写入并复核	机械波；无答案页；本轮人工核对 page-2 图示，裁图 image/pdf-exercises/pdf2010-mock-q07-wave-velocity.png；\(P\) 在下降段且波沿 \(+x\)，由 \(v_y=-u\,\partial y/\partial x\) 得初速 \(+\omega A\)，选 A	7. 沿 \(+x\) 传播简谐波，给 \(t=0\) 波形和周期，选 \(P\) 点速度曲线
577	【华工包打听】2010大学物理（上）模拟题.pdf	choice	2	重复跳过	光的干涉；已有空气劈尖缺陷凸凹和深度判断题	8. 空气劈尖条纹弯曲判断工件表面缺陷
578	【华工包打听】2010大学物理（上）模拟题.pdf	choice	2	重复跳过	光的干涉；与 2007 洛埃镜/高折射率反射面使原明纹变暗同题	9. 双缝明纹遮一缝并加高折射率反射面后判断明暗
579	【华工包打听】2010大学物理（上）模拟题.pdf	choice	2	重复/同类跳过	光的偏振；已有两偏振片马吕斯定律题	10. 自然光过两偏振片且夹角 \(60^\circ\)，透射强度 \(I_0/8\)
580	【华工包打听】2010大学物理（上）模拟题.pdf	blank	3	重复/同类跳过	质点运动学；已有切向/法向加速度和圆周运动同类题	11. 质点从静止沿半径 \(R=3m\) 圆周运动，\(a_t=3m/s^2\)，求时间和路程
581	【华工包打听】2010大学物理（上）模拟题.pdf	blank	3	重复跳过	三大守恒定律；已有 \(F=(4+5x)\vec i\) 从 \(x=0\) 到 \(10m\) 做功同题	12. 变力沿 \(x\) 轴做功 \(290J\)
582	【华工包打听】2010大学物理（上）模拟题.pdf	blank	3	已写入并复核	三大守恒定律；无答案页；本轮人工核对 page-3 题面，独立确认末态人对地速度为 \(V+v\)，方程 \((M+m)v_0=MV+m(V+v)\)	13. 运动小车上人以相对车速度 \(v\) 向前走，写动量守恒并求车速
583	【华工包打听】2010大学物理（上）模拟题.pdf	blank	3	重复/同类跳过	热力学第一定律；已有 \(p\)-\(V\) 图判断 \(Q,\Delta E\) 同类题	14. 理想气体沿 \(a\to b\to c\) 过程，判断 \(Q\) 和 \(\Delta E\) 符号
584	【华工包打听】2010大学物理（上）模拟题.pdf	blank	3	已写入并复核	热力学第一定律；无答案页；本轮人工核对 page-3 题面，独立验算 \(T_1=300K,T_2=200K,n=10mol,\eta=1/3,A\approx8.31\times10^3J\)	15. 290 g 空气卡诺热机，\(27^\circ C/-73^\circ C\)，体积比 \(2.718\)，求效率和功
585	【华工包打听】2010大学物理（上）模拟题.pdf	blank	3	重复/同类跳过	机械波；已有平面简谐波相位差与波程差公式讲解	16. \(y=A\cos(Dt-Ex)\)，求传播方向上相距 \(a\) 两点相位差
586	【华工包打听】2010大学物理（上）模拟题.pdf	blank	3	重复/同类跳过	机械振动；已有同方向简谐振动合成图像题	17. 两同方向简谐振动曲线求合振幅和合振动方程
587	【华工包打听】2010大学物理（上）模拟题.pdf	blank	3-4	已写入并复核	光的干涉；无答案页；本轮人工核对 page-3/4 图示，已修正文中自绘入射方向并按源图定号为 \(\Delta\phi_{12}=2\pi[(n_1-n_2)e-d\sin\theta]/\lambda\)	18. 双缝各覆 \(n_1,n_2\) 膜且斜入射，求中央 \(O\) 相位差
588	【华工包打听】2010大学物理（上）模拟题.pdf	blank	4	重复/同类跳过	光的衍射；已有单缝中央明纹边缘与暗纹条件同类题	19. 单缝宽为 \(2\lambda\)，求中央明纹边缘衍射角
589	【华工包打听】2010大学物理（上）模拟题.pdf	blank	4	重复/同类跳过	光的偏振；已有布儒斯特角与折射角/折射率题	20. 自然光 \(60^\circ\) 入射玻璃，反射光完全偏振，求折射角和折射率
590	【华工包打听】2010大学物理（上）模拟题.pdf	calculation	4	已写入并复核	刚体力学；无答案页；本轮人工核对 page-4 题面，独立验算 \(S=at^2/2\) 与 \(mg-T=ma,Tr=J\alpha,a=r\alpha\)，得 \(J=mr^2(gt^2/(2S)-1)\)	21. 质量 \(m\) 下落 \(S\) 用时 \(t\)，绳绕半径 \(r\) 轮轴，求转动惯量
591	【华工包打听】2010大学物理（上）模拟题.pdf	calculation	4	重复跳过	热力学第一定律；正文已有 1 mol 氮气等压膨胀、等体升压、等温膨胀同题	22. 氮气三段过程求全部过程作功、吸热和内能变化
592	【华工包打听】2010大学物理（上）模拟题.pdf	calculation	4	已写入并复核	机械波；无答案页；本轮人工核对 page-4 并高分辨率裁图 image/pdf-exercises/pdf2010-mock-q23-two-waveforms.png；读得 \(\lambda=160m\)、2s 右移 20m，故 \(u=10m/s,\omega=\pi/8,k=\pi/80,\varphi_0=\pi/4\)	23. 两时刻平面余弦波波形图，求 \(O\) 点振动方程和波函数
593	【华工包打听】2010大学物理（上）模拟题.pdf	calculation	5	重复跳过	光的衍射；已有光栅二级 \(30^\circ\)、第三级缺级求 \(d,a\) 和级次同题	24. \(\lambda=600nm\) 光栅第二级 \(30^\circ\) 且第三级缺级
594	【华工包打听】2010大学物理（上）模拟题.pdf	calculation	5	重复跳过	光的衍射；已有两波长 \(440/660nm\) 第二次重合于 \(60^\circ\) 光栅题	25. 两种波长谱线第二次重合，求光栅常数
595	【华工包打听】2010大学物理（上）模拟题.pdf	calculation	5	题图缺失/重复跳过	热力学第一定律；本轮人工核对 page-5 且 pdfinfo 确认全卷仅 5 页，题干称“如图”但页面未给循环图；无法唯一确定状态路径，正文已有同类 \(T_A=300K\) 循环题	26. 理想气体循环过程，已知 \(T_A=300K\)，求 \(T_B,T_C\)、功和吸热代数和
596	【包打听分享】2003级大学物理（I）期末试卷及解答.pdf	audit-note	1-11	人工复核完成	旧台账 162-187 行乱码已修复为逐题记录；本轮逐页核对原卷、答案页与 physics.tex；发现并修正第 25 题波长/数值误录	2003 级大学物理 I 期末试卷及解答，不再依赖 alias 兜底
597	【包打听分享】2013级大学物理1期末复习纲要（4学分）.pdf	review	1	跳过	复习纲要；仅考试范围、重要规律和知识点清单，无完整独立题干	2013 级大学物理 I 复习纲要 4 学分
598	【包打听分享】2013级用~大学物理近五年试卷综合.pdf	duplicate-section	1-12,17-23	重复/资料跳过	合集前段为已按单独 PDF 处理的大物 I 历年试卷和答案；页脚第 17 页为复习纲要	仅 2010级大学物理 II A 卷作为本轮新题源逐题处理
599	【包打听分享】2013级用~大学物理近五年试卷综合.pdf	choice	13	已写入	静电场；连续带电体积分；答案 A	1. 长 \(2L\)、总电荷 \(q\) 均匀带电细杆，求延长线上距端点 \(L\) 处场强 \(q/(12\pi\varepsilon_0L^2)\)
600	【包打听分享】2013级用~大学物理近五年试卷综合.pdf	choice	13	重复/同类跳过	静电场；静电力做功路径无关，已有电势与做功同类题；答案 D	2. 两点电荷与矩形路径，单位正电荷从 \(C\) 到 \(F\) 的电场力做功
601	【包打听分享】2013级用~大学物理近五年试卷综合.pdf	choice	13	重复/同类跳过	电容与电场力；已有平行板电容器电场能和电场压强同类题；答案 B	3. 面积 \(S\) 平行板带 \(\pm q\)，求两板间相互作用力
602	【包打听分享】2013级用~大学物理近五年试卷综合.pdf	choice	13	重复/同类跳过	磁场对线圈力矩；已有磁矩 \(m=IS\) 与最大力矩例题；答案 C	4. 两线圈面积和电流均成 2 倍，比较最大磁力矩
603	【包打听分享】2013级用~大学物理近五年试卷综合.pdf	choice	14	重复/同类跳过	电磁感应；已有长直螺线管自感和磁场能量例题；答案 C	5. 两长直螺线管半径和磁导率不同，串联后比较自感与磁能
604	【包打听分享】2013级用~大学物理近五年试卷综合.pdf	choice	14	重复/同类跳过	狭义相对论；已有长度收缩和本征长度例题；答案 C	6. 地球系 5 光年路程在宇航员系缩短为 3 光年，求 \(v=4c/5\)
605	【包打听分享】2013级用~大学物理近五年试卷综合.pdf	choice	14	已写入	早期量子论；光电效应与磁场圆周半径联用；答案 B	7. 红限波长 \(\lambda_0\)，光电子在磁场中半径 \(R\)，求光子能量
606	【包打听分享】2013级用~大学物理近五年试卷综合.pdf	choice	14	重复/同类跳过	量子力学基础；已有加速电子德布罗意波长例题；答案 D	8. 电子显微镜电子波长 \(\SI{0.04}{nm}\)，反求加速电压约 \(\SI{940}{V}\)
607	【包打听分享】2013级用~大学物理近五年试卷综合.pdf	choice	14	重复/同类跳过	量子力学基础；已有氢原子量子数取值范围系统讲解；答案 A	9. 氢原子 M 壳层可能量子数 \((n,l,m_l,m_s)\)
608	【包打听分享】2013级用~大学物理近五年试卷综合.pdf	choice	14	重复跳过	量子力学基础；正文已有一维无限深势阱 \(0\) 到 \(a/4\) 概率精确同题；答案 B	10. 无限深势阱基态在 \(0\le x\le a/4\) 的概率
609	【包打听分享】2013级用~大学物理近五年试卷综合.pdf	blank	15	重复/同类跳过	静电场中的导体；已有大平板表面电荷分布和场强同类题	11. 带正电金属板移近中性金属板，求 \(U_{AB}=Qd/(2\varepsilon_0S)\)
610	【包打听分享】2013级用~大学物理近五年试卷综合.pdf	blank	15	重复/同类跳过	电容器与介质；已有接电源插入电介质时能量变化同类讲解	12. 接在电路中的平板电容器填满介质后，电场能量为原来的 \(\varepsilon_r\) 倍
611	【包打听分享】2013级用~大学物理近五年试卷综合.pdf	blank	15	重复/同类跳过	磁介质与安培环路定理；已有同轴电缆/圆柱分段磁场同类题	13. 同轴电缆内导体均匀载流，求 \(r<R_1\) 处 \(B=\mu_0Ir/(2\pi R_1^2)\)
612	【包打听分享】2013级用~大学物理近五年试卷综合.pdf	blank	15	重复/同类跳过	磁场中的带电粒子；已有霍耳效应方向判断讲解	14. 矩形金属条通电置于磁场中，判断负电子积累在上侧
613	【包打听分享】2013级用~大学物理近五年试卷综合.pdf	blank	15	重复/同类跳过	磁矩与磁场力矩；已有线圈磁矩势能和力矩做功同类题	15. 圆线圈磁矩由同向转为反向，外力做功 \(1.256\times10^{-3}J\)
614	【包打听分享】2013级用~大学物理近五年试卷综合.pdf	blank	15	重复/同类跳过	载流导线受力；已有弧形导线受力等效端点弦线同类题	16. \(1/4\) 圆弧载流导线在匀强磁场中受力大小 \(2BIR\)
615	【包打听分享】2013级用~大学物理近五年试卷综合.pdf	blank	15	已写入	电磁感应；小环 \(r\ll R\)，用大环中心近似均匀磁场求磁通变化	17. 大圆环电流 \(I=t\)，中心小圆环感应电动势 \(\mu_0\pi r^2/(2R)\)
616	【包打听分享】2013级用~大学物理近五年试卷综合.pdf	blank	16	重复/同类跳过	麦克斯韦方程组；已有电容器位移电流与磁场例题	18. 圆板电容器放电 \(E=E_0e^{-t}\)，位移电流大小 \(\pi R^2\varepsilon_0E_0e^{-t}\)
617	【包打听分享】2013级用~大学物理近五年试卷综合.pdf	blank	16	重复/同类跳过	早期量子论；已有康普顿散射波长改变量例题	19. 康普顿散射角 \(90^\circ\) 与 \(60^\circ\) 的 \(\Delta\lambda\) 比为 2
618	【包打听分享】2013级用~大学物理近五年试卷综合.pdf	blank	16	重复/同类跳过	量子力学基础；已有不确定关系数值估算同类题	20. 电子限制在 \(\Delta x=\SI{0.05}{nm}\) 内，估算 \(\Delta p_x=1.33\times10^{-23}kg\,m/s\)
619	【包打听分享】2013级用~大学物理近五年试卷综合.pdf	calculation	16	已写入	静电场；非均匀球对称电荷分布，高斯定理和球外电势	21. \(\rho=qr/(\pi R^4)\) 带电球体，求球内外场强和球外电势
620	【包打听分享】2013级用~大学物理近五年试卷综合.pdf	calculation	16	已写入	稳恒磁场；把无限长载流平板拆成平行长直电流条积分	22. 宽 \(a\)、线电流密度 \(\delta\) 的无限长载流平板，外点 \(B=\mu_0\delta\ln((a+b)/b)/(2\pi)\)
621	【包打听分享】2013级用~大学物理近五年试卷综合.pdf	calculation	16	已写入	电磁感应；动生电动势，用辅助弦线和端电压符号校验	23. 长直导线旁半圆导体平移，求 \(\mathcal{E}\) 方向 \(N\to M\) 与 \(U_M-U_N\)
622	【包打听分享】2013级用~大学物理近五年试卷综合.pdf	calculation	16	重复/同类跳过	狭义相对论；已有相对论总能量和动能例题	24. 电子 \(v=0.6c\)，总能量 \(1.25E_0\)，动能 \(0.25E_0\)
623	【包打听分享】2013级用~大学物理近五年试卷综合.pdf	calculation	16	已写入	早期量子论；氢原子吸收光子到 \(n=4\) 后最多谱线数	25. 基态氢原子吸收 \(\SI{12.75}{eV}\) 光子，激发到 \(n=4\)，最多 6 条谱线
